0	0
1	0
2	0
3	0
4	0
5	0
6	0
7	0
8	0
9	0
10	0
11	0
12	0
13	0
14	0
15	0
16	0
17	0
18	0
19	0
20	0
21	0
22	0
23	0
24	0
25	0
26	0
27	0
28	0
29	0
30	0
31	0
32	0
33	0
34	0
35	0
36	0
37	0
38	0
39	0
40	0
41	0
42	0
43	0
44	0
45	0
46	0
47	0
48	0
49	0
50	0
51	0
52	0
53	0
54	0
55	0
56	0
57	0
58	0
59	0
60	0
61	0
62	0
63	0
64	0
65	0
66	0
67	0
68	0
69	0
70	0
71	0
72	0
73	0
74	0
75	0
76	0
77	0
78	0
79	0
80	0
81	0
82	0
83	0
84	0
85	0
86	0
87	0
88	0
89	0
90	0
91	0
92	0
93	0
94	0
95	0
96	0
97	0
98	0
99	0
100	0
101	0
102	0
103	0
104	0
105	0
106	0
107	0
108	0
109	0
110	0
111	0
112	0
113	0
114	0
115	0
116	0
117	0
118	0
119	0
120	0
121	0
122	0
123	0
124	0
125	0
126	0
127	0
128	0
129	0
130	0
131	0
132	0
133	0
134	0
135	0
136	0
137	0
138	0
139	0
140	0
141	0
142	0
143	0
144	0
145	0
146	0
147	0
148	0
149	0
150	0
151	0
152	0
153	0
154	0
155	0
156	0
157	0
158	0
159	0
160	0
161	0
162	0
163	0
164	0
165	0
166	0
167	0
168	0
169	0
170	0
171	0
172	0
173	0
174	0
175	0
176	0
177	0
178	0
179	0
180	0
181	0
182	0
183	0
184	0
185	0
186	0
187	0
188	0
189	0
190	0
191	0
192	0
193	0
194	0
195	0
196	0
197	0
198	0
199	0
200	0
201	0
202	0
203	0
204	0
205	0
206	0
207	0
208	0
209	0
210	0
211	0
212	0
213	0
214	0
215	0
216	0
217	0
218	0
219	0
220	0
221	0
222	0
223	0
224	0
225	0
226	0
227	0
228	0
229	0
230	0
231	0
232	0
233	0
234	0
235	0
236	0
237	0
238	0
239	0
240	0
241	0
242	0
243	0
244	0
245	0
246	0
247	0
248	0
249	0
250	0
251	0
252	0
253	0
254	0
255	0
256	0
257	0
258	0
259	0
260	0
261	0
262	0
263	0
264	0
265	0
266	0
267	0
268	0
269	0
270	0
271	0
272	0
273	0
274	0
275	0
276	0
277	0
278	0
279	0
280	0
281	0
282	0
283	0
284	0
285	0
286	0
287	0
288	0
289	0
290	0
291	0
292	0
293	0
294	0
295	0
296	0
297	0
298	0
299	0
300	0
301	0
302	0
303	0
304	0
305	0
306	0
307	0
308	0
309	0
310	0
311	0
312	0
313	0
314	0
315	0
316	0
317	0
318	0
319	0
320	0
321	0
322	0
323	0
324	0
325	0
326	0
327	0
328	0
329	0
330	0
331	0
332	0
333	0
334	0
335	0
336	0
337	0
338	0
339	0
340	0
341	0
342	0
343	0
344	0
345	0
346	0
347	0
348	0
349	0
350	0
351	0
352	0
353	0
354	0
355	0
356	0
357	0
358	0
359	0
360	0
361	0
362	0
363	0
364	0
365	0
366	0
367	0
368	0
369	0
370	0
371	0
372	0
373	0
374	0
375	0
376	0
377	0
378	0
379	0
380	0
381	0
382	0
383	0
384	0
385	0
386	0
387	0
388	0
389	0
390	0
391	0
392	0
393	0
394	0
395	0
396	0
397	0
398	0
399	0
400	0
401	0
402	0
403	0
404	0
405	0
406	0
407	0
408	0
409	0
410	0
411	0
412	0
413	0
414	0
415	0
416	0
417	0
418	0
419	0
420	0
421	0
422	0
423	0
424	0
425	0
426	0
427	0
428	0
429	0
430	0
431	0
432	0
433	0
434	0
435	0
436	0
437	0
438	0
439	0
440	0
441	0
442	0
443	0
444	0
445	0
446	0
447	0
448	0
449	0
450	0
451	0
452	0
453	0
454	0
455	0
456	0
457	0
458	0
459	0
460	0
461	0
462	0
463	0
464	0
465	0
466	0
467	0
468	0
469	0
470	0
471	0
472	0
473	0
474	0
475	0
476	0
477	0
478	0
479	0
480	0
481	0
482	0
483	0
484	0
485	0
486	0
487	0
488	0
489	0
490	0
491	0
492	0
493	0
494	0
495	0
496	0
497	0
498	0
499	0
500	0
501	0
502	0
503	0
504	0
505	0
506	0
507	0
508	0
509	0
510	0
511	0
512	0
513	0
514	0
515	0
516	0
517	0
518	0
519	0
520	0
521	0
522	0
523	0
524	0
525	0
526	0
527	0
528	0
529	0
530	0
531	0
532	0
533	0
534	0
535	0
536	0
537	0
538	0
539	0
540	0
541	0
542	0
543	0
544	0
545	0
546	0
547	0
548	0
549	0
550	0
551	0
552	0
553	0
554	0
555	0
556	0
557	0
558	0
559	0
560	0
561	0
562	0
563	0
564	0
565	0
566	0
567	0
568	0
569	0
570	0
571	0
572	0
573	0
574	0
575	0
576	0
577	0
578	0
579	0
580	0
581	0
582	0
583	0
584	0
585	0
586	0
587	0
588	0
589	0
590	0
591	0
592	0
593	0
594	0
595	0
596	0
597	0
598	0
599	0
600	0
601	0
602	0
603	0
604	0
605	0
606	0
607	0
608	0
609	0
610	0
611	0
612	0
613	0
614	0
615	0
616	0
617	0
618	0
619	0
620	0
621	0
622	0
623	0
624	0
625	0
626	0
627	0
628	0
629	0
630	0
631	0
632	0
633	0
634	0
635	0
636	0
637	0
638	0
639	0
640	0
641	0
642	0
643	0
644	0
645	0
646	0
647	0
648	0
649	0
650	0
651	0
652	0
653	0
654	0
655	0
656	0
657	0
658	0
659	0
660	0
661	0
662	0
663	0
664	0
665	0
666	0
667	0
668	0
669	0
670	0
671	0
672	0
673	0
674	0
675	0
676	0
677	0
678	0
679	0
680	0
681	0
682	0
683	0
684	0
685	0
686	0
687	0
688	0
689	0
690	0
691	0
692	0
693	0
694	0
695	0
696	0
697	0
698	0
699	0
700	0
701	0
702	0
703	0
704	0
705	0
706	0
707	0
708	0
709	0
710	0
711	0
712	0
713	0
714	0
715	0
716	0
717	0
718	0
719	0
720	0
721	0
722	0
723	0
724	0
725	0
726	0
727	0
728	0
729	0
730	0
731	0
732	0
733	0
734	0
735	0
736	0
737	0
738	0
739	0
740	0
741	0
742	0
743	0
744	0
745	0
746	0
747	0
748	0
749	0
750	0
751	0
752	0
753	0
754	0
755	0
756	0
757	0
758	0
759	0
760	0
761	0
762	0
763	0
764	0
765	0
766	0
767	0
768	0
769	0
770	0
771	0
772	0
773	0
774	0
775	0
776	0
777	0
778	0
779	0
780	0
781	0
782	0
783	0
784	0
785	0
786	0
787	0
788	0
789	0
790	0
791	0
792	0
793	0
794	0
795	0
796	0
797	0
798	0
799	0
800	0
801	0
802	0
803	0
804	0
805	0
806	0
807	0
808	0
809	0
810	0
811	0
812	0
813	0
814	0
815	0
816	0
817	0
818	0
819	0
820	0
821	0
822	0
823	0
824	0
825	0
826	0
827	0
828	0
829	0
830	0
831	0
832	0
833	0
834	0
835	0
836	0
837	0
838	0
839	0
840	0
841	0
842	0
843	0
844	0
845	0
846	0
847	0
848	0
849	0
850	0
851	0
852	0
853	0
854	0
855	0
856	0
857	0
858	0
859	0
860	0
861	0
862	0
863	0
864	0
865	0
866	0
867	0
868	0
869	0
870	0
871	0
872	0
873	0
874	0
875	0
876	0
877	0
878	0
879	0
880	0
881	0
882	0
883	0
884	0
885	0
886	0
887	0
888	0
889	0
890	0
891	0
892	0
893	0
894	0
895	0
896	0
897	0
898	0
899	0
900	0
901	0
902	0
903	0
904	0
905	0
906	0
907	0
908	0
909	0
910	0
911	0
912	0
913	0
914	0
915	0
916	0
917	0
918	0
919	0
920	0
921	0
922	0
923	0
924	0
925	0
926	0
927	0
928	0
929	0
930	0
931	0
932	0
933	0
934	0
935	0
936	0
937	0
938	0
939	0
940	0
941	0
942	0
943	0
944	0
945	0
946	0
947	0
948	0
949	0
950	0
951	0
952	0
953	0
954	0
955	0
956	0
957	0
958	0
959	0
960	0
961	0
962	0
963	0
964	0
965	0
966	0
967	0
968	0
969	0
970	0
971	0
972	0
973	0
974	0
975	0
976	0
977	0
978	0
979	0
980	0
981	0
982	0
983	0
984	0
985	0
986	0
987	0
988	0
989	0
990	0
991	0
992	0
993	0
994	0
995	0
996	0
997	0
998	0
999	0
1000	0
1001	0
1002	0
1003	0
1004	0
1005	0
1006	0
1007	0
1008	0
1009	0
1010	0
1011	0
1012	0
1013	0
1014	0
1015	0
1016	0
1017	0
1018	0
1019	0
1020	0
1021	0
1022	0
1023	0
1024	0
1025	0
1026	0
1027	0
1028	0
1029	0
1030	0
1031	0
1032	0
1033	0
1034	0
1035	0
1036	0
1037	0
1038	0
1039	0
1040	0
1041	0
1042	0
1043	0
1044	0
1045	0
1046	0
1047	0
1048	0
1049	0
1050	0
1051	0
1052	0
1053	0
1054	0
1055	0
1056	0
1057	0
1058	0
1059	0
1060	0
1061	0
1062	0
1063	0
1064	0
1065	0
1066	0
1067	0
1068	0
1069	0
1070	0
1071	0
1072	0
1073	0
1074	0
1075	0
1076	0
1077	0
1078	0
1079	0
1080	0
1081	0
1082	0
1083	0
1084	0
1085	0
1086	0
1087	0
1088	0
1089	0
1090	0
1091	0
1092	0
1093	0
1094	0
1095	0
1096	0
1097	0
1098	0
1099	0
1100	0
1101	0
1102	0
1103	0
1104	0
1105	0
1106	0
1107	0
1108	0
1109	0
1110	0
1111	0
1112	0
1113	0
1114	0
1115	0
1116	0
1117	0
1118	0
1119	0
1120	0
1121	0
1122	0
1123	0
1124	0
1125	0
1126	0
1127	0
1128	0
1129	0
1130	0
1131	0
1132	0
1133	0
1134	0
1135	0
1136	0
1137	0
1138	0
1139	0
1140	0
1141	0
1142	0
1143	0
1144	0
1145	0
1146	0
1147	0
1148	0
1149	0
1150	0
1151	0
1152	0
1153	0
1154	0
1155	0
1156	0
1157	0
1158	0
1159	0
1160	0
1161	0
1162	0
1163	0
1164	0
1165	0
1166	0
1167	0
1168	0
1169	0
1170	0
1171	0
1172	0
1173	0
1174	0
1175	0
1176	0
1177	0
1178	0
1179	0
1180	0
1181	0
1182	0
1183	0
1184	0
1185	0
1186	0
1187	0
1188	0
1189	0
1190	0
1191	0
1192	0
1193	0
1194	0
1195	0
1196	0
1197	0
1198	0
1199	0
1200	0
1201	0
1202	0
1203	0
1204	0
1205	0
1206	0
1207	0
1208	0
1209	0
1210	0
1211	0
1212	0
1213	0
1214	0
1215	0
1216	0
1217	0
1218	0
1219	0
1220	0
1221	0
1222	0
1223	0
1224	0
1225	0
1226	0
1227	0
1228	0
1229	0
1230	0
1231	0
1232	0
1233	0
1234	0
1235	0
1236	0
1237	0
1238	0
1239	0
1240	0
1241	0
1242	0
1243	0
1244	0
1245	0
1246	0
1247	0
1248	0
1249	0
1250	0
1251	0
1252	0
1253	0
1254	0
1255	0
1256	0
1257	0
1258	0
1259	0
1260	0
1261	0
1262	0
1263	0
1264	0
1265	0
1266	0
1267	0
1268	0
1269	0
1270	0
1271	0
1272	0
1273	0
1274	0
1275	0
1276	0
1277	0
1278	0
1279	0
1280	0
1281	0
1282	0
1283	0
1284	0
1285	0
1286	0
1287	0
1288	0
1289	0
1290	0
1291	0
1292	0
1293	0
1294	0
1295	0
1296	0
1297	0
1298	0
1299	0
1300	0
1301	0
1302	0
1303	0
1304	0
1305	0
1306	0
1307	0
1308	0
1309	0
1310	0
1311	0
1312	0
1313	0
1314	0
1315	0
1316	0
1317	0
1318	0
1319	0
1320	0
1321	0
1322	0
1323	0
1324	0
1325	0
1326	0
1327	0
1328	0
1329	0
1330	0
1331	0
1332	0
1333	0
1334	0
1335	0
1336	0
1337	0
1338	0
1339	0
1340	0
1341	0
1342	0
1343	0
1344	0
1345	0
1346	0
1347	0
1348	0
1349	0
1350	0
1351	0
1352	0
1353	0
1354	0
1355	0
1356	0
1357	0
1358	0
1359	0
1360	0
1361	0
1362	0
1363	0
1364	0
1365	0
1366	0
1367	0
1368	0
1369	0
1370	0
1371	0
1372	0
1373	0
1374	0
1375	0
1376	0
1377	0
1378	0
1379	0
1380	0
1381	0
1382	0
1383	0
1384	0
1385	0
1386	0
1387	0
1388	0
1389	0
1390	0
1391	0
1392	0
1393	0
1394	0
1395	0
1396	0
1397	0
1398	0
1399	0
1400	0
1401	0
1402	0
1403	0
1404	0
1405	0
1406	0
1407	0
1408	0
1409	0
1410	0
1411	0
1412	0
1413	0
1414	0
1415	0
1416	0
1417	0
1418	0
1419	0
1420	0
1421	0
1422	0
1423	0
1424	0
1425	0
1426	0
1427	0
1428	0
1429	0
1430	0
1431	0
1432	0
1433	0
1434	0
1435	0
1436	0
1437	0
1438	0
1439	0
1440	0
1441	0
1442	0
1443	0
1444	0
1445	0
1446	0
1447	0
1448	0
1449	0
1450	0
1451	0
1452	0
1453	0
1454	0
1455	0
1456	0
1457	0
1458	0
1459	0
1460	0
1461	0
1462	0
1463	0
1464	0
1465	0
1466	0
1467	0
1468	0
1469	0
1470	0
1471	0
1472	0
1473	0
1474	0
1475	0
1476	0
1477	0
1478	0
1479	0
1480	0
1481	0
1482	0
1483	0
1484	0
1485	0
1486	0
1487	0
1488	0
1489	0
1490	0
1491	0
1492	0
1493	0
1494	0
1495	0
1496	0
1497	0
1498	0
1499	0
1500	0
1501	0
1502	0
1503	0
1504	0
1505	0
1506	0
1507	0
1508	0
1509	0
1510	0
1511	0
1512	0
1513	0
1514	0
1515	0
1516	0
1517	0
1518	0
1519	0
1520	0
1521	0
1522	0
1523	0
1524	0
1525	0
1526	0
1527	0
1528	0
1529	0
1530	0
1531	0
1532	0
1533	0
1534	0
1535	0
1536	0
1537	0
1538	0
1539	0
1540	0
1541	0
1542	0
1543	0
1544	0
1545	0
1546	0
1547	0
1548	0
1549	0
1550	0
1551	0
1552	0
1553	0
1554	0
1555	0
1556	0
1557	0
1558	0
1559	0
1560	0
1561	0
1562	0
1563	0
1564	0
1565	0
1566	0
1567	0
1568	0
1569	0
1570	0
1571	0
1572	0
1573	0
1574	0
1575	0
1576	0
1577	0
1578	0
1579	0
1580	0
1581	0
1582	0
1583	0
1584	0
1585	0
1586	0
1587	0
1588	0
1589	0
1590	0
1591	0
1592	0
1593	0
1594	0
1595	0
1596	0
1597	0
1598	0
1599	0
1600	0
1601	0
1602	0
1603	0
1604	0
1605	0
1606	0
1607	0
1608	0
1609	0
1610	0
1611	0
1612	0
1613	0
1614	0
1615	0
1616	0
1617	0
1618	0
1619	0
1620	0
1621	0
1622	0
1623	0
1624	0
1625	0
1626	0
1627	0
1628	0
1629	0
1630	0
1631	0
1632	0
1633	0
1634	0
1635	0
1636	0
1637	0
1638	0
1639	0
1640	0
1641	0
1642	0
1643	0
1644	0
1645	0
1646	0
1647	0
1648	0
1649	0
1650	0
1651	0
1652	0
1653	0
1654	0
1655	0
1656	0
1657	0
1658	0
1659	0
1660	0
1661	0
1662	0
1663	0
1664	0
1665	0
1666	0
1667	0
1668	0
1669	0
1670	0
1671	0
1672	0
1673	0
1674	0
1675	0
1676	0
1677	0
1678	0
1679	0
1680	0
1681	0
1682	0
1683	0
1684	0
1685	0
1686	0
1687	0
1688	0
1689	0
1690	0
1691	0
1692	0
1693	0
1694	0
1695	0
1696	0
1697	0
1698	0
1699	0
1700	0
1701	0
1702	0
1703	0
1704	0
1705	0
1706	0
1707	0
1708	0
1709	0
1710	0
1711	0
1712	0
1713	0
1714	0
1715	0
1716	0
1717	0
1718	0
1719	0
1720	0
1721	0
1722	0
1723	0
1724	0
1725	0
1726	0
1727	0
1728	0
1729	0
1730	0
1731	0
1732	0
1733	0
1734	0
1735	0
1736	0
1737	0
1738	0
1739	0
1740	0
1741	0
1742	0
1743	0
1744	0
1745	0
1746	0
1747	0
1748	0
1749	0
1750	0
1751	0
1752	0
1753	0
1754	0
1755	0
1756	0
1757	0
1758	0
1759	0
1760	0
1761	0
1762	0
1763	0
1764	0
1765	0
1766	0
1767	0
1768	0
1769	0
1770	0
1771	0
1772	0
1773	0
1774	0
1775	0
1776	0
1777	0
1778	0
1779	0
1780	0
1781	0
1782	0
1783	0
1784	0
1785	0
1786	0
1787	0
1788	0
1789	0
1790	0
1791	0
1791.16	15.55
1792.14	15.6
1793.14	15.6
1794.14	15.6
1795.14	15.6
1796.14	15.6
1797.14	15.6
1798.14	15.6
1799.14	15.6
1800.14	15.6
1801.14	15.6
1802.14	15.6
1803.14	15.6
1804.14	15.6
1805.14	15.6
1806.14	15.6
1807.14	15.6
1808.14	15.6
1809.14	15.6
1810.14	15.6
1811.14	15.6
1812.14	15.6
1813.14	15.6
1814.14	15.6
1815.14	15.6
1816.14	15.6
1817.14	15.6
1818.14	15.6
1819.14	15.6
1820.14	15.6
1821.14	15.6
1822.14	15.6
1823.14	15.6
1824.14	15.6
1825.14	15.6
1826.14	15.6
1827.14	15.6
1828.14	15.6
1829.14	15.6
1830.14	15.6
1831.14	15.6
1832.14	15.6
1833.14	15.6
1834.14	15.6
1835.14	15.6
1836.14	15.6
1837.14	15.6
1838.14	15.6
1839.14	15.6
1840.14	15.6
1841.14	15.6
1842.14	15.6
1843.14	15.6
1844.14	15.6
1845.14	15.6
1846.14	15.6
1847.14	15.6
1848.14	15.6
1849.14	15.6
1850.14	15.6
1851.14	15.6
1852.14	15.6
1853.14	15.6
1854.14	15.6
1855.14	15.6
1856.14	15.6
1857.14	15.6
1858.14	15.6
1859.14	15.6
1860.14	15.6
1861.14	15.6
1862.14	15.6
1863.14	15.6
1864.14	15.6
1865.14	15.6
1866.14	15.6
1867.14	15.6
1868.14	15.6
1869.14	15.6
1870.14	15.6
1871.14	15.6
1872.14	15.6
1873.14	15.6
1874.14	15.6
1875.14	15.6
1876.14	15.6
1877.14	15.6
1878.14	15.6
1879.14	15.6
1880.14	15.6
1881.14	15.6
1882.14	15.6
1883.14	15.6
1884.14	15.6
1885.14	15.6
1886.14	15.6
1887.14	15.6
1888.14	15.6
1889.14	15.6
1890.14	15.6
1891.14	15.6
1892.14	15.6
1893.14	15.6
1894.14	15.6
1895.14	15.6
1896.14	15.6
1897.14	15.6
1898.14	15.6
1899.14	15.6
1900.14	15.6
1901.14	15.6
1902.14	15.6
1903.14	15.6
1904.14	15.6
1905.14	15.6
1906.14	15.6
1907.14	15.6
1908.14	15.6
1909.14	15.6
1910.14	15.6
1911.14	15.6
1912.14	15.6
1913.14	15.6
1914.14	15.6
1915.14	15.6
1916.14	15.6
1917.14	15.6
1918.14	15.6
1919.14	15.6
1920.14	15.6
1921.14	15.6
1922.14	15.6
1923.14	15.6
1924.14	15.6
1925.14	15.6
1926.14	15.6
1927.14	15.6
1928.14	15.6
1929.14	15.6
1930.14	15.6
1931.14	15.6
1932.14	15.6
1933.14	15.6
1934.14	15.6
1935.14	15.6
1936.14	15.6
1937.14	15.6
1938.14	15.6
1939.14	15.6
1940.14	15.6
1941.14	15.6
1942.14	15.6
1943.14	15.6
1944.14	15.6
1945.14	15.6
1946.14	15.6
1947.14	15.6
1948.14	15.6
1949.14	15.6
1950.14	15.6
1951.14	15.6
1952.14	15.6
1953.14	15.6
1954.14	15.6
1955.14	15.6
1956.14	15.6
1957.14	15.6
1958.14	15.6
1959.14	15.6
1960.14	15.6
1961.14	15.6
1962.14	15.6
1963.14	15.6
1964.14	15.6
1965.14	15.6
1966.14	15.6
1967.14	15.6
1968.14	15.6
1969.14	15.6
1970.14	15.6
1971.14	15.6
1972.14	15.6
1973.14	15.6
1974.14	15.6
1975.14	15.6
1976.14	15.6
1977.14	15.6
1978.14	15.6
1979.14	15.6
1980.14	15.6
1981.14	15.6
1982.14	15.6
1983.14	15.6
1984.14	15.6
1985.14	15.6
1986.14	15.6
1987.14	15.6
1988.14	15.6
1989.14	15.6
1990.14	15.6
1991.14	15.6
1992.14	15.6
1993.14	15.6
1994.14	15.6
1995.14	15.6
1996.14	15.6
1997.14	15.6
1998.14	15.6
1999.14	15.6
2000.14	15.6
2001.14	15.6
2002.14	15.6
2003.14	15.6
2004.14	15.6
2005.14	15.6
2006.14	15.6
2007.14	15.6
2008.14	15.6
2009.14	15.6
2010.14	15.6
2011.14	15.6
2012.14	15.6
2013.14	15.6
2014.14	15.6
2015.14	15.6
2016.14	15.6
2017.14	15.6
2018.14	15.6
2019.14	15.6
2020.14	15.6
2021.14	15.6
2022.14	15.6
2023.14	15.6
2024.14	15.6
2025.14	15.6
2026.14	15.6
2027.14	15.6
2028.14	15.6
2029.14	15.6
2030.14	15.6
2031.14	15.6
2032.14	15.6
2033.14	15.6
2034.14	15.6
2035.14	15.6
2036.14	15.6
2037.14	15.6
2038.14	15.6
2039.14	15.6
2040.14	15.6
2041.14	15.6
2042.14	15.6
2043.14	15.6
2044.14	15.6
2045.14	15.6
2046.14	15.6
2047.14	15.6
2048.14	15.6
2049.14	15.6
2050.14	15.6
2051.14	15.6
2052.14	15.6
2053.14	15.6
2054.14	15.6
2055.14	15.6
2056.14	15.6
2057.14	15.6
2058.14	15.6
2059.14	15.6
2060.14	15.6
2061.14	15.6
2062.14	15.6
2063.14	15.6
2064.14	15.6
2065.14	15.6
2066.14	15.6
2067.14	15.6
2068.14	15.6
2069.14	15.6
2070.14	15.6
2071.14	15.6
2072.14	15.6
2073.14	15.6
2074.14	15.6
2075.14	15.6
2076.14	15.6
2077.14	15.6
2078.14	15.6
2079.14	15.6
2080.14	15.6
2081.14	15.6
2082.14	15.6
2083.14	15.6
2084.14	15.6
2085.14	15.6
2086.14	15.6
2087.14	15.6
2088.14	15.6
2089.14	15.6
2090.14	15.6
2091.14	15.6
2092.14	15.6
2093.14	15.6
2094.14	15.6
2095.14	15.6
2096.14	15.6
2097.14	15.6
2098.14	15.6
2099.14	15.6
2100.14	15.6
2101.14	15.6
2102.14	15.6
2103.14	15.6
2104.14	15.6
2105.14	15.6
2106.14	15.6
2107.14	15.6
2108.14	15.6
2109.14	15.6
2110.14	15.6
2111.14	15.6
2112.14	15.6
2113.14	15.6
2114.14	15.6
2115.14	15.6
2116.14	15.6
2117.14	15.6
2118.14	15.6
2119.14	15.6
2120.14	15.6
2121.14	15.6
2122.14	15.6
2123.14	15.6
2124.14	15.6
2125.14	15.6
2126.14	15.6
2127.14	15.6
2128.14	15.6
2129.14	15.6
2130.14	15.6
2131.14	15.6
2132.14	15.6
2133.14	15.6
2134.14	15.6
2135.14	15.6
2136.14	15.6
2137.14	15.6
2138.14	15.6
2139.14	15.6
2140.14	15.6
2141.14	15.6
2142.14	15.6
2143.14	15.6
2144.14	15.6
2145.14	15.6
2146.14	15.6
2147.14	15.6
2148.14	15.6
2149.14	15.6
2150.14	15.6
2151.14	15.6
2152.14	15.6
2153.14	15.6
2154.14	15.6
2155.14	15.6
2156.14	15.6
2157.14	15.6
2158.14	15.6
2159.14	15.6
2160.14	15.6
2161.14	15.6
2162.14	15.6
2163.14	15.6
2164.14	15.6
2165.14	15.6
2166.14	15.6
2167.14	15.6
2168.14	15.6
2169.14	15.6
2170.14	15.6
2171.14	15.6
2172.14	15.6
2173.14	15.6
2174.14	15.6
2175.14	15.6
2176.14	15.6
2177.14	15.6
2178.14	15.6
2179.14	15.6
2180.14	15.6
2181.14	15.6
2182.14	15.6
2183.14	15.6
2184.14	15.6
2185.14	15.6
2186.14	15.6
2187.14	15.6
2188.14	15.6
2189.14	15.6
2190.14	15.6
2191.14	15.6
2192.14	15.6
2193.14	15.6
2194.14	15.6
2195.14	15.6
2196.14	15.6
2197.14	15.6
2198.14	15.6
2199.14	15.6
2200.14	15.6
2201.14	15.6
2202.14	15.6
2203.14	15.6
2204.14	15.6
2205.14	15.6
2206.14	15.6
2207.14	15.6
2208.14	15.6
2209.14	15.6
2210.14	15.6
2211.14	15.6
2212.14	15.6
2213.14	15.6
2214.14	15.6
2215.14	15.59
2216.14	15.6
2217.14	15.6
2218.14	15.6
2219.14	15.6
2220.14	15.6
2221.14	15.6
2222.14	15.6
2223.14	15.6
2224.14	15.6
2225.14	15.6
2226.14	15.6
2227.14	15.6
2228.14	15.6
2229.14	15.6
2230.14	15.6
2231.14	15.6
2232.14	15.6
2233.14	15.6
2234.14	15.6
2235.14	15.6
2236.14	15.6
2237.14	15.6
2238.14	15.6
2239.14	15.6
2240.14	15.6
2241.14	15.6
2242.14	15.6
2243.14	15.6
2244.14	15.6
2245.14	15.6
2246.14	15.6
2247.14	15.6
2248.14	15.6
2249.14	15.6
2250.14	15.6
2251.14	15.6
2252.14	15.6
2253.14	15.6
2254.14	15.6
2255.14	15.6
2256.14	15.6
2257.14	15.6
2258.14	15.6
2259.14	15.6
2260.14	15.6
2261.14	15.6
2262.14	15.6
2263.14	15.6
2264.14	15.6
2265.14	15.6
2266.14	15.6
2267.14	15.6
2268.14	15.6
2269.14	15.6
2270.14	15.6
2271.14	15.6
2272.14	15.6
2273.14	15.6
2274.14	15.6
2275.14	15.6
2276.14	15.6
2277.14	15.6
2278.14	15.6
2279.14	15.6
2280.14	15.6
2281.14	15.6
2282.14	15.6
2283.14	15.6
2284.14	15.6
2285.14	15.6
2286.14	15.6
2287.14	15.6
2288.14	15.6
2289.14	15.6
2290.14	15.59
2291.14	15.6
2292.14	15.6
2293.14	15.6
2294.14	15.6
2295.14	15.6
2296.14	15.6
2297.14	15.6
2298.14	15.6
2299.14	15.6
2300.14	15.6
2301.14	15.6
2302.14	15.6
2303.14	15.6
2304.14	15.6
2305.14	15.6
2306.14	15.6
2307.14	15.6
2308.14	15.6
2309.14	15.6
2310.14	15.6
2311.14	15.6
2312.14	15.6
2313.14	15.6
2314.14	15.6
2315.14	15.6
2316.14	15.6
2317.14	15.6
2318.14	15.6
2319.14	15.6
2320.14	15.6
2321.14	15.6
2322.14	15.6
2323.14	15.6
2324.14	15.6
2325.14	15.6
2326.14	15.6
2327.14	15.6
2328.14	15.6
2329.14	15.6
2330.14	15.6
2331.14	15.6
2332.14	15.6
2333.14	15.6
2334.14	15.59
2335.14	15.6
2336.14	15.6
2337.14	15.6
2338.14	15.6
2339.14	15.6
2340.14	15.6
2341.14	15.6
2342.14	15.6
2343.14	15.6
2344.14	15.6
2345.14	15.6
2346.14	15.6
2347.14	15.6
2348.14	15.6
2349.14	15.6
2350.14	15.6
2351.14	15.6
2352.14	15.6
2353.14	15.6
2354.14	15.6
2355.14	15.6
2356.14	15.6
2357.14	15.6
2358.14	15.6
2359.14	15.6
2360.14	15.6
2361.14	15.6
2362.14	15.6
2363.14	15.6
2364.14	15.6
2365.14	15.6
2366.14	15.6
2367.14	15.6
2368.14	15.6
2369.14	15.6
2370.14	15.6
2371.14	15.6
2372.14	15.6
2373.14	15.6
2374.14	15.6
2375.14	15.6
2376.14	15.6
2377.14	15.6
2378.14	15.6
2379.14	15.6
2380.14	15.6
2381.14	15.6
2382.14	15.6
2383.14	15.6
2384.14	15.6
2385.14	15.6
2386.14	15.6
2387.14	15.6
2388.14	15.6
2389.14	15.6
2390.14	15.6
2391.14	15.6
2392.14	15.6
2393.14	15.6
2394.14	15.6
2395.14	15.6
2396.14	15.6
2397.14	15.6
2398.14	15.6
2399.14	15.6
2400.14	15.6
2401.14	15.6
2402.14	15.6
2403.14	15.6
2404.14	15.6
2405.14	15.6
2406.14	15.6
2407.14	15.6
2408.14	15.6
2409.14	15.6
2410.14	15.6
2411.14	15.6
2412.14	15.6
2413.14	15.6
2414.14	15.6
2415.14	15.6
2416.14	15.6
2417.14	15.6
2418.14	15.6
2419.14	15.6
2420.14	15.6
2421.14	15.6
2422.14	15.6
2423.14	15.6
2424.14	15.6
2425.14	15.6
2426.14	15.6
2427.14	15.6
2428.14	15.6
2429.14	15.6
2430.14	15.6
2431.14	15.6
2432.14	15.6
2433.14	15.6
2434.14	15.6
2435.14	15.6
2436.14	15.6
2437.14	15.6
2438.14	15.6
2439.14	15.6
2440.14	15.6
2441.14	15.6
2442.14	15.6
2443.14	15.6
2444.14	15.6
2445.14	15.6
2446.14	15.6
2447.14	15.6
2448.14	15.6
2449.14	15.6
2450.14	15.6
2451.14	15.6
2452.14	15.6
2453.14	15.6
2454.14	15.6
2455.14	15.6
2456.14	15.6
2457.14	15.6
2458.14	15.6
2459.14	15.6
2460.14	15.6
2461.14	15.6
2462.14	15.6
2463.14	15.6
2464.14	15.6
2465.14	15.6
2466.14	15.6
2467.14	15.6
2468.14	15.6
2469.14	15.6
2470.14	15.6
2471.14	15.6
2472.14	15.6
2473.14	15.6
2474.14	15.6
2475.14	15.6
2476.14	15.6
2477.14	15.6
2478.14	15.6
2479.14	15.6
2480.14	15.6
2481.14	15.6
2482.14	15.6
2483.14	15.6
2484.14	15.6
2485.14	15.6
2486.14	15.6
2487.14	15.6
2488.14	15.6
2489.14	15.6
2490.14	15.6
2491.14	15.6
2492.14	15.6
2493.14	15.6
2494.14	15.6
2495.14	15.6
2496.14	15.6
2497.14	15.6
2498.14	15.6
2499.14	15.6
2500.14	15.6
2501.14	15.6
2502.14	15.6
2503.14	15.6
2504.14	15.6
2505.14	15.6
2506.14	15.6
2507.14	15.6
2508.14	15.6
2509.14	15.6
2510.14	15.6
2511.14	15.6
2512.14	15.6
2513.14	15.6
2514.14	15.6
2515.14	15.6
2516.14	15.6
2517.14	15.6
2518.14	15.6
2519.14	15.6
2520.14	15.6
2521.14	15.6
2522.14	15.6
2523.14	15.6
2524.14	15.6
2525.14	15.6
2526.14	15.6
2527.14	15.6
2528.14	15.6
2529.14	15.6
2530.14	15.6
2531.14	15.6
2532.14	15.6
2533.14	15.6
2534.14	15.6
2535.14	15.6
2536.14	15.6
2537.14	15.6
2538.14	15.6
2539.14	15.6
2540.14	15.6
2541.14	15.6
2542.14	15.6
2543.14	15.6
2544.14	15.6
2545.14	15.6
2546.14	15.6
2547.14	15.6
2548.14	15.6
2549.14	15.6
2550.14	15.6
2551.14	15.6
2552.14	15.6
2553.14	15.6
2554.14	15.6
2555.14	15.6
2556.14	15.6
2557.14	15.6
2558.14	15.6
2559.14	15.6
2560.14	15.6
2561.14	15.6
2562.14	15.6
2563.14	15.6
2564.14	15.6
2565.14	15.6
2566.14	15.6
2567.14	15.6
2568.14	15.6
2569.14	15.6
2570.14	15.6
2571.14	15.6
2572.14	15.6
2573.14	15.6
2574.14	15.6
2575.14	15.6
2576.14	15.6
2577.14	15.6
2578.14	15.6
2579.14	15.6
2580.14	15.6
2581.14	15.6
2582.14	15.6
2583.14	15.6
2584.14	15.6
2585.14	15.59
2586.14	15.6
2587.14	15.6
2588.14	15.6
2589.14	15.6
2590.14	15.6
2591.14	15.6
2592.14	15.6
2593.14	15.6
2594.14	15.6
2595.14	15.6
2596.14	15.6
2597.14	15.6
2598.14	15.6
2599.14	15.6
2600.14	15.6
2601.14	15.6
2602.14	15.6
2603.14	15.6
2604.14	15.6
2605.14	15.6
2606.14	15.6
2607.14	15.6
2608.14	15.6
2609.14	15.6
2610.14	15.6
2611.14	15.6
2612.14	15.6
2613.14	15.6
2614.14	15.6
2615.14	15.6
2616.14	15.6
2617.14	15.6
2618.14	15.6
2619.14	15.6
2620.14	15.6
2621.14	15.6
2622.14	15.6
2623.14	15.6
2624.14	15.6
2625.14	15.6
2626.14	15.6
2627.14	15.6
2628.14	15.6
2629.14	15.6
2630.14	15.6
2631.14	15.6
2632.14	15.6
2633.14	15.6
2634.14	15.6
2635.14	15.6
2636.14	15.6
2637.14	15.6
2638.14	15.6
2639.14	15.6
2640.14	15.6
2641.14	15.6
2642.14	15.6
2643.14	15.6
2644.14	15.6
2645.14	15.6
2646.14	15.6
2647.14	15.6
2648.14	15.6
2649.14	15.6
2650.14	15.6
2651.14	15.6
2652.14	15.6
2653.14	15.6
2654.14	15.6
2655.14	15.6
2656.14	15.6
2657.14	15.6
2658.14	15.6
2659.14	15.6
2660.14	15.6
2661.14	15.6
2662.14	15.6
2663.14	15.6
2664.14	15.6
2665.14	15.6
2666.14	15.6
2667.14	15.6
2668.14	15.6
2669.14	15.6
2670.14	15.6
2671.14	15.6
2672.14	15.6
2673.14	15.6
2674.14	15.6
2675.14	15.6
2676.14	15.6
2677.14	15.6
2678.14	15.6
2679.14	15.6
2680.14	15.6
2681.14	15.6
2682.14	15.6
2683.14	15.6
2684.14	15.6
2685.14	15.6
2686.14	15.6
2687.14	15.6
2688.14	15.6
2689.14	15.6
2690.14	15.6
2691.14	15.6
2692.14	15.6
2693.14	15.6
2694.14	15.6
2695.14	15.6
2696.14	15.6
2697.14	15.6
2698.14	15.6
2699.14	15.6
2700.14	15.6
2701.14	15.6
2702.14	15.6
2703.14	15.6
2704.14	15.6
2705.14	15.6
2706.14	15.6
2707.14	15.6
2708.14	15.6
2709.14	15.6
2710.14	15.6
2711.14	15.6
2712.14	15.6
2713.14	15.6
2714.14	15.6
2715.14	15.6
2716.14	15.6
2717.14	15.6
2718.14	15.6
2719.14	15.6
2720.14	15.6
2721.14	15.6
2722.14	15.6
2723.14	15.6
2724.14	15.6
2725.14	15.6
2726.14	15.6
2727.14	15.6
2728.14	15.6
2729.14	15.6
2730.14	15.6
2731.14	15.6
2732.14	15.6
2733.14	15.6
2734.14	15.6
2735.14	15.6
2736.14	15.6
2737.14	15.6
2738.14	15.6
2739.14	15.6
2740.14	15.6
2741.14	15.6
2742.14	15.6
2743.14	15.6
2744.14	15.6
2745.14	15.6
2746.14	15.6
2747.14	15.6
2748.14	15.6
2749.14	15.6
2750.14	15.6
2751.14	15.6
2752.14	15.6
2753.14	15.6
2754.14	15.6
2755.14	15.6
2756.14	15.6
2757.14	15.6
2758.14	15.6
2759.14	15.6
2760.14	15.6
2761.14	15.6
2762.14	15.6
2763.14	15.6
2764.14	15.6
2765.14	15.6
2766.14	15.6
2767.14	15.6
2768.14	15.6
2769.14	15.6
2770.14	15.6
2771.14	15.6
2772.14	15.6
2773.14	15.6
2774.14	15.6
2775.14	15.6
2776.14	15.6
2777.14	15.6
2778.14	15.6
2779.14	15.6
2780.14	15.6
2781.14	15.6
2782.14	15.6
2783.14	15.6
2784.14	15.6
2785.14	15.6
2786.14	15.6
2787.14	15.6
2788.14	15.6
2789.14	15.6
2790.14	15.6
2791.14	15.6
2792.14	15.6
2793.14	15.6
2794.14	15.6
2795.14	15.6
2796.14	15.6
2797.14	15.6
2798.14	15.6
2799.14	15.6
2800.14	15.6
2801.14	15.6
2802.14	15.6
2803.14	15.6
2804.14	15.6
2805.14	15.6
2806.14	15.6
2807.14	15.6
2808.14	15.6
2809.14	15.6
2810.14	15.6
2811.14	15.6
2812.14	15.6
2813.14	15.6
2814.14	15.6
2815.14	15.6
2816.14	15.6
2817.14	15.6
2818.14	15.6
2819.14	15.6
2820.14	15.6
2821.14	15.6
2822.14	15.6
2823.14	15.6
2824.14	15.6
2825.14	15.6
2826.14	15.6
2827.14	15.6
2828.14	15.6
2829.14	15.6
2830.14	15.6
2831.14	15.6
2832.14	15.6
2833.14	15.6
2834.14	15.6
2835.14	15.6
2836.14	15.6
2837.14	15.6
2838.14	15.6
2839.14	15.6
2840.14	15.6
2841.14	15.6
2842.14	15.6
2843.14	15.6
2844.14	15.6
2845.14	15.6
2846.14	15.6
2847.14	15.6
2848.14	15.6
2849.14	15.6
2850.14	15.6
2851.14	15.6
2852.14	15.6
2853.14	15.6
2854.14	15.6
2855.14	15.6
2856.14	15.6
2857.14	15.6
2858.14	15.6
2859.14	15.6
2860.14	15.6
2861.14	15.6
2862.14	15.6
2863.14	15.6
2864.14	15.6
2865.14	15.6
2866.14	15.6
2867.14	15.6
2868.14	15.6
2869.14	15.6
2870.14	15.6
2871.14	15.6
2872.14	15.6
2873.14	15.6
2874.14	15.6
2875.14	15.6
2876.14	15.6
2877.14	15.6
2878.14	15.6
2879.14	15.6
2880.14	15.6
2881.14	15.6
2882.14	15.6
2883.14	15.6
2884.14	15.6
2885.14	15.6
2886.14	15.6
2887.14	15.6
2888.14	15.6
2889.14	15.6
2890.14	15.6
2891.14	15.6
2892.14	15.6
2893.14	15.6
2894.14	15.6
2895.14	15.6
2896.14	15.6
2897.14	15.6
2898.14	15.6
2899.14	15.6
2900.14	15.6
2901.14	15.6
2902.14	15.6
2903.14	15.6
2904.14	15.6
2905.14	15.6
2906.14	15.6
2907.14	15.6
2908.14	15.6
2909.14	15.6
2910.14	15.6
2911.14	15.6
2912.14	15.6
2913.14	15.6
2914.14	15.6
2915.14	15.6
2916.14	15.6
2917.14	15.6
2918.14	15.6
2919.14	15.6
2920.14	15.6
2921.14	15.6
2922.14	15.6
2923.14	15.6
2924.14	15.6
2925.14	15.6
2926.14	15.6
2927.14	15.6
2928.14	15.6
2929.14	15.6
2930.14	15.6
2931.14	15.6
2932.14	15.6
2933.14	15.6
2934.14	15.6
2935.14	15.6
2936.14	15.6
2937.14	15.6
2938.14	15.6
2939.14	15.6
2940.14	15.6
2941.14	15.6
2942.14	15.6
2943.14	15.6
2944.14	15.6
2945.14	15.6
2946.14	15.6
2947.14	15.6
2948.14	15.6
2949.14	15.6
2950.14	15.6
2951.14	15.6
2952.14	15.6
2953.14	15.6
2954.14	15.6
2955.14	15.6
2956.14	15.6
2957.14	15.6
2958.14	15.6
2959.14	15.6
2960.14	15.6
2961.14	15.6
2962.14	15.6
2963.14	15.6
2964.14	15.6
2965.14	15.6
2966.14	15.6
2967.14	15.6
2968.14	15.6
2969.14	15.6
2970.14	15.6
2971.14	15.6
2972.14	15.6
2973.14	15.6
2974.14	15.6
2975.14	15.6
2976.14	15.6
2977.14	15.6
2978.14	15.6
2979.14	15.6
2980.14	15.6
2981.14	15.6
2982.14	15.6
2983.14	15.6
2984.14	15.6
2985.14	15.6
2986.14	15.6
2987.14	15.6
2988.14	15.6
2989.14	15.6
2990.14	15.6
2991.14	15.6
2992.14	15.6
2993.14	15.6
2994.14	15.6
2995.14	15.6
2996.14	15.6
2997.14	15.6
2998.14	15.6
2999.14	15.6
3000.14	15.6
3001.14	15.6
3002.14	15.6
3003.14	15.6
3004.14	15.6
3005.14	15.6
3006.14	15.6
3007.14	15.6
3008.14	15.6
3009.14	15.6
3010.14	15.6
3011.14	15.6
3012.14	15.6
3013.14	15.6
3014.14	15.6
3015.14	15.6
3016.14	15.6
3017.14	15.6
3018.14	15.6
3019.14	15.6
3020.14	15.6
3021.14	15.6
3022.14	15.6
3023.14	15.6
3024.14	15.6
3025.14	15.6
3026.14	15.6
3027.14	15.6
3028.14	15.6
3029.14	15.6
3030.14	15.6
3031.14	15.6
3032.14	15.6
3033.14	15.6
3034.14	15.6
3035.14	15.6
3036.14	15.6
3037.14	15.6
3038.14	15.6
3039.14	15.6
3040.14	15.6
3041.14	15.6
3042.14	15.6
3043.14	15.6
3044.14	15.6
3045.14	15.6
3046.14	15.6
3047.14	15.6
3048.14	15.6
3049.14	15.6
3050.14	15.6
3051.14	15.6
3052.14	15.6
3053.14	15.6
3054.14	15.6
3055.14	15.6
3056.14	15.6
3057.14	15.6
3058.14	15.6
3059.14	15.6
3060.14	15.6
3061.14	15.6
3062.14	15.6
3063.14	15.6
3064.14	15.6
3065.14	15.6
3066.14	15.6
3067.14	15.6
3068.14	15.6
3069.14	15.6
3070.14	15.6
3071.14	15.6
3072.14	15.6
3073.14	15.6
3074.14	15.6
3075.14	15.6
3076.14	15.6
3077.14	15.6
3078.14	15.6
3079.14	15.6
3080.14	15.6
3081.14	15.59
3082.14	15.6
3083.14	15.6
3084.14	15.6
3085.14	15.6
3086.14	15.6
3087.14	15.6
3088.14	15.6
3089.14	15.6
3090.14	15.6
3091.14	15.6
3092.14	15.6
3093.14	15.6
3094.14	15.6
3095.14	15.6
3096.14	15.6
3097.14	15.6
3098.14	15.6
3099.14	15.6
3100.14	15.6
3101.14	15.6
3102.14	15.6
3103.14	15.6
3104.14	15.6
3105.14	15.6
3106.14	15.6
3107.14	15.6
3108.14	15.6
3109.14	15.6
3110.14	15.6
3111.14	15.6
3112.14	15.6
3113.14	15.6
3114.14	15.6
3115.14	15.6
3116.14	15.6
3117.14	15.6
3118.14	15.6
3119.14	15.6
3120.14	15.6
3121.14	15.6
3122.14	15.6
3123.14	15.6
3124.14	15.6
3125.14	15.6
3126.14	15.6
3127.14	15.6
3128.14	15.6
3129.14	15.6
3130.14	15.6
3131.14	15.6
3132.14	15.6
3133.14	15.6
3134.14	15.6
3135.14	15.6
3136.14	15.6
3137.14	15.6
3138.14	15.6
3139.14	15.6
3140.14	15.6
3141.14	15.6
3142.14	15.6
3143.14	15.6
3144.14	15.6
3145.14	15.6
3146.14	15.6
3147.14	15.6
3148.14	15.6
3149.14	15.6
3150.14	15.6
3151.14	15.6
3152.14	15.6
3153.14	15.6
3154.14	15.6
3155.14	15.6
3156.14	15.6
3157.14	15.6
3158.14	15.6
3159.14	15.6
3160.14	15.6
3161.14	15.6
3162.14	15.6
3163.14	15.6
3164.14	15.6
3165.14	15.6
3166.14	15.6
3167.14	15.6
3168.14	15.6
3169.14	15.6
3170.14	15.6
3171.14	15.6
3172.14	15.6
3173.14	15.6
3174.14	15.6
3175.14	15.6
3176.14	15.6
3177.14	15.6
3178.14	15.6
3179.14	15.6
3180.14	15.6
3181.14	15.6
3182.14	15.6
3183.14	15.6
3184.14	15.6
3185.14	15.6
3186.14	15.6
3187.14	15.6
3188.14	15.6
3189.14	15.6
3190.14	15.6
3191.14	15.6
3192.14	15.6
3193.14	15.6
3194.14	15.6
3195.14	15.6
3196.14	15.6
3197.14	15.6
3198.14	15.6
3199.14	15.6
3200.14	15.6
3201.14	15.6
3202.14	15.6
3203.14	15.6
3204.14	15.6
3205.14	15.6
3206.14	15.6
3207.14	15.6
3208.14	15.6
3209.14	15.6
3210.14	15.6
3211.14	15.6
3212.14	15.6
3213.14	15.6
3214.14	15.6
3215.14	15.6
3216.14	15.6
3217.14	15.6
3218.14	15.6
3219.14	15.6
3220.14	15.6
3221.14	15.6
3222.14	15.6
3223.14	15.6
3224.14	15.6
3225.14	15.6
3226.14	15.6
3227.14	15.6
3228.14	15.6
3229.14	15.6
3230.14	15.6
3231.14	15.6
3232.14	15.6
3233.14	15.6
3234.14	15.6
3235.14	15.6
3236.14	15.6
3237.14	15.6
3238.14	15.6
3239.14	15.6
3240.14	15.6
3241.14	15.6
3242.14	15.6
3243.14	15.6
3244.14	15.6
3245.14	15.6
3246.14	15.6
3247.14	15.6
3248.14	15.6
3249.14	15.6
3250.14	15.6
3251.14	15.6
3252.14	15.6
3253.14	15.6
3254.14	15.6
3255.14	15.6
3256.14	15.6
3257.14	15.6
3258.14	15.6
3259.14	15.6
3260.14	15.6
3261.14	15.6
3262.14	15.6
3263.14	15.6
3264.14	15.6
3265.14	15.6
3266.14	15.6
3267.14	15.6
3268.14	15.6
3269.14	15.6
3270.14	15.6
3271.14	15.6
3272.14	15.6
3273.14	15.6
3274.14	15.6
3275.14	15.6
3276.14	15.6
3277.14	15.6
3278.14	15.6
3279.14	15.6
3280.14	15.6
3281.14	15.6
3282.14	15.6
3283.14	15.6
3284.14	15.6
3285.14	15.6
3286.14	15.6
3287.14	15.6
3288.14	15.6
3289.14	15.6
3290.14	15.6
3291.14	15.6
3292.14	15.6
3293.14	15.6
3294.14	15.6
3295.14	15.6
3296.14	15.6
3297.14	15.6
3298.14	15.6
3299.14	15.6
3300.14	15.6
3301.14	15.6
3302.14	15.6
3303.14	15.6
3304.14	15.6
3305.14	15.6
3306.14	15.6
3307.14	15.6
3308.14	15.6
3309.14	15.6
3310.14	15.6
3311.14	15.6
3312.14	15.6
3313.14	15.6
3314.14	15.6
3315.14	15.6
3316.14	15.6
3317.14	15.6
3318.14	15.6
3319.14	15.6
3320.14	15.6
3321.14	15.6
3322.14	15.6
3323.14	15.6
3324.14	15.6
3325.14	15.6
3326.14	15.6
3327.14	15.6
3328.14	15.6
3329.14	15.6
3330.14	15.6
3331.14	15.6
3332.14	15.6
3333.14	15.6
3334.14	15.6
3335.14	15.6
3336.14	15.6
3337.14	15.6
3338.14	15.6
3339.14	15.6
3340.14	15.6
3341.14	15.6
3342.14	15.6
3343.14	15.6
3344.14	15.6
3345.14	15.6
3346.14	15.6
3347.14	15.6
3348.14	15.6
3349.14	15.6
3350.14	15.6
3351.14	15.6
3352.14	15.6
3353.14	15.6
3354.14	15.6
3355.14	15.6
3356.14	15.6
3357.14	15.6
3358.14	15.6
3359.14	15.6
3360.14	15.6
3361.14	15.6
3362.14	15.6
3363.14	15.6
3364.14	15.6
3365.14	15.6
3366.14	15.6
3367.14	15.6
3368.14	15.6
3369.14	15.6
3370.14	15.6
3371.14	15.6
3372.14	15.6
3373.14	15.6
3374.14	15.6
3375.14	15.59
3376.14	15.6
3377.14	15.6
3378.14	15.6
3379.14	15.6
3380.14	15.6
3381.14	15.6
3382.14	15.6
3383.14	15.6
3384.14	15.6
3385.14	15.6
3386.14	15.6
3387.14	15.6
3388.14	15.6
3389.14	15.6
3390.14	15.6
3391.14	15.6
3392.14	15.6
3393.14	15.6
3394.14	15.6
3395.14	15.6
3396.14	15.6
3397.14	15.6
3398.14	15.6
3399.14	15.6
3400.14	15.6
3401.14	15.6
3402.14	15.6
3403.14	15.6
3404.14	15.6
3405.14	15.6
3406.14	15.6
3407.14	15.6
3408.14	15.6
3409.14	15.6
3410.14	15.6
3411.14	15.6
3412.14	15.6
3413.14	15.6
3414.14	15.6
3415.14	15.6
3416.14	15.6
3417.14	15.6
3418.14	15.6
3419.14	15.6
3420.14	15.6
3421.14	15.6
3422.14	15.6
3423.14	15.6
3424.14	15.6
3425.14	15.6
3426.14	15.6
3427.14	15.6
3428.14	15.6
3429.14	15.6
3430.14	15.6
3431.14	15.6
3432.14	15.6
3433.14	15.6
3434.14	15.6
3435.14	15.6
3436.14	15.6
3437.14	15.6
3438.14	15.6
3439.14	15.6
3440.14	15.6
3441.14	15.6
3442.14	15.6
3443.14	15.6
3444.14	15.6
3445.14	15.6
3446.14	15.6
3447.14	15.6
3448.14	15.6
3449.14	15.6
3450.14	15.6
3451.14	15.6
3452.14	15.6
3453.14	15.6
3454.14	15.6
3455.14	15.6
3456.14	15.6
3457.14	15.6
3458.14	15.6
3459.14	15.6
3460.14	15.6
3461.14	15.6
3462.14	15.6
3463.14	15.6
3464.14	15.6
3465.14	15.6
3466.14	15.6
3467.14	15.6
3468.14	15.6
3469.14	15.6
3470.14	15.6
3471.14	15.6
3472.14	15.6
3473.14	15.6
3474.14	15.6
3475.14	15.6
3476.14	15.6
3477.14	15.6
3478.14	15.6
3479.14	15.6
3480.14	15.6
3481.14	15.6
3482.14	15.6
3483.14	15.6
3484.14	15.6
3485.14	15.6
3486.14	15.6
3487.14	15.6
3488.14	15.6
3489.14	15.6
3490.14	15.6
3491.14	15.6
3492.14	15.6
3493.14	15.6
3494.14	15.6
3495.14	15.6
3496.14	15.6
3497.14	15.6
3498.14	15.6
3499.14	15.6
3500.14	15.6
3501.14	15.6
3502.14	15.6
3503.14	15.6
3504.14	15.6
3505.14	15.6
3506.14	15.6
3507.14	15.6
3508.14	15.6
3509.14	15.6
3510.14	15.6
3510.44	15.6
3510.46	0
3511.44	0
3512.44	0
3513.44	0
3514.44	0
3515.44	0
3516.44	0
3517.44	0
3518.44	0
3519.44	0
3520.44	0
3521.44	0
3522.44	0
3523.44	0
3524.44	0
3525.44	0
3526.44	0
3527.44	0
3528.44	0
3529.44	0
3530.44	0
3531.44	0
3532.44	0
3533.44	0
3534.44	0
3535.44	0
3536.44	0
3537.44	0
3538.44	0
3539.44	0
3540.44	0
3541.44	0
3542.44	0
3543.44	0
3544.44	0
3545.44	0
3546.44	0
3547.44	0
3548.44	0
3549.44	0
3550.44	0
3551.44	0
3552.44	0
3553.44	0
3554.44	0
3555.44	0
3556.44	0
3557.44	0
3558.44	0
3559.44	0
3560.44	0
3561.44	0
3562.44	0
3563.44	0
3564.44	0
3565.44	0
3566.44	0
3567.44	0
3568.44	0
3569.44	0
3570.44	0
3571.44	0
3572.44	0
3573.44	0
3574.44	0
3575.44	0
3576.44	0
3577.44	0
3578.44	0
3579.44	0
3580.44	0
3581.44	0
3582.44	0
3583.44	0
3584.44	0
3585.44	0
3586.44	0
3587.44	0
3588.44	0
3589.44	0
3590.44	0
3591.44	0
3592.44	0
3593.44	0
3594.44	0
3595.44	0
3596.44	0
3597.44	0
3598.44	0
3599.44	0
3600.44	0
3601.44	0
3602.44	0
3603.44	0
3604.44	0
3605.44	0
3606.44	0
3607.44	0
3608.44	0
3609.44	0
3610.44	0
3611.44	0
3612.44	0
3613.44	0
3614.44	0
3615.44	0
3616.44	0
3617.44	0
3618.44	0
3619.44	0
3620.44	0
3621.44	0
3622.44	0
3623.44	0
3624.44	0
3625.44	0
3626.44	0
3627.44	0
3628.44	0
3629.44	0
3630.44	0
3631.44	0
3632.44	0
3633.44	0
3634.44	0
3635.44	0
3636.44	0
3637.44	0
3638.44	0
3639.44	0
3640.44	0
3641.44	0
3642.44	0
3643.44	0
3644.44	0
3645.44	0
3646.44	0
3647.44	0
3648.44	0
3649.44	0
3650.44	0
3651.44	0
3652.44	0
3653.44	0
3654.44	0
3655.44	0
3656.44	0
3657.44	0
3658.44	0
3659.44	0
3660.44	0
3661.44	0
3662.44	0
3663.44	0
3664.44	0
3665.44	0
3666.44	0
3667.44	0
3668.44	0
3669.44	0
3670.44	0
3671.44	0
3672.44	0
3673.44	0
3674.44	0
3675.44	0
3676.44	0
3677.44	0
3678.44	0
3679.44	0
3680.44	0
3681.44	0
3682.44	0
3683.44	0
3684.44	0
3685.44	0
3686.44	0
3687.44	0
3688.44	0
3689.44	0
3690.44	0
3691.44	0
3692.44	0
3693.44	0
3694.44	0
3695.44	0
3696.44	0
3697.44	0
3698.44	0
3699.44	0
3700.44	0
3701.44	0
3702.44	0
3703.44	0
3704.44	0
3705.44	0
3706.44	0
3707.44	0
3708.44	0
3709.44	0
3710.44	0
3711.44	0
3712.44	0
3713.44	0
3714.44	0
3715.44	0
3716.44	0
3717.44	0
3718.44	0
3719.44	0
3720.44	0
3721.44	0
3722.44	0
3723.44	0
3724.44	0
3725.44	0
3726.44	0
3727.44	0
3728.44	0
3729.44	0
3730.44	0
3731.44	0
3732.44	0
3733.44	0
3734.44	0
3735.44	0
3736.44	0
3737.44	0
3738.44	0
3739.44	0
3740.44	0
3741.44	0
3742.44	0
3743.44	0
3744.44	0
3745.44	0
3746.44	0
3747.44	0
3748.44	0
3749.44	0
3750.44	0
3751.44	0
3752.44	0
3753.44	0
3754.44	0
3755.44	0
3756.44	0
3757.44	0
3758.44	0
3759.44	0
3760.44	0
3761.44	0
3762.44	0
3763.44	0
3764.44	0
3765.44	0
3766.44	0
3767.44	0
3768.44	0
3769.44	0
3770.44	0
3771.44	0
3772.44	0
3773.44	0
3774.44	0
3775.44	0
3776.44	0
3777.44	0
3778.44	0
3779.44	0
3780.44	0
3781.44	0
3782.44	0
3783.44	0
3784.44	0
3785.44	0
3786.44	0
3787.44	0
3788.44	0
3789.44	0
3790.44	0
3791.44	0
3792.44	0
3793.44	0
3794.44	0
3795.44	0
3796.44	0
3797.44	0
3798.44	0
3799.44	0
3800.44	0
3801.44	0
3802.44	0
3803.44	0
3804.44	0
3805.44	0
3806.44	0
3807.44	0
3808.44	0
3809.44	0
3810.44	0
3811.44	0
3812.44	0
3813.44	0
3814.44	0
3815.44	0
3816.44	0
3817.44	0
3818.44	0
3819.44	0
3820.44	0
3821.44	0
3822.44	0
3823.44	0
3824.44	0
3825.44	0
3826.44	0
3827.44	0
3828.44	0
3829.44	0
3830.44	0
3831.44	0
3832.44	0
3833.44	0
3834.44	0
3835.44	0
3836.44	0
3837.44	0
3838.44	0
3839.44	0
3840.44	0
3841.44	0
3842.44	0
3843.44	0
3844.44	0
3845.44	0
3846.44	0
3847.44	0
3848.44	0
3849.44	0
3850.44	0
3851.44	0
3852.44	0
3853.44	0
3854.44	0
3855.44	0
3856.44	0
3857.44	0
3858.44	0
3859.44	0
3860.44	0
3861.44	0
3862.44	0
3863.44	0
3864.44	0
3865.44	0
3866.44	0
3867.44	0
3868.44	0
3869.44	0
3870.44	0
3871.44	0
3872.44	0
3873.44	0
3874.44	0
3875.44	0
3876.44	0
3877.44	0
3878.44	0
3879.44	0
3880.44	0
3881.44	0
3882.44	0
3883.44	0
3884.44	0
3885.44	0
3886.44	0
3887.44	0
3888.44	0
3889.44	0
3890.44	0
3891.44	0
3892.44	0
3893.44	0
3894.44	0
3895.44	0
3896.44	0
3897.44	0
3898.44	0
3899.44	0
3900.44	0
3901.44	0
3902.44	0
3903.44	0
3904.44	0
3905.44	0
3906.44	0
3907.44	0
3908.44	0
3909.44	0
3910.44	0
3911.44	0
3912.44	0
3913.44	0
3914.44	0
3915.44	0
3916.44	0
3917.44	0
3918.44	0
3919.44	0
3920.44	0
3921.44	0
3922.44	0
3923.44	0
3924.44	0
3925.44	0
3926.44	0
3927.44	0
3928.44	0
3929.44	0
3930.44	0
3931.44	0
3932.44	0
3933.44	0
3934.44	0
3935.44	0
3936.44	0
3937.44	0
3938.44	0
3939.44	0
3940.44	0
3941.44	0
3942.44	0
3943.44	0
3944.44	0
3945.44	0
3946.44	0
3947.44	0
3948.44	0
3949.44	0
3950.44	0
3951.44	0
3952.44	0
3953.44	0
3954.44	0
3955.44	0
3956.44	0
3957.44	0
3958.44	0
3959.44	0
3960.44	0
3961.44	0
3962.44	0
3963.44	0
3964.44	0
3965.44	0
3966.44	0
3967.44	0
3968.44	0
3969.44	0
3970.44	0
3971.44	0
3972.44	0
3973.44	0
3974.44	0
3975.44	0
3976.44	0
3977.44	0
3978.44	0
3979.44	0
3980.44	0
3981.44	0
3982.44	0
3983.44	0
3984.44	0
3985.44	0
3986.44	0
3987.44	0
3988.44	0
3989.44	0
3990.44	0
3991.44	0
3992.44	0
3993.44	0
3994.44	0
3995.44	0
3996.44	0
3997.44	0
3998.44	0
3999.44	0
4000.44	0
4001.44	0
4002.44	0
4003.44	0
4004.44	0
4005.44	0
4006.44	0
4007.44	0
4008.44	0
4009.44	0
4010.44	0
4011.44	0
4012.44	0
4013.44	0
4014.44	0
4015.44	0
4016.44	0
4017.44	0
4018.44	0
4019.44	0
4020.44	0
4021.44	0
4022.44	0
4023.44	0
4024.44	0
4025.44	0
4026.44	0
4027.44	0
4028.44	0
4029.44	0
4030.44	0
4031.44	0
4032.44	0
4033.44	0
4034.44	0
4035.44	0
4036.44	0
4037.44	0
4038.44	0
4039.44	0
4040.44	0
4041.44	0
4042.44	0
4043.44	0
4044.44	0
4045.44	0
4046.44	0
4047.44	0
4048.44	0
4049.44	0
4050.44	0
4051.44	0
4052.44	0
4053.44	0
4054.44	0
4055.44	0
4056.44	0
4057.44	0
4058.44	0
4059.44	0
4060.44	0
4061.44	0
4062.44	0
4063.44	0
4064.44	0
4065.44	0
4066.44	0
4067.44	0
4068.44	0
4069.44	0
4070.44	0
4071.44	0
4072.44	0
4073.44	0
4074.44	0
4075.44	0
4076.44	0
4077.44	0
4078.44	0
4079.44	0
4080.44	0
4081.44	0
4082.44	0
4083.44	0
4084.44	0
4085.44	0
4086.44	0
4087.44	0
4088.44	0
4089.44	0
4090.44	0
4091.44	0
4092.44	0
4093.44	0
4094.44	0
4095.44	0
4096.44	0
4097.44	0
4098.44	0
4099.44	0
4100.44	0
4101.44	0
4102.44	0
4103.44	0
4104.44	0
4105.44	0
4106.44	0
4107.44	0
4108.44	0
4109.44	0
4110.44	0
4111.44	0
4112.44	0
4113.44	0
4114.44	0
4115.44	0
4116.44	0
4117.44	0
4118.44	0
4119.44	0
4120.44	0
4121.44	0
4122.44	0
4123.44	0
4124.44	0
4125.44	0
4126.44	0
4127.44	0
4128.44	0
4129.44	0
4130.44	0
4131.44	0
4132.44	0
4133.44	0
4134.44	0
4135.44	0
4136.44	0
4137.44	0
4138.44	0
4139.44	0
4140.44	0
4141.44	0
4142.44	0
4143.44	0
4144.44	0
4145.44	0
4146.44	0
4147.44	0
4148.44	0
4149.44	0
4150.44	0
4151.44	0
4152.44	0
4153.44	0
4154.44	0
4155.44	0
4156.44	0
4157.44	0
4158.44	0
4159.44	0
4160.44	0
4161.44	0
4162.44	0
4163.44	0
4164.44	0
4165.44	0
4166.44	0
4167.44	0
4168.44	0
4169.44	0
4170.44	0
4171.44	0
4172.44	0
4173.44	0
4174.44	0
4175.44	0
4176.44	0
4177.44	0
4178.44	0
4179.44	0
4180.44	0
4181.44	0
4182.44	0
4183.44	0
4184.44	0
4185.44	0
4186.44	0
4187.44	0
4188.44	0
4189.44	0
4190.44	0
4191.44	0
4192.44	0
4193.44	0
4194.44	0
4195.44	0
4196.44	0
4197.44	0
4198.44	0
4199.44	0
4200.44	0
4201.44	0
4202.44	0
4203.44	0
4204.44	0
4205.44	0
4206.44	0
4207.44	0
4208.44	0
4209.44	0
4210.44	0
4211.44	0
4212.44	0
4213.44	0
4214.44	0
4215.44	0
4216.44	0
4217.44	0
4218.44	0
4219.44	0
4220.44	0
4221.44	0
4222.44	0
4223.44	0
4224.44	0
4225.44	0
4226.44	0
4227.44	0
4228.44	0
4229.44	0
4230.44	0
4231.44	0
4232.44	0
4233.44	0
4234.44	0
4235.44	0
4236.44	0
4237.44	0
4238.44	0
4239.44	0
4240.44	0
4241.44	0
4242.44	0
4243.44	0
4244.44	0
4245.44	0
4246.44	0
4247.44	0
4248.44	0
4249.44	0
4250.44	0
4251.44	0
4252.44	0
4253.44	0
4254.44	0
4255.44	0
4256.44	0
4257.44	0
4258.44	0
4259.44	0
4260.44	0
4261.44	0
4262.44	0
4263.44	0
4264.44	0
4265.44	0
4266.44	0
4267.44	0
4268.44	0
4269.44	0
4270.44	0
4271.44	0
4272.44	0
4273.44	0
4274.44	0
4275.44	0
4276.44	0
4277.44	0
4278.44	0
4279.44	0
4280.44	0
4281.44	0
4282.44	0
4283.44	0
4284.44	0
4285.44	0
4286.44	0
4287.44	0
4288.44	0
4289.44	0
4290.44	0
4291.44	0
4292.44	0
4293.44	0
4294.44	0
4295.44	0
4296.44	0
4297.44	0
4298.44	0
4299.44	0
4300.44	0
4301.44	0
4302.44	0
4303.44	0
4304.44	0
4305.44	0
4306.44	0
4307.44	0
4308.44	0
4309.44	0
4310.44	0
4311.44	0
4312.44	0
4313.44	0
4314.44	0
4315.44	0
4316.44	0
4317.44	0
4318.44	0
4319.44	0
4320.44	0
4321.44	0
4322.44	0
4323.44	0
4324.44	0
4325.44	0
4326.44	0
4327.44	0
4328.44	0
4329.44	0
4330.44	0
4331.44	0
4332.44	0
4333.44	0
4334.44	0
4335.44	0
4336.44	0
4337.44	0
4338.44	0
4339.44	0
4340.44	0
4341.44	0
4342.44	0
4343.44	0
4344.44	0
4345.44	0
4346.44	0
4347.44	0
4348.44	0
4349.44	0
4350.44	0
4351.44	0
4352.44	0
4353.44	0
4354.44	0
4355.44	0
4356.44	0
4357.44	0
4358.44	0
4359.44	0
4360.44	0
4361.44	0
4362.44	0
4363.44	0
4364.44	0
4365.44	0
4366.44	0
4367.44	0
4368.44	0
4369.44	0
4370.44	0
4371.44	0
4372.44	0
4373.44	0
4374.44	0
4375.44	0
4376.44	0
4377.44	0
4378.44	0
4379.44	0
4380.44	0
4381.44	0
4382.44	0
4383.44	0
4384.44	0
4385.44	0
4386.44	0
4387.44	0
4388.44	0
4389.44	0
4390.44	0
4391.44	0
4392.44	0
4393.44	0
4394.44	0
4395.44	0
4396.44	0
4397.44	0
4398.44	0
4399.44	0
4400.44	0
4401.44	0
4402.44	0
4403.44	0
4404.44	0
4405.44	0
4406.44	0
4407.44	0
4408.44	0
4409.44	0
4410.44	0
4411.44	0
4412.44	0
4413.44	0
4414.44	0
4415.44	0
4416.44	0
4417.44	0
4418.44	0
4419.44	0
4420.44	0
4421.44	0
4422.44	0
4423.44	0
4424.44	0
4425.44	0
4426.44	0
4427.44	0
4428.44	0
4429.44	0
4430.44	0
4431.44	0
4432.44	0
4433.44	0
4434.44	0
4435.44	0
4436.44	0
4437.44	0
4438.44	0
4439.44	0
4440.44	0
4441.44	0
4442.44	0
4443.44	0
4444.44	0
4445.44	0
4446.44	0
4447.44	0
4448.44	0
4449.44	0
4450.44	0
4451.44	0
4452.44	0
4453.44	0
4454.44	0
4455.44	0
4456.44	0
4457.44	0
4458.44	0
4459.44	0
4460.44	0
4461.44	0
4462.44	0
4463.44	0
4464.44	0
4465.44	0
4466.44	0
4467.44	0
4468.44	0
4469.44	0
4470.44	0
4471.44	0
4472.44	0
4473.44	0
4474.44	0
4475.44	0
4476.44	0
4477.44	0
4478.44	0
4479.44	0
4480.44	0
4481.44	0
4482.44	0
4483.44	0
4484.44	0
4485.44	0
4486.44	0
4487.44	0
4488.44	0
4489.44	0
4490.44	0
4491.44	0
4492.44	0
4493.44	0
4494.44	0
4495.44	0
4496.44	0
4497.44	0
4498.44	0
4499.44	0
4500.44	0
4501.44	0
4502.44	0
4503.44	0
4504.44	0
4505.44	0
4506.44	0
4507.44	0
4508.44	0
4509.44	0
4510.44	0
4511.44	0
4512.44	0
4513.44	0
4514.44	0
4515.44	0
4516.44	0
4517.44	0
4518.44	0
4519.44	0
4520.44	0
4521.44	0
4522.44	0
4523.44	0
4524.44	0
4525.44	0
4526.44	0
4527.44	0
4528.44	0
4529.44	0
4530.44	0
4531.44	0
4532.44	0
4533.44	0
4534.44	0
4535.44	0
4536.44	0
4537.44	0
4538.44	0
4539.44	0
4540.44	0
4541.44	0
4542.44	0
4543.44	0
4544.44	0
4545.44	0
4546.44	0
4547.44	0
4548.44	0
4549.44	0
4550.44	0
4551.44	0
4552.44	0
4553.44	0
4554.44	0
4555.44	0
4556.44	0
4557.44	0
4558.44	0
4559.44	0
4560.44	0
4561.44	0
4562.44	0
4563.44	0
4564.44	0
4565.44	0
4566.44	0
4567.44	0
4568.44	0
4569.44	0
4570.44	0
4571.44	0
4572.44	0
4573.44	0
4574.44	0
4575.44	0
4576.44	0
4577.44	0
4578.44	0
4579.44	0
4580.44	0
4581.44	0
4582.44	0
4583.44	0
4584.44	0
4585.44	0
4586.44	0
4587.44	0
4588.44	0
4589.44	0
4590.44	0
4591.44	0
4592.44	0
4593.44	0
4594.44	0
4595.44	0
4596.44	0
4597.44	0
4598.44	0
4599.44	0
4600.44	0
4601.44	0
4602.44	0
4603.44	0
4604.44	0
4605.44	0
4606.44	0
4607.44	0
4608.44	0
4609.44	0
4610.44	0
4611.44	0
4612.44	0
4613.44	0
4614.44	0
4615.44	0
4616.44	0
4617.44	0
4618.44	0
4619.44	0
4620.44	0
4621.44	0
4622.44	0
4623.44	0
4624.44	0
4625.44	0
4626.44	0
4627.44	0
4628.44	0
4629.44	0
4630.44	0
4631.44	0
4632.44	0
4633.44	0
4634.44	0
4635.44	0
4636.44	0
4637.44	0
4638.44	0
4639.44	0
4640.44	0
4641.44	0
4642.44	0
4643.44	0
4644.44	0
4645.44	0
4646.44	0
4647.44	0
4648.44	0
4649.44	0
4650.44	0
4651.44	0
4652.44	0
4653.44	0
4654.44	0
4655.44	0
4656.44	0
4657.44	0
4658.44	0
4659.44	0
4660.44	0
4661.44	0
4662.44	0
4663.44	0
4664.44	0
4665.44	0
4666.44	0
4667.44	0
4668.44	0
4669.44	0
4670.44	0
4671.44	0
4672.44	0
4673.44	0
4674.44	0
4675.44	0
4676.44	0
4677.44	0
4678.44	0
4679.44	0
4680.44	0
4681.44	0
4682.44	0
4683.44	0
4684.44	0
4685.44	0
4686.44	0
4687.44	0
4688.44	0
4689.44	0
4690.44	0
4691.44	0
4692.44	0
4693.44	0
4694.44	0
4695.44	0
4696.44	0
4697.44	0
4698.44	0
4699.44	0
4700.44	0
4701.44	0
4702.44	0
4703.44	0
4704.44	0
4705.44	0
4706.44	0
4707.44	0
4708.44	0
4709.44	0
4710.44	0
4711.44	0
4712.44	0
4713.44	0
4714.44	0
4715.44	0
4716.44	0
4717.44	0
4718.44	0
4719.44	0
4720.44	0
4721.44	0
4722.44	0
4723.44	0
4724.44	0
4725.44	0
4726.44	0
4727.44	0
4728.44	0
4729.44	0
4730.44	0
4731.44	0
4732.44	0
4733.44	0
4734.44	0
4735.44	0
4736.44	0
4737.44	0
4738.44	0
4739.44	0
4740.44	0
4741.44	0
4742.44	0
4743.44	0
4744.44	0
4745.44	0
4746.44	0
4747.44	0
4748.44	0
4749.44	0
4750.44	0
4751.44	0
4752.44	0
4753.44	0
4754.44	0
4755.44	0
4756.44	0
4757.44	0
4758.44	0
4759.44	0
4760.44	0
4761.44	0
4762.44	0
4763.44	0
4764.44	0
4765.44	0
4766.44	0
4767.44	0
4768.44	0
4769.44	0
4770.44	0
4771.44	0
4772.44	0
4773.44	0
4774.44	0
4775.44	0
4776.44	0
4777.44	0
4778.44	0
4779.44	0
4780.44	0
4781.44	0
4782.44	0
4783.44	0
4784.44	0
4785.44	0
4786.44	0
4787.44	0
4788.44	0
4789.44	0
4790.44	0
4791.44	0
4792.44	0
4793.44	0
4794.44	0
4795.44	0
4796.44	0
4797.44	0
4798.44	0
4799.44	0
4800.44	0
4801.44	0
4802.44	0
4803.44	0
4804.44	0
4805.44	0
4806.44	0
4807.44	0
4808.44	0
4809.44	0
4810.44	0
4811.44	0
4812.44	0
4813.44	0
4814.44	0
4815.44	0
4816.44	0
4817.44	0
4818.44	0
4819.44	0
4820.44	0
4821.44	0
4822.44	0
4823.44	0
4824.44	0
4825.44	0
4826.44	0
4827.44	0
4828.44	0
4829.44	0
4830.44	0
4831.44	0
4832.44	0
4833.44	0
4834.44	0
4835.44	0
4836.44	0
4837.44	0
4838.44	0
4839.44	0
4840.44	0
4841.44	0
4842.44	0
4843.44	0
4844.44	0
4845.44	0
4846.44	0
4847.44	0
4848.44	0
4849.44	0
4850.44	0
4851.44	0
4852.44	0
4853.44	0
4854.44	0
4855.44	0
4856.44	0
4857.44	0
4858.44	0
4859.44	0
4860.44	0
4861.44	0
4862.44	0
4863.44	0
4864.44	0
4865.44	0
4866.44	0
4867.44	0
4868.44	0
4869.44	0
4870.44	0
4871.44	0
4872.44	0
4873.44	0
4874.44	0
4875.44	0
4876.44	0
4877.44	0
4878.44	0
4879.44	0
4880.44	0
4881.44	0
4882.44	0
4883.44	0
4884.44	0
4885.44	0
4886.44	0
4887.44	0
4888.44	0
4889.44	0
4890.44	0
4891.44	0
4892.44	0
4893.44	0
4894.44	0
4895.44	0
4896.44	0
4897.44	0
4898.44	0
4899.44	0
4900.44	0
4901.44	0
4902.44	0
4903.44	0
4904.44	0
4905.44	0
4906.44	0
4907.44	0
4908.44	0
4909.44	0
4910.44	0
4911.44	0
4912.44	0
4913.44	0
4914.44	0
4915.44	0
4916.44	0
4917.44	0
4918.44	0
4919.44	0
4920.44	0
4921.44	0
4922.44	0
4923.44	0
4924.44	0
4925.44	0
4926.44	0
4927.44	0
4928.44	0
4929.44	0
4930.44	0
4931.44	0
4932.44	0
4933.44	0
4934.44	0
4935.44	0
4936.44	0
4937.44	0
4938.44	0
4939.44	0
4940.44	0
4941.44	0
4942.44	0
4943.44	0
4944.44	0
4945.44	0
4946.44	0
4947.44	0
4948.44	0
4949.44	0
4950.44	0
4951.44	0
4952.44	0
4953.44	0
4954.44	0
4955.44	0
4956.44	0
4957.44	0
4958.44	0
4959.44	0
4960.44	0
4961.44	0
4962.44	0
4963.44	0
4964.44	0
4965.44	0
4966.44	0
4967.44	0
4968.44	0
4969.44	0
4970.44	0
4971.44	0
4972.44	0
4973.44	0
4974.44	0
4975.44	0
4976.44	0
4977.44	0
4978.44	0
4979.44	0
4980.44	0
4981.44	0
4982.44	0
4983.44	0
4984.44	0
4985.44	0
4986.44	0
4987.44	0
4988.44	0
4989.44	0
4990.44	0
4991.44	0
4992.44	0
4993.44	0
4994.44	0
4995.44	0
4996.44	0
4997.44	0
4998.44	0
4999.44	0
5000.44	0
5001.44	0
5002.44	0
5003.44	0
5004.44	0
5005.44	0
5006.44	0
5007.44	0
5008.44	0
5009.44	0
5010.44	0
5011.44	0
5012.44	0
5013.44	0
5014.44	0
5015.44	0
5016.44	0
5017.44	0
5018.44	0
5019.44	0
5020.44	0
5021.44	0
5022.44	0
5023.44	0
5024.44	0
5025.44	0
5026.44	0
5027.44	0
5028.44	0
5029.44	0
5030.44	0
5031.44	0
5032.44	0
5033.44	0
5034.44	0
5035.44	0
5036.44	0
5037.44	0
5038.44	0
5039.44	0
5040.44	0
5041.44	0
5042.44	0
5043.44	0
5044.44	0
5045.44	0
5046.44	0
5047.44	0
5048.44	0
5049.44	0
5050.44	0
5051.44	0
5052.44	0
5053.44	0
5054.44	0
5055.44	0
5056.44	0
5057.44	0
5058.44	0
5059.44	0
5060.44	0
5061.44	0
5062.44	0
5063.44	0
5064.44	0
5065.44	0
5066.44	0
5067.44	0
5068.44	0
5069.44	0
5070.44	0
5071.44	0
5072.44	0
5073.44	0
5074.44	0
5075.44	0
5076.44	0
5077.44	0
5078.44	0
5079.44	0
5080.44	0
5081.44	0
5082.44	0
5083.44	0
5084.44	0
5085.44	0
5086.44	0
5087.44	0
5088.44	0
5089.44	0
5090.44	0
5091.44	0
5092.44	0
5093.44	0
5094.44	0
5095.44	0
5096.44	0
5097.44	0
5098.44	0
5099.44	0
5100.44	0
5101.44	0
5102.44	0
5103.44	0
5104.44	0
5105.44	0
5106.44	0
5107.44	0
5108.44	0
5109.44	0
5110.44	0
5111.44	0
5112.44	0
5113.44	0
5114.44	0
5115.44	0
5116.44	0
5117.44	0
5118.44	0
5119.44	0
5120.44	0
5121.44	0
5122.44	0
5123.44	0
5124.44	0
5125.44	0
5126.44	0
5127.44	0
5128.44	0
5129.44	0
5130.44	0
5131.44	0
5132.44	0
5133.44	0
5134.44	0
5135.44	0
5136.44	0
5137.44	0
5138.44	0
5139.44	0
5140.44	0
5141.44	0
5142.44	0
5143.44	0
5144.44	0
5145.44	0
5146.44	0
5147.44	0
5148.44	0
5149.44	0
5150.44	0
5151.44	0
5152.44	0
5153.44	0
5154.44	0
5155.44	0
5156.44	0
5157.44	0
5158.44	0
5159.44	0
5160.44	0
5161.44	0
5162.44	0
5163.44	0
5164.44	0
5165.44	0
5166.44	0
5167.44	0
5168.44	0
5169.44	0
5170.44	0
5171.44	0
5172.44	0
5173.44	0
5174.44	0
5175.44	0
5176.44	0
5177.44	0
5178.44	0
5179.44	0
5180.44	0
5181.44	0
5182.44	0
5183.44	0
5184.44	0
5185.44	0
5186.44	0
5187.44	0
5188.44	0
5189.44	0
5190.44	0
5191.44	0
5192.44	0
5193.44	0
5194.44	0
5195.44	0
5196.44	0
5197.44	0
5198.44	0
5199.44	0
5200.44	0
5201.44	0
5202.44	0
5203.44	0
5204.44	0
5205.44	0
5206.44	0
5207.44	0
5208.44	0
5209.44	0
5210.44	0
5211.44	0
5212.44	0
5213.44	0
5214.44	0
5215.44	0
5216.44	0
5217.44	0
5218.44	0
5219.44	0
5220.44	0
5221.44	0
5222.44	0
5223.44	0
5224.44	0
5225.44	0
5226.44	0
5227.44	0
5228.44	0
5229.44	0
5230.44	0
5231.44	0
5232.44	0
5233.44	0
5234.44	0
5235.44	0
5236.44	0
5237.44	0
5238.44	0
5239.44	0
5240.44	0
5241.44	0
5242.44	0
5243.44	0
5244.44	0
5245.44	0
5246.44	0
5247.44	0
5248.44	0
5249.44	0
5250.44	0
5251.44	0
5252.44	0
5253.44	0
5254.44	0
5255.44	0
5256.44	0
5257.44	0
5258.44	0
5259.44	0
5260.44	0
5261.44	0
5262.44	0
5263.44	0
5264.44	0
5265.44	0
5266.44	0
5267.44	0
5268.44	0
5269.44	0
5270.44	0
5271.44	0
5272.44	0
5273.44	0
5274.44	0
5275.44	0
5276.44	0
5277.44	0
5278.44	0
5279.44	0
5280.44	0
5281.44	0
5282.44	0
5283.44	0
5284.44	0
5285.44	0
5286.44	0
5287.44	0
5288.44	0
5289.44	0
5290.44	0
5291.44	0
5292.44	0
5293.44	0
5294.44	0
5295.44	0
5296.44	0
5297.44	0
5298.44	0
5299.44	0
5300.44	0
5301.44	0
5302.44	0
5303.44	0
5304.44	0
5305.44	0
5306.44	0
5307.44	0
5308.44	0
5309.44	0
5310.44	0
5310.6	38.72
5311.58	39.98
5312.58	39.98
5313.58	39.98
5314.58	39.99
5315.58	39.98
5316.58	39.98
5317.58	39.98
5318.58	39.98
5319.58	39.98
5320.58	39.98
5321.58	39.98
5322.58	39.98
5323.58	39.98
5324.58	39.98
5325.58	39.98
5326.58	39.98
5327.58	39.98
5328.58	39.98
5329.58	39.98
5330.58	39.98
5331.58	39.98
5332.58	39.98
5333.58	39.98
5334.58	39.98
5335.58	39.98
5336.58	39.98
5337.58	39.98
5338.58	39.98
5339.58	39.99
5340.58	39.98
5341.58	39.98
5342.58	39.98
5343.58	39.98
5344.58	39.98
5345.58	39.98
5346.58	39.98
5347.58	39.98
5348.58	39.98
5349.58	39.98
5350.58	39.98
5351.58	39.98
5352.58	39.98
5353.58	39.98
5354.58	39.98
5355.58	39.98
5356.58	39.98
5357.58	39.98
5358.58	39.98
5359.58	39.98
5360.58	39.98
5361.58	39.98
5362.58	39.98
5363.58	39.98
5364.58	39.98
5365.58	39.98
5366.58	39.98
5367.58	39.98
5368.58	39.98
5369.58	39.98
5370.58	39.98
5371.58	39.98
5372.58	39.98
5373.58	39.98
5374.58	39.98
5375.58	39.98
5376.58	39.98
5377.58	39.98
5378.58	39.98
5379.58	39.98
5380.58	39.98
5381.58	39.98
5382.58	39.99
5383.58	39.99
5384.58	39.98
5385.58	39.98
5386.58	39.98
5387.58	39.98
5388.58	39.98
5389.58	39.98
5390.58	39.98
5391.58	39.98
5392.58	39.98
5393.58	39.98
5394.58	39.98
5395.58	39.98
5396.58	39.98
5397.58	39.98
5398.58	39.98
5399.58	39.98
5400.58	39.98
5401.58	39.98
5402.58	39.98
5403.58	39.98
5404.58	39.98
5405.58	39.98
5406.58	39.98
5407.58	39.98
5408.58	39.98
5409.58	39.98
5410.58	39.98
5411.58	39.98
5412.58	39.98
5413.58	39.98
5414.58	39.98
5415.58	39.98
5416.58	39.98
5417.58	39.98
5418.58	39.98
5419.58	39.98
5420.58	39.98
5421.58	39.98
5422.58	39.98
5423.58	39.98
5424.58	39.98
5425.58	39.98
5426.58	39.98
5427.58	39.98
5428.58	39.98
5429.58	39.98
5430.58	39.99
5431.58	39.98
5432.58	39.98
5433.58	39.98
5434.58	39.98
5435.58	39.98
5436.58	39.98
5437.58	39.98
5438.58	39.98
5439.58	39.98
5440.58	39.98
5441.58	39.98
5442.58	39.98
5443.58	39.98
5444.58	39.98
5445.58	39.98
5446.58	39.98
5447.58	39.98
5448.58	39.98
5449.58	39.98
5450.58	39.98
5451.58	39.98
5452.58	39.98
5453.58	39.98
5454.58	39.98
5455.58	39.98
5456.58	39.98
5457.58	39.98
5458.58	39.98
5459.58	39.98
5460.58	39.98
5461.58	39.98
5462.58	39.98
5463.58	39.98
5464.58	39.98
5465.58	39.98
5466.58	39.98
5467.58	39.98
5468.58	39.98
5469.58	39.98
5470.58	39.98
5471.58	39.98
5472.58	39.98
5473.58	39.98
5474.58	39.98
5475.58	39.98
5476.58	39.98
5477.58	39.98
5478.58	39.98
5479.58	39.98
5480.58	39.98
5481.58	39.98
5482.58	39.98
5483.58	39.98
5484.58	39.98
5485.58	39.98
5486.58	39.98
5487.58	39.98
5488.58	39.98
5489.58	39.98
5490.58	39.98
5491.58	39.98
5492.58	39.98
5493.58	39.98
5494.58	39.98
5495.58	39.98
5496.58	39.98
5497.58	39.98
5498.58	39.98
5499.58	39.98
5500.58	39.98
5501.58	39.98
5502.58	39.98
5503.58	39.98
5504.58	39.98
5505.58	39.98
5506.58	39.98
5507.58	39.98
5508.58	39.98
5509.58	39.98
5510.58	39.98
5511.58	39.98
5512.58	39.98
5513.58	39.98
5514.58	39.98
5515.58	39.98
5516.58	39.98
5517.58	39.98
5518.58	39.98
5519.58	39.98
5520.58	39.98
5521.58	39.98
5522.58	39.98
5523.58	39.98
5524.58	39.98
5525.58	39.98
5526.58	39.98
5527.58	39.98
5528.58	39.98
5529.58	39.98
5530.58	39.98
5531.58	39.98
5532.58	39.98
5533.58	39.98
5534.58	39.98
5535.58	39.98
5536.58	39.98
5537.58	39.98
5538.58	39.98
5539.58	39.98
5540.58	39.98
5541.58	39.98
5542.58	39.98
5543.58	39.98
5544.58	39.98
5545.58	39.98
5546.58	39.98
5547.58	39.98
5548.58	39.98
5549.58	39.98
5550.58	39.98
5551.58	39.98
5552.58	39.98
5553.58	39.98
5554.58	39.98
5555.58	39.98
5556.58	39.98
5557.58	39.98
5558.58	39.98
5559.58	39.98
5560.58	39.98
5561.58	39.98
5562.58	39.98
5563.58	39.98
5564.58	39.98
5565.58	39.98
5566.58	39.98
5567.58	39.98
5568.58	39.98
5569.58	39.98
5570.58	39.98
5571.58	39.98
5572.58	39.98
5573.58	39.98
5574.58	39.98
5575.58	39.98
5576.58	39.98
5577.58	39.98
5578.58	39.98
5579.58	39.98
5580.58	39.98
5581.58	39.98
5582.58	39.98
5583.58	39.98
5584.58	39.98
5585.58	39.98
5586.58	39.98
5587.58	39.98
5588.58	39.98
5589.58	39.98
5590.58	39.98
5591.58	39.98
5592.58	39.98
5593.58	39.98
5594.58	39.98
5595.58	39.98
5596.58	39.98
5597.58	39.98
5598.58	39.98
5599.58	39.98
5600.58	39.98
5601.58	39.98
5602.58	39.98
5603.58	39.98
5604.58	39.98
5605.58	39.98
5606.58	39.98
5607.58	39.98
5608.58	39.98
5609.58	39.98
5610.58	39.98
5611.58	39.98
5612.58	39.98
5613.58	39.98
5614.58	39.98
5615.58	39.98
5616.58	39.98
5617.58	39.98
5618.58	39.98
5619.58	39.98
5620.58	39.98
5621.58	39.98
5622.58	39.98
5623.58	39.98
5624.58	39.98
5625.58	39.98
5626.58	39.98
5627.58	39.98
5628.58	39.98
5629.58	39.98
5630.58	39.98
5631.58	39.98
5632.58	39.98
5633.58	39.98
5634.58	39.98
5635.58	39.98
5636.58	39.98
5637.58	39.98
5638.58	39.98
5639.58	39.98
5640.58	39.98
5641.58	39.98
5642.58	39.98
5643.58	39.98
5644.58	39.98
5645.58	39.98
5646.58	39.98
5647.58	39.98
5648.58	39.98
5649.58	39.98
5650.58	39.98
5651.58	39.98
5652.58	39.98
5653.58	39.98
5654.58	39.98
5655.58	39.98
5656.58	39.99
5657.58	39.98
5658.58	39.98
5659.58	39.98
5660.58	39.98
5661.58	39.98
5662.58	39.98
5663.58	39.98
5664.58	39.98
5665.58	39.98
5666.58	39.98
5667.58	39.98
5668.58	39.98
5669.58	39.98
5670.58	39.98
5671.58	39.98
5672.58	39.98
5673.58	39.98
5674.58	39.98
5675.58	39.98
5676.58	39.98
5677.58	39.98
5678.58	39.98
5679.58	39.98
5680.58	39.98
5681.58	39.98
5682.58	39.98
5683.58	39.98
5684.58	39.98
5685.58	39.98
5686.58	39.98
5687.58	39.98
5688.58	39.98
5689.58	39.98
5690.58	39.98
5691.58	39.99
5692.58	39.98
5693.58	39.98
5694.58	39.98
5695.58	39.98
5696.58	39.98
5697.58	39.98
5698.58	39.98
5699.58	39.98
5700.58	39.98
5701.58	39.98
5702.58	39.98
5703.58	39.98
5704.58	39.98
5705.58	39.98
5706.58	39.98
5707.58	39.98
5708.58	39.98
5709.58	39.98
5710.58	39.98
5711.58	39.98
5712.58	39.98
5713.58	39.98
5714.58	39.98
5715.58	39.98
5716.58	39.98
5717.58	39.98
5718.58	39.98
5719.58	39.98
5720.58	39.98
5721.58	39.98
5722.58	39.98
5723.58	39.98
5724.58	39.98
5725.58	39.98
5726.58	39.98
5727.58	39.98
5728.58	39.98
5729.58	39.98
5730.58	39.98
5731.58	39.98
5732.58	39.98
5733.58	39.98
5734.58	39.98
5735.58	39.98
5736.58	39.98
5737.58	39.98
5738.58	39.98
5739.58	39.98
5740.58	39.98
5741.58	39.98
5742.58	39.98
5743.58	39.98
5744.58	39.98
5745.58	39.98
5746.58	39.98
5747.58	39.98
5748.58	39.98
5749.58	39.98
5750.58	39.98
5751.58	39.98
5752.58	39.98
5753.58	39.98
5754.58	39.98
5755.58	39.98
5756.58	39.98
5757.58	39.98
5758.58	39.98
5759.58	39.98
5760.58	39.98
5761.58	39.98
5762.58	39.98
5763.58	39.98
5764.58	39.98
5765.58	39.98
5766.58	39.98
5767.58	39.98
5768.58	39.98
5769.58	39.98
5770.58	39.98
5771.58	39.98
5772.58	39.98
5773.58	39.98
5774.58	39.98
5775.58	39.98
5776.58	39.98
5777.58	39.98
5778.58	39.98
5779.58	39.98
5780.58	39.98
5781.58	39.98
5782.58	39.98
5783.58	39.98
5784.58	39.98
5785.58	39.98
5786.58	39.98
5787.58	39.98
5788.58	39.98
5789.58	39.98
5790.58	39.98
5791.58	39.98
5792.58	39.98
5793.58	39.98
5794.58	39.98
5795.58	39.98
5796.58	39.98
5797.58	39.98
5798.58	39.98
5799.58	39.98
5800.58	39.98
5801.58	39.98
5802.58	39.98
5803.58	39.98
5804.58	39.98
5805.58	39.98
5806.58	39.98
5807.58	39.98
5808.58	39.98
5809.58	39.98
5810.58	39.98
5811.58	39.98
5812.58	39.98
5813.58	39.98
5814.58	39.98
5815.58	39.98
5816.58	39.98
5817.58	39.98
5818.58	39.98
5819.58	39.98
5820.58	39.98
5821.58	39.98
5822.58	39.98
5823.58	39.98
5824.58	39.98
5825.58	39.98
5826.58	39.98
5827.58	39.98
5828.58	39.98
5829.58	39.98
5830.58	39.98
5831.58	39.98
5832.58	39.98
5833.58	39.98
5834.58	39.98
5835.58	39.98
5836.58	39.98
5837.58	39.98
5838.58	39.98
5839.58	39.98
5840.58	39.98
5841.58	39.98
5842.58	39.98
5843.58	39.98
5844.58	39.98
5845.58	39.99
5846.58	39.98
5847.58	39.98
5848.58	39.98
5849.58	39.98
5850.58	39.98
5851.58	39.99
5852.58	39.98
5853.58	39.98
5854.58	39.99
5855.58	39.98
5856.58	39.98
5857.58	39.98
5858.58	39.98
5859.58	39.98
5860.58	39.98
5861.58	39.98
5862.58	39.98
5863.58	39.98
5864.58	39.98
5865.58	39.98
5866.58	39.98
5867.58	39.98
5868.58	39.98
5869.58	39.98
5870.58	39.98
5871.58	39.98
5872.58	39.98
5873.58	39.98
5874.58	39.98
5875.58	39.98
5876.58	39.98
5877.58	39.99
5878.58	39.98
5879.58	39.98
5880.58	39.98
5881.58	39.98
5882.58	39.98
5883.58	39.98
5884.58	39.98
5885.58	39.98
5886.58	39.98
5887.58	39.98
5888.58	39.98
5889.58	39.98
5890.58	39.98
5891.58	39.98
5892.58	39.98
5893.58	39.98
5894.58	39.98
5895.58	39.98
5896.58	39.98
5897.58	39.98
5898.58	39.98
5899.58	39.98
5900.58	39.98
5901.58	39.98
5902.58	39.98
5903.58	39.98
5904.58	39.98
5905.58	39.98
5906.58	39.98
5907.58	39.98
5908.58	39.98
5909.58	39.98
5910.58	39.98
5911.58	39.98
5912.58	39.98
5913.58	39.98
5914.58	39.98
5915.58	39.98
5916.58	39.98
5917.58	39.98
5918.58	39.98
5919.58	39.98
5920.58	39.98
5921.58	39.98
5922.58	39.98
5923.58	39.98
5924.58	39.98
5925.58	39.98
5926.58	39.98
5927.58	39.98
5928.58	39.98
5929.58	39.98
5930.58	39.98
5931.58	39.98
5932.58	39.98
5933.58	39.98
5934.58	39.98
5935.58	39.98
5936.58	39.98
5937.58	39.98
5938.58	39.98
5939.58	39.98
5940.58	39.98
5941.58	39.98
5942.58	39.98
5943.58	39.98
5944.58	39.98
5945.58	39.98
5946.58	39.98
5947.58	39.98
5948.58	39.98
5949.58	39.98
5950.58	39.98
5951.58	39.98
5952.58	39.98
5953.58	39.98
5954.58	39.98
5955.58	39.98
5956.58	39.98
5957.58	39.98
5958.58	39.98
5959.58	39.98
5960.58	39.98
5961.58	39.98
5962.58	39.98
5963.58	39.98
5964.58	39.98
5965.58	39.98
5966.58	39.98
5967.58	39.98
5968.58	39.98
5969.58	39.98
5970.58	39.98
5971.58	39.98
5972.58	39.98
5973.58	39.98
5974.58	39.98
5975.58	39.98
5976.58	39.98
5977.58	39.98
5978.58	39.98
5979.58	39.98
5980.58	39.98
5981.58	39.98
5982.58	39.98
5983.58	39.98
5984.58	39.98
5985.58	39.98
5986.58	39.98
5987.58	39.98
5988.58	39.98
5989.58	39.98
5990.58	39.98
5991.58	39.98
5992.58	39.98
5993.58	39.98
5994.58	39.98
5995.58	39.98
5996.58	39.98
5997.58	39.98
5998.58	39.98
5999.58	39.98
6000.58	39.98
6001.58	39.98
6002.58	39.98
6003.58	39.98
6004.58	39.98
6005.58	39.98
6006.58	39.98
6007.58	39.98
6008.58	39.98
6009.58	39.98
6010.58	39.98
6011.58	39.98
6012.58	39.98
6013.58	39.98
6014.58	39.98
6015.58	39.98
6016.58	39.98
6017.58	39.98
6018.58	39.98
6019.58	39.98
6020.58	39.98
6021.58	39.98
6022.58	39.98
6023.58	39.99
6024.58	39.98
6025.58	39.98
6026.58	39.98
6027.58	39.98
6028.58	39.98
6029.58	39.98
6030.58	39.98
6031.58	39.98
6032.58	39.98
6033.58	39.98
6034.58	39.98
6035.58	39.98
6036.58	39.98
6037.58	39.98
6038.58	39.98
6039.58	39.98
6040.58	39.98
6041.58	39.98
6042.58	39.98
6043.58	39.98
6044.58	39.98
6045.58	39.98
6046.58	39.98
6047.58	39.98
6048.58	39.98
6049.58	39.98
6050.58	39.98
6051.58	39.98
6052.58	39.98
6053.58	39.98
6054.58	39.98
6055.58	39.98
6056.58	39.98
6057.58	39.98
6058.58	39.98
6059.58	39.98
6060.58	39.98
6061.58	39.98
6062.58	39.98
6063.58	39.98
6064.58	39.98
6065.58	39.98
6066.58	39.98
6067.58	39.98
6068.58	39.98
6069.58	39.98
6070.58	39.98
6071.58	39.98
6072.58	39.98
6073.58	39.98
6074.58	39.98
6075.58	39.98
6076.58	39.98
6077.58	39.98
6078.58	39.98
6079.58	39.98
6080.58	39.98
6081.58	39.98
6082.58	39.98
6083.58	39.98
6084.58	39.98
6085.58	39.98
6086.58	39.98
6087.58	39.98
6088.58	39.98
6089.58	39.98
6090.58	39.98
6091.58	39.98
6092.58	39.98
6093.58	39.98
6094.58	39.98
6095.58	39.98
6096.58	39.98
6097.58	39.98
6098.58	39.98
6099.58	39.98
6100.58	39.98
6101.58	39.98
6102.58	39.98
6103.58	39.98
6104.58	39.98
6105.58	39.98
6106.58	39.98
6107.58	39.98
6108.58	39.98
6109.58	39.98
6110.58	39.98
6111.58	39.98
6112.58	39.98
6113.58	39.98
6114.58	39.98
6115.58	39.98
6116.58	39.98
6117.58	39.98
6118.58	39.98
6119.58	39.98
6120.58	39.98
6121.58	39.98
6122.58	39.98
6123.58	39.98
6124.58	39.98
6125.58	39.98
6126.58	39.98
6127.58	39.98
6128.58	39.98
6129.58	39.98
6130.58	39.98
6131.58	39.98
6132.58	39.98
6133.58	39.98
6134.58	39.98
6135.58	39.98
6136.58	39.98
6137.58	39.98
6138.58	39.97
6139.58	39.98
6140.58	39.98
6141.58	39.98
6142.58	39.98
6143.58	39.98
6144.58	39.98
6145.58	39.98
6146.58	39.98
6147.58	39.98
6148.58	39.98
6149.58	39.98
6150.58	39.98
6151.58	39.98
6152.58	39.98
6153.58	39.98
6154.58	39.98
6155.58	39.98
6156.58	39.98
6157.58	39.98
6158.58	39.98
6159.58	39.98
6160.58	39.98
6161.58	39.98
6162.58	39.98
6163.58	39.98
6164.58	39.98
6165.58	39.98
6166.58	39.98
6167.58	39.98
6168.58	39.97
6169.58	39.98
6170.58	39.98
6171.58	39.98
6172.58	39.98
6173.58	39.98
6174.58	39.98
6175.58	39.98
6176.58	39.98
6177.58	39.98
6178.58	39.98
6179.58	39.98
6180.58	39.98
6181.58	39.98
6182.58	39.98
6183.58	39.98
6184.58	39.98
6185.58	39.98
6186.58	39.98
6187.58	39.98
6188.58	39.98
6189.58	39.98
6190.58	39.98
6191.58	39.98
6192.58	39.98
6193.58	39.98
6194.58	39.98
6195.58	39.98
6196.58	39.98
6197.58	39.98
6198.58	39.98
6199.58	39.98
6200.58	39.98
6201.58	39.98
6202.58	39.98
6203.58	39.98
6204.58	39.98
6205.58	39.98
6206.58	39.98
6207.58	39.98
6208.58	39.98
6209.58	39.98
6210.58	39.98
6211.58	39.98
6212.58	39.98
6213.58	39.98
6214.58	39.98
6215.58	39.98
6216.58	39.98
6217.58	39.98
6218.58	39.98
6219.58	39.98
6220.58	39.98
6221.58	39.98
6222.58	39.98
6223.58	39.98
6224.58	39.98
6225.58	39.98
6226.58	39.98
6227.58	39.98
6228.58	39.98
6229.58	39.98
6230.58	39.98
6231.58	39.98
6232.58	39.98
6233.58	39.98
6234.58	39.98
6235.58	39.98
6236.58	39.98
6237.58	39.98
6238.58	39.98
6239.58	39.98
6240.58	39.98
6241.58	39.98
6242.58	39.98
6243.58	39.98
6244.58	39.98
6245.58	39.98
6246.58	39.98
6247.58	39.98
6248.58	39.98
6249.58	39.98
6250.58	39.98
6251.58	39.98
6252.58	39.98
6253.58	39.99
6254.58	39.98
6255.58	39.98
6256.58	39.98
6257.58	39.98
6258.58	39.98
6259.58	39.98
6260.58	39.98
6261.58	39.98
6262.58	39.98
6263.58	39.98
6264.58	39.98
6265.58	39.98
6266.58	39.98
6267.58	39.98
6268.58	39.98
6269.58	39.98
6270.58	39.98
6271.58	39.98
6272.58	39.98
6273.58	39.98
6274.58	39.98
6275.58	39.98
6276.58	39.98
6277.58	39.98
6278.58	39.98
6279.58	39.98
6280.58	39.98
6281.58	39.98
6282.58	39.98
6283.58	39.98
6284.58	39.98
6285.58	39.98
6286.58	39.98
6287.58	39.98
6288.58	39.98
6289.58	39.98
6290.58	39.98
6291.58	39.98
6292.58	39.98
6293.58	39.98
6294.58	39.98
6295.58	39.98
6296.58	39.98
6297.58	39.98
6298.58	39.98
6299.58	39.98
6300.58	39.98
6301.58	39.98
6302.58	39.98
6303.58	39.98
6304.58	39.98
6305.58	39.98
6306.58	39.98
6307.58	39.98
6308.58	39.98
6309.58	39.98
6310.58	39.98
6311.58	39.98
6312.58	39.98
6313.58	39.98
6314.58	39.98
6315.58	39.98
6316.58	39.98
6317.58	39.98
6318.58	39.98
6319.58	39.98
6320.58	39.98
6321.58	39.98
6322.58	39.98
6323.58	39.98
6324.58	39.98
6325.58	39.98
6326.58	39.98
6327.58	39.98
6328.58	39.98
6329.58	39.98
6330.58	39.98
6331.58	39.98
6332.58	39.98
6333.58	39.98
6334.58	39.98
6335.58	39.98
6336.58	39.98
6337.58	39.98
6338.58	39.98
6339.58	39.98
6340.58	39.98
6341.58	39.98
6342.58	39.98
6343.58	39.98
6344.58	39.98
6345.58	39.98
6346.58	39.98
6347.58	39.98
6348.58	39.98
6349.58	39.98
6350.58	39.98
6351.58	39.98
6352.58	39.98
6353.58	39.98
6354.58	39.98
6355.58	39.98
6356.58	39.98
6357.58	39.98
6358.58	39.98
6359.58	39.98
6360.58	39.98
6361.58	39.98
6362.58	39.98
6363.58	39.98
6364.58	39.98
6365.58	39.98
6366.58	39.98
6367.58	39.98
6368.58	39.98
6369.58	39.98
6370.58	39.98
6371.58	39.98
6372.58	39.98
6373.58	39.98
6374.58	39.98
6375.58	39.98
6376.58	39.98
6377.58	39.98
6378.58	39.98
6379.58	39.98
6380.58	39.98
6381.58	39.98
6382.58	39.98
6383.58	39.98
6384.58	39.98
6385.58	39.98
6386.58	39.98
6387.58	39.98
6388.58	39.98
6389.58	39.98
6390.58	39.98
6391.58	39.98
6392.58	39.98
6393.58	39.98
6394.58	39.98
6395.58	39.98
6396.58	39.98
6397.58	39.98
6398.58	39.98
6399.58	39.98
6400.58	39.98
6401.58	39.98
6402.58	39.98
6403.58	39.98
6404.58	39.98
6405.58	39.98
6406.58	39.98
6407.58	39.98
6408.58	39.98
6409.58	39.98
6410.58	39.98
6411.58	39.98
6412.58	39.98
6413.58	39.98
6414.58	39.98
6415.58	39.98
6416.58	39.98
6417.58	39.98
6418.58	39.98
6419.58	39.98
6420.58	39.98
6421.58	39.98
6422.58	39.98
6423.58	39.98
6424.58	39.98
6425.58	39.98
6426.58	39.98
6427.58	39.98
6428.58	39.98
6429.58	39.98
6430.58	39.98
6431.58	39.98
6432.58	39.98
6433.58	39.98
6434.58	39.98
6435.58	39.98
6436.58	39.98
6437.58	39.98
6438.58	39.98
6439.58	39.98
6440.58	39.98
6441.58	39.98
6442.58	39.98
6443.58	39.98
6444.58	39.98
6445.58	39.98
6446.58	39.98
6447.58	39.98
6448.58	39.98
6449.58	39.98
6450.58	39.98
6451.58	39.98
6452.58	39.98
6453.58	39.98
6454.58	39.98
6455.58	39.98
6456.58	39.98
6457.58	39.98
6458.58	39.98
6459.58	39.98
6460.58	39.98
6461.58	39.98
6462.58	39.98
6463.58	39.98
6464.58	39.98
6465.58	39.98
6466.58	39.98
6467.58	39.98
6468.58	39.98
6469.58	39.98
6470.58	39.98
6471.58	39.98
6472.58	39.98
6473.58	39.98
6474.58	39.98
6475.58	39.98
6476.58	39.98
6477.58	39.98
6478.58	39.98
6479.58	39.98
6480.58	39.98
6481.58	39.98
6482.58	39.98
6483.58	39.98
6484.58	39.98
6485.58	39.98
6486.58	39.98
6487.58	39.99
6488.58	39.98
6489.58	39.99
6490.58	39.98
6491.58	39.98
6492.58	39.99
6493.58	39.98
6494.58	39.98
6495.58	39.98
6496.58	39.98
6497.58	39.98
6498.58	39.98
6499.58	39.98
6500.58	39.98
6501.58	39.98
6502.58	39.98
6503.58	39.98
6504.58	39.98
6505.58	39.98
6506.58	39.98
6507.58	39.98
6508.58	39.98
6509.58	39.98
6510.58	39.98
6510.6	-7.668
6511.58	-8.023
6512.58	-8.023
6513.58	-8.02
6514.58	-8.022
6515.58	-8.02
6516.58	-8.025
6517.58	-8.022
6518.58	-8.02
6519.58	-8.018
6520.58	-8.022
6521.58	-8.019
6522.58	-8.019
6523.58	-8.02
6524.58	-8.021
6525.58	-8.024
6526.58	-8.019
6527.58	-8.019
6528.58	-8.019
6529.58	-8.023
6530.58	-8.021
6531.58	-8.026
6532.58	-8.019
6533.58	-8.02
6534.58	-8.023
6535.58	-8.022
6536.58	-8.02
6537.58	-8.02
6538.58	-8.018
6539.58	-8.026
6540.58	-8.024
6541.58	-8.023
6542.58	-8.023
6543.58	-8.022
6544.58	-8.02
6545.58	-8.021
6546.58	-8.022
6547.58	-8.023
6548.58	-8.02
6549.58	-8.02
6550.58	-8.019
6551.58	-8.023
6552.58	-8.02
6553.58	-8.022
6554.58	-8.02
6555.58	-8.02
6556.58	-8.02
6557.58	-8.021
6558.58	-8.024
6559.58	-8.019
6560.58	-8.019
6561.58	-8.019
6562.58	-8.019
6563.58	-8.02
6564.58	-8.022
6565.58	-8.022
6566.58	-8.02
6567.58	-8.023
6568.58	-8.021
6569.58	-8.019
6570.58	-8.022
6571.58	-8.021
6572.58	-8.022
6573.58	-8.019
6574.58	-8.022
6575.58	-8.02
6576.58	-8.02
6577.58	-8.018
6578.58	-8.021
6579.58	-8.021
6580.58	-8.016
6581.58	-8.021
6582.58	-8.02
6583.58	-8.019
6584.58	-8.02
6585.58	-8.018
6586.58	-8.016
6587.58	-8.017
6588.58	-8.016
6589.58	-8.016
6590.58	-8.016
6591.58	-8.016
6592.58	-8.016
6593.58	-8.016
6594.58	-8.017
6595.58	-8.015
6596.58	-8.013
6597.58	-8.015
6598.58	-8.014
6599.58	-8.016
6600.58	-8.016
6601.58	-8.015
6602.58	-8.015
6603.58	-8.019
6604.58	-8.017
6605.58	-8.017
6606.58	-8.014
6607.58	-8.016
6608.58	-8.016
6609.58	-8.014
6610.58	-8.018
6611.58	-8.016
6612.58	-8.017
6613.58	-8.015
6614.58	-8.017
6615.58	-8.015
6616.58	-8.015
6617.58	-8.018
6618.58	-8.015
6619.58	-8.016
6620.58	-8.015
6621.58	-8.017
6622.58	-8.017
6623.58	-8.014
6624.58	-8.017
6625.58	-8.017
6626.58	-8.015
6627.58	-8.018
6628.58	-8.017
6629.58	-8.016
6630.58	-8.017
6631.58	-8.016
6632.58	-8.016
6633.58	-8.016
6634.58	-8.013
6635.58	-8.017
6636.58	-8.017
6637.58	-8.019
6638.58	-8.016
6639.58	-8.015
6640.58	-8.015
6641.58	-8.015
6642.58	-8.018
6643.58	-8.017
6644.58	-8.018
6645.58	-8.011
6646.58	-8.016
6647.58	-8.013
6648.58	-8.014
6649.58	-8.018
6650.58	-8.019
6651.58	-8.017
6652.58	-8.018
6653.58	-8.017
6654.58	-8.019
6655.58	-8.016
6656.58	-8.018
6657.58	-8.015
6658.58	-8.016
6659.58	-8.01
6660.58	-8.015
6661.58	-8.014
6662.58	-8.018
6663.58	-8.018
6664.58	-8.018
6665.58	-8.018
6666.58	-8.014
6667.58	-8.016
6668.58	-8.017
6669.58	-8.017
6670.58	-8.018
6671.58	-8.017
6672.58	-8.017
6673.58	-8.016
6674.58	-8.016
6675.58	-8.018
6676.58	-8.018
6677.58	-8.013
6678.58	-8.017
6679.58	-8.016
6680.58	-8.017
6681.58	-8.015
6682.58	-8.018
6683.58	-8.02
6684.58	-8.018
6685.58	-8.015
6686.58	-8.018
6687.58	-8.018
6688.58	-8.016
6689.58	-8.018
6690.58	-8.015
6691.58	-8.018
6692.58	-8.015
6693.58	-8.018
6694.58	-8.017
6695.58	-8.018
6696.58	-8.018
6697.58	-8.019
6698.58	-8.017
6699.58	-8.021
6700.58	-8.023
6701.58	-8.023
6702.58	-8.022
6703.58	-8.025
6704.58	-8.021
6705.58	-8.02
6706.58	-8.023
6707.58	-8.022
6708.58	-8.021
6709.58	-8.022
6710.58	-8.022
6711.58	-8.02
6712.58	-8.021
6713.58	-8.022
6714.58	-8.021
6715.58	-8.023
6716.58	-8.02
6717.58	-8.024
6718.58	-8.02
6719.58	-8.021
6720.58	-8.018
6721.58	-8.02
6722.58	-8.025
6723.58	-8.018
6724.58	-8.021
6725.58	-8.02
6726.58	-8.022
6727.58	-8.021
6728.58	-8.021
6729.58	-8.02
6730.58	-8.02
6731.58	-8.023
6732.58	-8.026
6733.58	-8.021
6734.58	-8.021
6735.58	-8.02
6736.58	-8.021
6737.58	-8.027
6738.58	-8.021
6739.58	-8.023
6740.58	-8.023
6741.58	-8.018
6742.58	-8.02
6743.58	-8.024
6744.58	-8.025
6745.58	-8.019
6746.58	-8.022
6747.58	-8.021
6748.58	-8.021
6749.58	-8.022
6750.58	-8.022
6751.58	-8.02
6752.58	-8.023
6753.58	-8.022
6754.58	-8.019
6755.58	-8.019
6756.58	-8.019
6757.58	-8.02
6758.58	-8.02
6759.58	-8.021
6760.58	-8.02
6761.58	-8.021
6762.58	-8.025
6763.58	-8.024
6764.58	-8.021
6765.58	-8.021
6766.58	-8.022
6767.58	-8.02
6768.58	-8.019
6769.58	-8.023
6770.58	-8.02
6771.58	-8.018
6772.58	-8.021
6773.58	-8.023
6774.58	-8.021
6775.58	-8.019
6776.58	-8.02
6777.58	-8.018
6778.58	-8.022
6779.58	-8.022
6780.58	-8.021
6781.58	-8.02
6782.58	-8.02
6783.58	-8.019
6784.58	-8.018
6785.58	-8.024
6786.58	-8.022
6787.58	-8.02
6788.58	-8.02
6789.58	-8.024
6790.58	-8.022
6791.58	-8.023
6792.58	-8.022
6793.58	-8.018
6794.58	-8.021
6795.58	-8.023
6796.58	-8.023
6797.58	-8.022
6798.58	-8.021
6799.58	-8.022
6800.58	-8.023
6801.58	-8.023
6802.58	-8.021
6803.58	-8.022
6804.58	-8.024
6805.58	-8.022
6806.58	-8.023
6807.58	-8.02
6808.58	-8.023
6809.58	-8.022
6810.58	-8.022
6811.58	-8.021
6812.58	-8.024
6813.58	-8.02
6814.58	-8.025
6815.58	-8.02
6816.58	-8.025
6817.58	-8.023
6818.58	-8.022
6819.58	-8.025
6820.58	-8.021
6821.58	-8.022
6822.58	-8.024
6823.58	-8.024
6824.58	-8.025
6825.58	-8.023
6826.58	-8.025
6827.58	-8.024
6828.58	-8.022
6829.58	-8.023
6830.58	-8.022
6831.58	-8.024
6832.58	-8.024
6833.58	-8.022
6834.58	-8.023
6835.58	-8.019
6836.58	-8.023
6837.58	-8.021
6838.58	-8.023
6839.58	-8.023
6840.58	-8.021
6841.58	-8.024
6842.58	-8.023
6843.58	-8.023
6844.58	-8.022
6845.58	-8.02
6846.58	-8.024
6847.58	-8.023
6848.58	-8.021
6849.58	-8.02
6850.58	-8.022
6851.58	-8.021
6852.58	-8.023
6853.58	-8.021
6854.58	-8.022
6855.58	-8.022
6856.58	-8.024
6857.58	-8.021
6858.58	-8.024
6859.58	-8.023
6860.58	-8.025
6861.58	-8.02
6862.58	-8.022
6863.58	-8.023
6864.58	-8.023
6865.58	-8.025
6866.58	-8.022
6867.58	-8.021
6868.58	-8.021
6869.58	-8.023
6870.58	-8.023
6871.58	-8.023
6872.58	-8.023
6873.58	-8.025
6874.58	-8.022
6875.58	-8.022
6876.58	-8.02
6877.58	-8.022
6878.58	-8.025
6879.58	-8.024
6880.58	-8.023
6881.58	-8.023
6882.58	-8.024
6883.58	-8.024
6884.58	-8.02
6885.58	-8.021
6886.58	-8.024
6887.58	-8.026
6888.58	-8.022
6889.58	-8.022
6890.58	-8.023
6891.58	-8.024
6892.58	-8.025
6893.58	-8.022
6894.58	-8.022
6895.58	-8.024
6896.58	-8.022
6897.58	-8.022
6898.58	-8.024
6899.58	-8.024
6900.58	-8.023
6901.58	-8.026
6902.58	-8.023
6903.58	-8.022
6904.58	-8.022
6905.58	-8.022
6906.58	-8.023
6907.58	-8.021
6908.58	-8.023
6909.58	-8.024
6910.58	-8.019
6911.58	-8.023
6912.58	-8.023
6913.58	-8.021
6914.58	-8.022
6915.58	-8.024
6916.58	-8.024
6917.58	-8.022
6918.58	-8.022
6919.58	-8.023
6920.58	-8.021
6921.58	-8.023
6922.58	-8.022
6923.58	-8.023
6924.58	-8.022
6925.58	-8.022
6926.58	-8.019
6927.58	-8.022
6928.58	-8.022
6929.58	-8.021
6930.58	-8.023
6931.58	-8.024
6932.58	-8.024
6933.58	-8.022
6934.58	-8.022
6935.58	-8.026
6936.58	-8.021
6937.58	-8.024
6938.58	-8.02
6939.58	-8.021
6940.58	-8.022
6941.58	-8.025
6942.58	-8.024
6943.58	-8.022
6944.58	-8.021
6945.58	-8.023
6946.58	-8.022
6947.58	-8.024
6948.58	-8.024
6949.58	-8.024
6950.58	-8.023
6951.58	-8.025
6952.58	-8.023
6953.58	-8.021
6954.58	-8.024
6955.58	-8.023
6956.58	-8.023
6957.58	-8.021
6958.58	-8.025
6959.58	-8.022
6960.58	-8.021
6961.58	-8.022
6962.58	-8.021
6963.58	-8.024
6964.58	-8.022
6965.58	-8.019
6966.58	-8.019
6967.58	-8.026
6968.58	-8.021
6969.58	-8.024
6970.58	-8.022
6971.58	-8.022
6972.58	-8.022
6973.58	-8.024
6974.58	-8.021
6975.58	-8.021
6976.58	-8.022
6977.58	-8.021
6978.58	-8.023
6979.58	-8.026
6980.58	-8.019
6981.58	-8.024
6982.58	-8.024
6983.58	-8.023
6984.58	-8.02
6985.58	-8.022
6986.58	-8.022
6987.58	-8.021
6988.58	-8.021
6989.58	-8.023
6990.58	-8.024
6991.58	-8.022
6992.58	-8.024
6993.58	-8.02
6994.58	-8.02
6995.58	-8.023
6996.58	-8.021
6997.58	-8.02
6998.58	-8.022
6999.58	-8.022
7000.58	-8.023
7001.58	-8.023
7002.58	-8.021
7003.58	-8.023
7004.58	-8.024
7005.58	-8.023
7006.58	-8.023
7007.58	-8.023
7008.58	-8.024
7009.58	-8.021
7010.58	-8.02
7011.58	-8.021
7012.58	-8.022
7013.58	-8.021
7014.58	-8.024
7015.58	-8.024
7016.58	-8.022
7017.58	-8.022
7018.58	-8.025
7019.58	-8.022
7020.58	-8.022
7021.58	-8.022
7022.58	-8.022
7023.58	-8.022
7024.58	-8.024
7025.58	-8.022
7026.58	-8.021
7027.58	-8.025
7028.58	-8.021
7029.58	-8.022
7030.58	-8.023
7031.58	-8.021
7032.58	-8.02
7033.58	-8.025
7034.58	-8.024
7035.58	-8.023
7036.58	-8.022
7037.58	-8.023
7038.58	-8.022
7039.58	-8.022
7040.58	-8.025
7041.58	-8.024
7042.58	-8.023
7043.58	-8.023
7044.58	-8.026
7045.58	-8.023
7046.58	-8.022
7047.58	-8.021
7048.58	-8.022
7049.58	-8.023
7050.58	-8.02
7051.58	-8.023
7052.58	-8.023
7053.58	-8.021
7054.58	-8.023
7055.58	-8.021
7056.58	-8.023
7057.58	-8.023
7058.58	-8.023
7059.58	-8.02
7060.58	-8.022
7061.58	-8.023
7062.58	-8.023
7063.58	-8.022
7064.58	-8.023
7065.58	-8.023
7066.58	-8.021
7067.58	-8.024
7068.58	-8.022
7069.58	-8.023
7070.58	-8.023
7071.58	-8.022
7072.58	-8.023
7073.58	-8.023
7074.58	-8.023
7075.58	-8.022
7076.58	-8.022
7077.58	-8.02
7078.58	-8.026
7079.58	-8.021
7080.58	-8.023
7081.58	-8.026
7082.58	-8.022
7083.58	-8.025
7084.58	-8.023
7085.58	-8.021
7086.58	-8.021
7087.58	-8.026
7088.58	-8.022
7089.58	-8.023
7090.58	-8.024
7091.58	-8.021
7092.58	-8.02
7093.58	-8.027
7094.58	-8.024
7095.58	-8.023
7096.58	-8.024
7097.58	-8.022
7098.58	-8.025
7099.58	-8.023
7100.58	-8.026
7101.58	-8.023
7102.58	-8.024
7103.58	-8.023
7104.58	-8.021
7105.58	-8.023
7106.58	-8.025
7107.58	-8.022
7108.58	-8.022
7109.58	-8.025
7110.58	-8.024
7111.58	-8.022
7112.58	-8.021
7113.58	-8.025
7114.58	-8.022
7115.58	-8.021
7116.58	-8.022
7117.58	-8.025
7118.58	-8.022
7119.58	-8.019
7120.58	-8.02
7121.58	-8.021
7122.58	-8.022
7123.58	-8.023
7124.58	-8.026
7125.58	-8.022
7126.58	-8.02
7127.58	-8.023
7128.58	-8.025
7129.58	-8.025
7130.58	-8.02
7131.58	-8.021
7132.58	-8.021
7133.58	-8.023
7134.58	-8.025
7135.58	-8.021
7136.58	-8.025
7137.58	-8.022
7138.58	-8.023
7139.58	-8.024
7140.58	-8.023
7141.58	-8.023
7142.58	-8.021
7143.58	-8.021
7144.58	-8.024
7145.58	-8.021
7146.58	-8.025
7147.58	-8.021
7148.58	-8.023
7149.58	-8.02
7150.58	-8.024
7151.58	-8.022
7152.58	-8.022
7153.58	-8.026
7154.58	-8.023
7155.58	-8.021
7156.58	-8.023
7157.58	-8.027
7158.58	-8.024
7159.58	-8.025
7160.58	-8.024
7161.58	-8.021
7162.58	-8.025
7163.58	-8.023
7164.58	-8.023
7165.58	-8.023
7166.58	-8.02
7167.58	-8.022
7168.58	-8.02
7169.58	-8.022
7170.58	-8.023
7171.58	-8.026
7172.58	-8.025
7173.58	-8.025
7174.58	-8.021
7175.58	-8.023
7176.58	-8.021
7177.58	-8.022
7178.58	-8.022
7179.58	-8.023
7180.58	-8.024
7181.58	-8.024
7182.58	-8.02
7183.58	-8.022
7184.58	-8.021
7185.58	-8.026
7186.58	-8.023
7187.58	-8.025
7188.58	-8.023
7189.58	-8.022
7190.58	-8.023
7191.58	-8.022
7192.58	-8.022
7193.58	-8.024
7194.58	-8.021
7195.58	-8.022
7196.58	-8.023
7197.58	-8.022
7198.58	-8.025
7199.58	-8.025
7200.58	-8.023
7201.58	-8.023
7202.58	-8.02
7203.58	-8.022
7204.58	-8.024
7205.58	-8.018
7206.58	-8.023
7207.58	-8.021
7208.58	-8.025
7209.58	-8.022
7210.58	-8.024
7211.58	-8.022
7212.58	-8.021
7213.58	-8.022
7214.58	-8.02
7215.58	-8.02
7216.58	-8.021
7217.58	-8.02
7218.58	-8.022
7219.58	-8.024
7220.58	-8.02
7221.58	-8.022
7222.58	-8.026
7223.58	-8.02
7224.58	-8.022
7225.58	-8.024
7226.58	-8.025
7227.58	-8.021
7228.58	-8.021
7229.58	-8.021
7230.58	-8.024
7231.58	-8.021
7232.58	-8.025
7233.58	-8.022
7234.58	-8.021
7235.58	-8.023
7236.58	-8.025
7237.58	-8.024
7238.58	-8.025
7239.58	-8.021
7240.58	-8.022
7241.58	-8.028
7242.58	-8.023
7243.58	-8.023
7244.58	-8.026
7245.58	-8.021
7246.58	-8.023
7247.58	-8.023
7248.58	-8.02
7249.58	-8.021
7250.58	-8.022
7251.58	-8.025
7252.58	-8.021
7253.58	-8.023
7254.58	-8.024
7255.58	-8.024
7256.58	-8.023
7257.58	-8.019
7258.58	-8.026
7259.58	-8.022
7260.58	-8.021
7261.58	-8.024
7262.58	-8.025
7263.58	-8.022
7264.58	-8.02
7265.58	-8.022
7266.58	-8.024
7267.58	-8.022
7268.58	-8.022
7269.58	-8.021
7270.58	-8.023
7271.58	-8.02
7272.58	-8.024
7273.58	-8.022
7274.58	-8.021
7275.58	-8.022
7276.58	-8.025
7277.58	-8.026
7278.58	-8.023
7279.58	-8.023
7280.58	-8.02
7281.58	-8.021
7282.58	-8.022
7283.58	-8.021
7284.58	-8.019
7285.58	-8.021
7286.58	-8.023
7287.58	-8.023
7288.58	-8.021
7289.58	-8.021
7290.58	-8.023
7291.58	-8.022
7292.58	-8.024
7293.58	-8.022
7294.58	-8.025
7295.58	-8.021
7296.58	-8.025
7297.58	-8.023
7298.58	-8.023
7299.58	-8.02
7300.58	-8.024
7301.58	-8.021
7302.58	-8.02
7303.58	-8.02
7304.58	-8.025
7305.58	-8.024
7306.58	-8.021
7307.58	-8.023
7308.58	-8.024
7309.58	-8.024
7310.58	-8.026
7311.58	-8.021
7312.58	-8.021
7313.58	-8.023
7314.58	-8.024
7315.58	-8.024
7316.58	-8.023
7317.58	-8.023
7318.58	-8.025
7319.58	-8.026
7320.58	-8.019
7321.58	-8.022
7322.58	-8.02
7323.58	-8.022
7324.58	-8.021
7325.58	-8.025
7326.58	-8.021
7327.58	-8.022
7328.58	-8.024
7329.58	-8.022
7330.58	-8.025
7331.58	-8.024
7332.58	-8.024
7333.58	-8.024
7334.58	-8.025
7335.58	-8.023
7336.58	-8.024
7337.58	-8.021
7338.58	-8.02
7339.58	-8.025
7340.58	-8.022
7341.58	-8.022
7342.58	-8.025
7343.58	-8.023
7344.58	-8.025
7345.58	-8.022
7346.58	-8.023
7347.58	-8.025
7348.58	-8.022
7349.58	-8.021
7350.58	-8.024
7351.58	-8.023
7352.58	-8.025
7353.58	-8.023
7354.58	-8.025
7355.58	-8.025
7356.58	-8.024
7357.58	-8.022
7358.58	-8.024
7359.58	-8.02
7360.58	-8.025
7361.58	-8.022
7362.58	-8.024
7363.58	-8.02
7364.58	-8.024
7365.58	-8.025
7366.58	-8.024
7367.58	-8.021
7368.58	-8.022
7369.58	-8.019
7370.58	-8.022
7371.58	-8.02
7372.58	-8.023
7373.58	-8.018
7374.58	-8.023
7375.58	-8.023
7376.58	-8.022
7377.58	-8.022
7378.58	-8.024
7379.58	-8.022
7380.58	-8.023
7381.58	-8.023
7382.58	-8.022
7383.58	-8.022
7384.58	-8.022
7385.58	-8.024
7386.58	-8.02
7387.58	-8.026
7388.58	-8.023
7389.58	-8.023
7390.58	-8.025
7391.58	-8.025
7392.58	-8.024
7393.58	-8.02
7394.58	-8.022
7395.58	-8.022
7396.58	-8.027
7397.58	-8.023
7398.58	-8.027
7399.58	-8.024
7400.58	-8.024
7401.58	-8.022
7402.58	-8.025
7403.58	-8.028
7404.58	-8.023
7405.58	-8.02
7406.58	-8.023
7407.58	-8.022
7408.58	-8.024
7409.58	-8.023
7410.58	-8.023
7411.58	-8.023
7412.58	-8.025
7413.58	-8.021
7414.58	-8.027
7415.58	-8.022
7416.58	-8.022
7417.58	-8.024
7418.58	-8.022
7419.58	-8.025
7420.58	-8.026
7421.58	-8.025
7422.58	-8.024
7423.58	-8.022
7424.58	-8.025
7425.58	-8.022
7426.58	-8.024
7427.58	-8.022
7428.58	-8.024
7429.58	-8.026
7430.58	-8.025
7431.58	-8.022
7432.58	-8.023
7433.58	-8.02
7434.58	-8.024
7435.58	-8.022
7436.58	-8.023
7437.58	-8.023
7438.58	-8.024
7439.58	-8.022
7440.58	-8.023
7441.58	-8.022
7442.58	-8.024
7443.58	-8.021
7444.58	-8.02
7445.58	-8.028
7446.58	-8.022
7447.58	-8.021
7448.58	-8.02
7449.58	-8.02
7450.58	-8.021
7451.58	-8.027
7452.58	-8.027
7453.58	-8.023
7454.58	-8.02
7455.58	-8.026
7456.58	-8.022
7457.58	-8.022
7458.58	-8.024
7459.58	-8.024
7460.58	-8.026
7461.58	-8.022
7462.58	-8.021
7463.58	-8.024
7464.58	-8.02
7465.58	-8.024
7466.58	-8.023
7467.58	-8.026
7468.58	-8.022
7469.58	-8.02
7470.58	-8.026
7471.58	-8.021
7472.58	-8.025
7473.58	-8.021
7474.58	-8.025
7475.58	-8.022
7476.58	-8.02
7477.58	-8.021
7478.58	-8.027
7479.58	-8.021
7480.58	-8.021
7481.58	-8.022
7482.58	-8.022
7483.58	-8.022
7484.58	-8.023
7485.58	-8.023
7486.58	-8.017
7487.58	-8.024
7488.58	-8.024
7489.58	-8.022
7490.58	-8.022
7491.58	-8.024
7492.58	-8.026
7493.58	-8.025
7494.58	-8.027
7495.58	-8.025
7496.58	-8.022
7497.58	-8.023
7498.58	-8.023
7499.58	-8.02
7500.58	-8.025
7501.58	-8.024
7502.58	-8.024
7503.58	-8.023
7504.58	-8.022
7505.58	-8.025
7506.58	-8.026
7507.58	-8.023
7508.58	-8.022
7509.58	-8.026
7510.58	-8.019
7511.58	-8.022
7512.58	-8.022
7513.58	-8.025
7514.58	-8.021
7515.58	-8.023
7516.58	-8.021
7517.58	-8.023
7518.58	-8.021
7519.58	-8.026
7520.58	-8.021
7521.58	-8.024
7522.58	-8.021
7523.58	-8.023
7524.58	-8.023
7525.58	-8.023
7526.58	-8.025
7527.58	-8.021
7528.58	-8.024
7529.58	-8.024
7530.58	-8.024
7531.58	-8.024
7532.58	-8.023
7533.58	-8.022
7534.58	-8.023
7535.58	-8.02
7536.58	-8.02
7537.58	-8.021
7538.58	-8.024
7539.58	-8.021
7540.58	-8.023
7541.58	-8.026
7542.58	-8.02
7543.58	-8.023
7544.58	-8.025
7545.58	-8.024
7546.58	-8.023
7547.58	-8.023
7548.58	-8.026
7549.58	-8.021
7550.58	-8.024
7551.58	-8.023
7552.58	-8.02
7553.58	-8.025
7554.58	-8.025
7555.58	-8.025
7556.58	-8.026
7557.58	-8.021
7558.58	-8.023
7559.58	-8.023
7560.58	-8.023
7561.58	-8.023
7562.58	-8.023
7563.58	-8.024
7564.58	-8.02
7565.58	-8.022
7566.58	-8.021
7567.58	-8.021
7568.58	-8.021
7569.58	-8.023
7570.58	-8.022
7571.58	-8.022
7572.58	-8.022
7573.58	-8.024
7574.58	-8.027
7575.58	-8.025
7576.58	-8.023
7577.58	-8.023
7578.58	-8.022
7579.58	-8.021
7580.58	-8.022
7581.58	-8.023
7582.58	-8.021
7583.58	-8.025
7584.58	-8.023
7585.58	-8.022
7586.58	-8.024
7587.58	-8.021
7588.58	-8.021
7589.58	-8.022
7590.58	-8.025
7591.58	-8.021
7592.58	-8.022
7593.58	-8.02
7594.58	-8.024
7595.58	-8.023
7596.58	-8.023
7597.58	-8.02
7598.58	-8.02
7599.58	-8.024
7600.58	-8.022
7601.58	-8.023
7602.58	-8.021
7603.58	-8.021
7604.58	-8.026
7605.58	-8.026
7606.58	-8.024
7607.58	-8.028
7608.58	-8.022
7609.58	-8.024
7610.58	-8.024
7611.58	-8.024
7612.58	-8.022
7613.58	-8.024
7614.58	-8.023
7615.58	-8.026
7616.58	-8.021
7617.58	-8.023
7618.58	-8.023
7619.58	-8.026
7620.58	-8.028
7621.58	-8.023
7622.58	-8.022
7623.58	-8.022
7624.58	-8.023
7625.58	-8.023
7626.58	-8.025
7627.58	-8.023
7628.58	-8.024
7629.58	-8.024
7630.58	-8.025
7631.58	-8.02
7632.58	-8.023
7633.58	-8.022
7634.58	-8.022
7635.58	-8.025
7636.58	-8.021
7637.58	-8.024
7638.58	-8.024
7639.58	-8.024
7640.58	-8.023
7641.58	-8.021
7642.58	-8.022
7643.58	-8.022
7644.58	-8.023
7645.58	-8.023
7646.58	-8.021
7647.58	-8.024
7648.58	-8.022
7649.58	-8.021
7650.58	-8.023
7651.58	-8.026
7652.58	-8.026
7653.58	-8.02
7654.58	-8.025
7655.58	-8.026
7656.58	-8.022
7657.58	-8.021
7658.58	-8.022
7659.58	-8.022
7660.58	-8.024
7661.58	-8.025
7662.58	-8.026
7663.58	-8.022
7664.58	-8.023
7665.58	-8.024
7666.58	-8.027
7667.58	-8.023
7668.58	-8.024
7669.58	-8.021
7670.58	-8.024
7671.58	-8.024
7672.58	-8.021
7673.58	-8.02
7674.58	-8.019
7675.58	-8.022
7676.58	-8.019
7677.58	-8.022
7678.58	-8.021
7679.58	-8.024
7680.58	-8.021
7681.58	-8.019
7682.58	-8.025
7683.58	-8.025
7684.58	-8.022
7685.58	-8.022
7686.58	-8.022
7687.58	-8.021
7688.58	-8.02
7689.58	-8.023
7690.58	-8.02
7691.58	-8.019
7692.58	-8.022
7693.58	-8.025
7694.58	-8.025
7695.58	-8.026
7696.58	-8.024
7697.58	-8.023
7698.58	-8.024
7699.58	-8.023
7700.58	-8.022
7701.58	-8.023
7702.58	-8.022
7703.58	-8.025
7704.58	-8.025
7705.58	-8.023
7706.58	-8.024
7707.58	-8.022
7708.58	-8.024
7709.58	-8.022
7710.58	-8.026
7711.58	-8.026
7712.58	-8.022
7713.58	-8.023
7714.58	-8.024
7715.58	-8.025
7716.58	-8.02
7717.58	-8.022
7718.58	-8.027
7719.58	-8.023
7720.58	-8.02
7721.58	-8.024
7722.58	-8.023
7723.58	-8.025
7724.58	-8.025
7725.58	-8.022
7726.58	-8.024
7727.58	-8.024
7728.58	-8.023
7729.58	-8.023
7730.58	-8.025
7731.58	-8.025
7732.58	-8.026
7733.58	-8.022
7734.58	-8.024
7735.58	-8.023
7736.58	-8.027
7737.58	-8.024
7738.58	-8.027
7739.58	-8.025
7740.58	-8.02
7741.58	-8.024
7742.58	-8.023
7743.58	-8.022
7744.58	-8.025
7745.58	-8.024
7746.58	-8.024
7747.58	-8.025
7748.58	-8.025
7749.58	-8.024
7750.58	-8.022
7751.58	-8.022
7752.58	-8.029
7753.58	-8.027
7754.58	-8.024
7755.58	-8.023
7756.58	-8.021
7757.58	-8.019
7758.58	-8.025
7759.58	-8.021
7760.58	-8.024
7761.58	-8.027
7762.58	-8.026
7763.58	-8.021
7764.58	-8.024
7765.58	-8.023
7766.58	-8.022
7767.58	-8.023
7768.58	-8.024
7769.58	-8.021
7770.58	-8.026
7771.58	-8.022
7772.58	-8.024
7773.58	-8.024
7774.58	-8.023
7775.58	-8.024
7776.58	-8.026
7777.58	-8.022
7778.58	-8.02
7779.58	-8.022
7780.58	-8.025
7781.58	-8.024
7782.58	-8.022
7783.58	-8.025
7784.58	-8.024
7785.58	-8.024
7786.58	-8.023
7787.58	-8.025
7788.58	-8.028
7789.58	-8.026
7790.58	-8.027
7791.58	-8.027
7792.58	-8.023
7793.58	-8.022
7794.58	-8.023
7795.58	-8.021
7796.58	-8.02
7797.58	-8.022
7798.58	-8.025
7799.58	-8.024
7800.58	-8.026
7801.58	-8.024
7802.58	-8.023
7803.58	-8.025
7804.58	-8.024
7805.58	-8.023
7806.58	-8.025
7807.58	-8.025
7808.58	-8.022
7809.58	-8.024
7810.58	-8.023
7811.58	-8.02
7812.58	-8.02
7813.58	-8.024
7814.58	-8.026
7815.58	-8.023
7816.58	-8.024
7817.58	-8.022
7818.58	-8.022
7819.58	-8.017
7820.58	-8.026
7821.58	-8.025
7822.58	-8.027
7823.58	-8.023
7824.58	-8.022
7825.58	-8.023
7826.58	-8.02
7827.58	-8.026
7828.58	-8.019
7829.58	-8.024
7830.58	-8.021
7831.58	-8.027
7832.58	-8.021
7833.58	-8.028
7834.58	-8.025
7835.58	-8.022
7836.58	-8.022
7837.58	-8.022
7838.58	-8.022
7839.58	-8.023
7840.58	-8.026
7841.58	-8.026
7842.58	-8.024
7843.58	-8.02
7844.58	-8.024
7845.58	-8.028
7846.58	-8.025
7847.58	-8.022
7848.58	-8.024
7849.58	-8.024
7850.58	-8.021
7851.58	-8.027
7852.58	-8.023
7853.58	-8.023
7854.58	-8.026
7855.58	-8.026
7856.58	-8.024
7857.58	-8.024
7858.58	-8.023
7859.58	-8.023
7860.58	-8.02
7861.58	-8.024
7862.58	-8.024
7863.58	-8.022
7864.58	-8.026
7865.58	-8.02
7866.58	-8.021
7867.58	-8.027
7868.58	-8.022
7869.58	-8.023
7870.58	-8.023
7871.58	-8.021
7872.58	-8.024
7873.58	-8.022
7874.58	-8.021
7875.58	-8.026
7876.58	-8.024
7877.58	-8.026
7878.58	-8.026
7879.58	-8.026
7880.58	-8.021
7881.58	-8.022
7882.58	-8.023
7883.58	-8.023
7884.58	-8.023
7885.58	-8.024
7886.58	-8.022
7887.58	-8.023
7888.58	-8.024
7889.58	-8.023
7890.58	-8.025
7891.58	-8.025
7892.58	-8.024
7893.58	-8.023
7894.58	-8.024
7895.58	-8.022
7896.58	-8.022
7897.58	-8.023
7898.58	-8.023
7899.58	-8.024
7900.58	-8.022
7901.58	-8.023
7902.58	-8.023
7903.58	-8.021
7904.58	-8.023
7905.58	-8.022
7906.58	-8.022
7907.58	-8.022
7908.58	-8.022
7909.58	-8.024
7910.58	-8.025
7911.58	-8.019
7912.58	-8.024
7913.58	-8.022
7914.58	-8.022
7915.58	-8.024
7916.58	-8.02
7917.58	-8.023
7918.58	-8.021
7919.58	-8.021
7920.58	-8.023
7921.58	-8.021
7922.58	-8.021
7923.58	-8.019
7924.58	-8.022
7925.58	-8.021
7926.58	-8.02
7927.58	-8.016
7928.58	-8.017
7929.58	-8.019
7930.58	-8.018
7931.58	-8.016
7932.58	-8.016
7933.58	-8.016
7934.58	-8.017
7935.58	-8.015
7936.58	-8.016
7937.58	-8.016
7938.58	-8.017
7939.58	-8.014
7940.58	-8.016
7941.58	-8.016
7942.58	-8.018
7943.58	-8.016
7944.58	-8.016
7945.58	-8.017
7946.58	-8.016
7947.58	-8.017
7948.58	-8.016
7949.58	-8.018
7950.58	-8.014
7951.58	-8.016
7952.58	-8.014
7953.58	-8.015
7954.58	-8.017
7955.58	-8.016
7956.58	-8.016
7957.58	-8.016
7958.58	-8.013
7959.58	-8.019
7960.58	-8.015
7961.58	-8.016
7962.58	-8.017
7963.58	-8.018
7964.58	-8.016
7965.58	-8.015
7966.58	-8.017
7967.58	-8.016
7968.58	-8.016
7969.58	-8.016
7970.58	-8.014
7971.58	-8.016
7972.58	-8.014
7973.58	-8.015
7974.58	-8.015
7975.58	-8.016
7976.58	-8.017
7977.58	-8.016
7978.58	-8.015
7979.58	-8.015
7980.58	-8.016
7981.58	-8.018
7982.58	-8.017
7983.58	-8.018
7984.58	-8.016
7985.58	-8.016
7986.58	-8.016
7987.58	-8.016
7988.58	-8.017
7989.58	-8.014
7990.58	-8.017
7991.58	-8.014
7992.58	-8.014
7993.58	-8.015
7994.58	-8.017
7995.58	-8.017
7996.58	-8.016
7997.58	-8.016
7998.58	-8.017
7999.58	-8.015
8000.58	-8.02
8001.58	-8.016
8002.58	-8.02
8003.58	-8.018
8004.58	-8.018
8005.58	-8.016
8006.58	-8.018
8007.58	-8.017
8008.58	-8.017
8009.58	-8.016
8010.58	-8.02
8011.58	-8.015
8012.58	-8.017
8013.58	-8.016
8014.58	-8.016
8015.58	-8.018
8016.58	-8.016
8017.58	-8.019
8018.58	-8.017
8019.58	-8.016
8020.58	-8.018
8021.58	-8.018
8022.58	-8.017
8023.58	-8.019
8024.58	-8.016
8025.58	-8.018
8026.58	-8.017
8027.58	-8.015
8028.58	-8.018
8029.58	-8.018
8030.58	-8.02
8031.58	-8.015
8032.58	-8.014
8033.58	-8.017
8034.58	-8.019
8035.58	-8.015
8036.58	-8.018
8037.58	-8.018
8038.58	-8.019
8039.58	-8.019
8040.58	-8.018
8041.58	-8.022
8042.58	-8.023
8043.58	-8.021
8044.58	-8.023
8045.58	-8.022
8046.58	-8.02
8047.58	-8.02
8048.58	-8.019
8049.58	-8.019
8050.58	-8.021
8051.58	-8.025
8052.58	-8.021
8053.58	-8.024
8054.58	-8.02
8055.58	-8.021
8056.58	-8.02
8057.58	-8.021
8058.58	-8.023
8059.58	-8.024
8060.58	-8.02
8061.58	-8.021
8062.58	-8.022
8063.58	-8.023
8064.58	-8.021
8065.58	-8.02
8066.58	-8.022
8067.58	-8.022
8068.58	-8.022
8069.58	-8.024
8070.58	-8.021
8071.58	-8.02
8072.58	-8.022
8073.58	-8.019
8074.58	-8.018
8075.58	-8.024
8076.58	-8.021
8077.58	-8.022
8078.58	-8.019
8079.58	-8.022
8080.58	-8.023
8081.58	-8.021
8082.58	-8.025
8083.58	-8.022
8084.58	-8.022
8085.58	-8.021
8086.58	-8.02
8087.58	-8.02
8088.58	-8.02
8089.58	-8.024
8090.58	-8.021
8091.58	-8.022
8092.58	-8.019
8093.58	-8.021
8094.58	-8.022
8095.58	-8.021
8096.58	-8.02
8097.58	-8.022
8098.58	-8.022
8099.58	-8.02
8100.58	-8.026
8101.58	-8.025
8102.58	-8.02
8103.58	-8.018
8104.58	-8.022
8105.58	-8.022
8106.58	-8.021
8107.58	-8.024
8108.58	-8.025
8109.58	-8.021
8110.58	-8.019
8111.58	-8.021
8112.58	-8.023
8113.58	-8.021
8114.58	-8.021
8115.58	-8.022
8116.58	-8.024
8117.58	-8.021
8118.58	-8.022
8119.58	-8.024
8120.58	-8.021
8121.58	-8.021
8122.58	-8.019
8123.58	-8.023
8124.58	-8.023
8125.58	-8.022
8126.58	-8.021
8127.58	-8.023
8128.58	-8.027
8129.58	-8.02
8130.58	-8.02
8131.58	-8.022
8132.58	-8.025
8133.58	-8.022
8134.58	-8.019
8135.58	-8.02
8136.58	-8.019
8137.58	-8.021
8138.58	-8.024
8139.58	-8.02
8140.58	-8.022
8141.58	-8.022
8142.58	-8.021
8143.58	-8.022
8144.58	-8.022
8145.58	-8.021
8146.58	-8.025
8147.58	-8.02
8148.58	-8.022
8149.58	-8.022
8150.58	-8.019
8151.58	-8.025
8152.58	-8.02
8153.58	-8.018
8154.58	-8.022
8155.58	-8.021
8156.58	-8.019
8157.58	-8.022
8158.58	-8.021
8159.58	-8.021
8160.58	-8.02
8161.58	-8.024
8162.58	-8.024
8163.58	-8.022
8164.58	-8.021
8165.58	-8.018
8166.58	-8.02
8167.58	-8.021
8168.58	-8.022
8169.58	-8.023
8170.58	-8.025
8171.58	-8.02
8172.58	-8.022
8173.58	-8.023
8174.58	-8.025
8175.58	-8.024
8176.58	-8.021
8177.58	-8.022
8178.58	-8.022
8179.58	-8.023
8180.58	-8.022
8181.58	-8.022
8182.58	-8.022
8183.58	-8.022
8184.58	-8.021
8185.58	-8.022
8186.58	-8.024
8187.58	-8.022
8188.58	-8.021
8189.58	-8.021
8190.58	-8.02
8191.58	-8.021
8192.58	-8.019
8193.58	-8.024
8194.58	-8.022
8195.58	-8.023
8196.58	-8.022
8197.58	-8.02
8198.58	-8.021
8199.58	-8.022
8200.58	-8.019
8201.58	-8.022
8202.58	-8.019
8203.58	-8.021
8204.58	-8.022
8205.58	-8.021
8206.58	-8.022
8207.58	-8.021
8208.58	-8.021
8209.58	-8.021
8210.58	-8.021
8211.58	-8.019
8212.58	-8.021
8213.58	-8.02
8214.58	-8.022
8215.58	-8.02
8216.58	-8.02
8217.58	-8.023
8218.58	-8.024
8219.58	-8.021
8220.58	-8.021
8221.58	-8.023
8222.58	-8.024
8223.58	-8.023
8224.58	-8.021
8225.58	-8.021
8226.58	-8.021
8227.58	-8.023
8228.58	-8.022
8229.58	-8.022
8230.58	-8.02
8231.58	-8.023
8232.58	-8.021
8233.58	-8.019
8234.58	-8.022
8235.58	-8.022
8236.58	-8.021
8237.58	-8.024
8238.58	-8.022
8239.58	-8.022
8240.58	-8.019
8241.58	-8.022
8242.58	-8.023
8243.58	-8.021
8244.58	-8.021
8245.58	-8.023
8246.58	-8.022
8247.58	-8.023
8248.58	-8.022
8249.58	-8.023
8250.58	-8.02
8251.58	-8.023
8252.58	-8.022
8253.58	-8.025
8254.58	-8.021
8255.58	-8.023
8256.58	-8.021
8257.58	-8.022
8258.58	-8.021
8259.58	-8.021
8260.58	-8.022
8261.58	-8.022
8262.58	-8.022
8263.58	-8.02
8264.58	-8.021
8265.58	-8.023
8266.58	-8.021
8267.58	-8.022
8268.58	-8.022
8269.58	-8.024
8270.58	-8.025
8271.58	-8.022
8272.58	-8.022
8273.58	-8.023
8274.58	-8.021
8275.58	-8.02
8276.58	-8.023
8277.58	-8.022
8278.58	-8.022
8279.58	-8.024
8280.58	-8.021
8281.58	-8.02
8282.58	-8.021
8283.58	-8.022
8284.58	-8.021
8285.58	-8.022
8286.58	-8.021
8287.58	-8.021
8288.58	-8.022
8289.58	-8.021
8290.58	-8.022
8291.58	-8.021
8292.58	-8.02
8293.58	-8.025
8294.58	-8.024
8295.58	-8.023
8296.58	-8.024
8297.58	-8.024
8298.58	-8.024
8299.58	-8.02
8300.58	-8.022
8301.58	-8.021
8302.58	-8.02
8303.58	-8.024
8304.58	-8.023
8305.58	-8.02
8306.58	-8.023
8307.58	-8.024
8308.58	-8.022
8309.58	-8.022
8310.58	-8.021
8311.58	-8.022
8312.58	-8.021
8313.58	-8.024
8314.58	-8.022
8315.58	-8.023
8316.58	-8.024
8317.58	-8.022
8318.58	-8.02
8319.58	-8.022
8320.58	-8.024
8321.58	-8.022
8322.58	-8.023
8323.58	-8.022
8324.58	-8.021
8325.58	-8.021
8326.58	-8.024
8327.58	-8.021
8328.58	-8.021
8329.58	-8.02
8330.58	-8.024
8331.58	-8.021
8332.58	-8.019
8333.58	-8.022
8334.58	-8.025
8335.58	-8.022
8336.58	-8.022
8337.58	-8.018
8338.58	-8.022
8339.58	-8.022
8340.58	-8.023
8341.58	-8.023
8342.58	-8.019
8343.58	-8.022
8344.58	-8.02
8345.58	-8.024
8346.58	-8.021
8347.58	-8.024
8348.58	-8.025
8349.58	-8.022
8350.58	-8.021
8351.58	-8.025
8352.58	-8.021
8353.58	-8.022
8354.58	-8.02
8355.58	-8.023
8356.58	-8.024
8357.58	-8.024
8358.58	-8.022
8359.58	-8.023
8360.58	-8.024
8361.58	-8.024
8362.58	-8.024
8363.58	-8.023
8364.58	-8.022
8365.58	-8.021
8366.58	-8.023
8367.58	-8.024
8368.58	-8.023
8369.58	-8.02
8370.58	-8.024
8371.58	-8.021
8372.58	-8.024
8373.58	-8.021
8374.58	-8.026
8375.58	-8.022
8376.58	-8.024
8377.58	-8.023
8378.58	-8.024
8379.58	-8.023
8380.58	-8.022
8381.58	-8.02
8382.58	-8.022
8383.58	-8.023
8384.58	-8.024
8385.58	-8.021
8386.58	-8.022
8387.58	-8.021
8388.58	-8.019
8389.58	-8.023
8390.58	-8.027
8391.58	-8.024
8392.58	-8.019
8393.58	-8.026
8394.58	-8.02
8395.58	-8.023
8396.58	-8.022
8397.58	-8.02
8398.58	-8.025
8399.58	-8.023
8400.58	-8.028
8401.58	-8.024
8402.58	-8.021
8403.58	-8.022
8404.58	-8.023
8405.58	-8.023
8406.58	-8.024
8407.58	-8.023
8408.58	-8.021
8409.58	-8.024
8410.58	-8.024
8411.58	-8.024
8412.58	-8.022
8413.58	-8.025
8414.58	-8.025
8415.58	-8.022
8416.58	-8.022
8417.58	-8.019
8418.58	-8.027
8419.58	-8.023
8420.58	-8.022
8421.58	-8.021
8422.58	-8.022
8423.58	-8.024
8424.58	-8.022
8425.58	-8.023
8426.58	-8.021
8427.58	-8.025
8428.58	-8.021
8429.58	-8.022
8430.58	-8.024
8431.58	-8.02
8432.58	-8.025
8433.58	-8.026
8434.58	-8.024
8435.58	-8.02
8436.58	-8.026
8437.58	-8.021
8438.58	-8.022
8439.58	-8.023
8440.58	-8.018
8441.58	-8.023
8442.58	-8.022
8443.58	-8.022
8444.58	-8.022
8445.58	-8.022
8446.58	-8.026
8447.58	-8.023
8448.58	-8.022
8449.58	-8.022
8450.58	-8.024
8451.58	-8.024
8452.58	-8.025
8453.58	-8.022
8454.58	-8.022
8455.58	-8.022
8456.58	-8.022
8457.58	-8.022
8458.58	-8.02
8459.58	-8.024
8460.58	-8.02
8461.58	-8.021
8462.58	-8.021
8463.58	-8.023
8464.58	-8.024
8465.58	-8.023
8466.58	-8.023
8467.58	-8.022
8468.58	-8.023
8469.58	-8.021
8470.58	-8.024
8471.58	-8.023
8472.58	-8.023
8473.58	-8.019
8474.58	-8.024
8475.58	-8.02
8476.58	-8.02
8477.58	-8.023
8478.58	-8.023
8479.58	-8.022
8480.58	-8.025
8481.58	-8.024
8482.58	-8.018
8483.58	-8.025
8484.58	-8.025
8485.58	-8.02
8486.58	-8.022
8487.58	-8.023
8488.58	-8.022
8489.58	-8.021
8490.58	-8.025
8491.58	-8.023
8492.58	-8.022
8493.58	-8.023
8494.58	-8.024
8495.58	-8.024
8496.58	-8.022
8497.58	-8.021
8498.58	-8.027
8499.58	-8.022
8500.58	-8.022
8501.58	-8.024
8502.58	-8.027
8503.58	-8.022
8504.58	-8.025
8505.58	-8.021
8506.58	-8.023
8507.58	-8.027
8508.58	-8.023
8509.58	-8.027
8510.58	-8.025
8511.58	-8.022
8512.58	-8.023
8513.58	-8.024
8514.58	-8.023
8515.58	-8.025
8516.58	-8.024
8517.58	-8.024
8518.58	-8.024
8519.58	-8.025
8520.58	-8.023
8521.58	-8.022
8522.58	-8.022
8523.58	-8.02
8524.58	-8.023
8525.58	-8.022
8526.58	-8.025
8527.58	-8.022
8528.58	-8.025
8529.58	-8.023
8530.58	-8.025
8531.58	-8.02
8532.58	-8.023
8533.58	-8.022
8534.58	-8.022
8535.58	-8.021
8536.58	-8.024
8537.58	-8.024
8538.58	-8.021
8539.58	-8.024
8540.58	-8.022
8541.58	-8.022
8542.58	-8.024
8543.58	-8.022
8544.58	-8.025
8545.58	-8.021
8546.58	-8.023
8547.58	-8.025
8548.58	-8.021
8549.58	-8.024
8550.58	-8.024
8551.58	-8.024
8552.58	-8.021
8553.58	-8.025
8554.58	-8.024
8555.58	-8.023
8556.58	-8.023
8557.58	-8.023
8558.58	-8.024
8559.58	-8.019
8560.58	-8.022
8561.58	-8.023
8562.58	-8.026
8563.58	-8.023
8564.58	-8.024
8565.58	-8.024
8566.58	-8.023
8567.58	-8.021
8568.58	-8.025
8569.58	-8.022
8570.58	-8.022
8571.58	-8.023
8572.58	-8.024
8573.58	-8.021
8574.58	-8.022
8575.58	-8.022
8576.58	-8.021
8577.58	-8.021
8578.58	-8.021
8579.58	-8.019
8580.58	-8.023
8581.58	-8.021
8582.58	-8.025
8583.58	-8.026
8584.58	-8.025
8585.58	-8.023
8586.58	-8.025
8587.58	-8.023
8588.58	-8.023
8589.58	-8.022
8590.58	-8.022
8591.58	-8.021
8592.58	-8.022
8593.58	-8.022
8594.58	-8.025
8595.58	-8.024
8596.58	-8.022
8597.58	-8.025
8598.58	-8.022
8599.58	-8.024
8600.58	-8.022
8601.58	-8.023
8602.58	-8.023
8603.58	-8.023
8604.58	-8.024
8605.58	-8.022
8606.58	-8.022
8607.58	-8.024
8608.58	-8.024
8609.58	-8.025
8610.58	-8.027
8611.58	-8.024
8612.58	-8.022
8613.58	-8.024
8614.58	-8.024
8615.58	-8.022
8616.58	-8.022
8617.58	-8.021
8618.58	-8.021
8619.58	-8.018
8620.58	-8.023
8621.58	-8.022
8622.58	-8.027
8623.58	-8.021
8624.58	-8.021
8625.58	-8.023
8626.58	-8.023
8627.58	-8.023
8628.58	-8.025
8629.58	-8.022
8630.58	-8.022
8631.58	-8.022
8632.58	-8.022
8633.58	-8.023
8634.58	-8.025
8635.58	-8.023
8636.58	-8.023
8637.58	-8.023
8638.58	-8.023
8639.58	-8.021
8640.58	-8.024
8641.58	-8.024
8642.58	-8.023
8643.58	-8.024
8644.58	-8.023
8645.58	-8.026
8646.58	-8.025
8647.58	-8.022
8648.58	-8.019
8649.58	-8.023
8650.58	-8.024
8651.58	-8.027
8652.58	-8.023
8653.58	-8.022
8654.58	-8.023
8655.58	-8.024
8656.58	-8.023
8657.58	-8.026
8658.58	-8.023
8659.58	-8.022
8660.58	-8.023
8661.58	-8.021
8662.58	-8.02
8663.58	-8.022
8664.58	-8.023
8665.58	-8.024
8666.58	-8.022
8667.58	-8.025
8668.58	-8.022
8669.58	-8.025
8670.58	-8.022
8671.58	-8.024
8672.58	-8.023
8673.58	-8.018
8674.58	-8.023
8675.58	-8.023
8676.58	-8.02
8677.58	-8.026
8678.58	-8.024
8679.58	-8.023
8680.58	-8.019
8681.58	-8.022
8682.58	-8.026
8683.58	-8.024
8684.58	-8.024
8685.58	-8.018
8686.58	-8.02
8687.58	-8.023
8688.58	-8.027
8689.58	-8.022
8690.58	-8.017
8691.58	-8.022
8692.58	-8.023
8693.58	-8.019
8694.58	-8.026
8695.58	-8.024
8696.58	-8.022
8697.58	-8.02
8698.58	-8.023
8699.58	-8.024
8700.58	-8.023
8701.58	-8.022
8702.58	-8.024
8703.58	-8.022
8704.58	-8.02
8705.58	-8.025
8706.58	-8.019
8707.58	-8.02
8708.58	-8.021
8709.58	-8.026
8710.58	-8.026
8711.58	-8.022
8712.58	-8.026
8713.58	-8.026
8714.58	-8.02
8715.58	-8.022
8716.58	-8.028
8717.58	-8.021
8718.58	-8.022
8719.58	-8.023
8720.58	-8.023
8721.58	-8.021
8722.58	-8.021
8723.58	-8.023
8724.58	-8.021
8725.58	-8.021
8726.58	-8.022
8727.58	-8.023
8728.58	-8.024
8729.58	-8.02
8730.58	-8.024
8731.58	-8.028
8732.58	-8.026
8733.58	-8.021
8734.58	-8.022
8735.58	-8.021
8736.58	-8.026
8737.58	-8.02
8738.58	-8.025
8739.58	-8.023
8740.58	-8.021
8741.58	-8.026
8742.58	-8.022
8743.58	-8.024
8744.58	-8.026
8745.58	-8.023
8746.58	-8.027
8747.58	-8.023
8748.58	-8.023
8749.58	-8.028
8750.58	-8.024
8751.58	-8.025
8752.58	-8.022
8753.58	-8.024
8754.58	-8.025
8755.58	-8.026
8756.58	-8.023
8757.58	-8.023
8758.58	-8.022
8759.58	-8.022
8760.58	-8.022
8761.58	-8.025
8762.58	-8.022
8763.58	-8.024
8764.58	-8.026
8765.58	-8.023
8766.58	-8.021
8767.58	-8.027
8768.58	-8.02
8769.58	-8.026
8770.58	-8.021
8771.58	-8.023
8772.58	-8.029
8773.58	-8.024
8774.58	-8.023
8775.58	-8.022
8776.58	-8.026
8777.58	-8.023
8778.58	-8.028
8779.58	-8.021
8780.58	-8.023
8781.58	-8.022
8782.58	-8.022
8783.58	-8.02
8784.58	-8.024
8785.58	-8.023
8786.58	-8.021
8787.58	-8.024
8788.58	-8.022
8789.58	-8.021
8790.58	-8.021
8791.58	-8.022
8792.58	-8.023
8793.58	-8.021
8794.58	-8.024
8795.58	-8.025
8796.58	-8.021
8797.58	-8.025
8798.58	-8.023
8799.58	-8.021
8800.58	-8.026
8801.58	-8.02
8802.58	-8.023
8803.58	-8.022
8804.58	-8.023
8805.58	-8.023
8806.58	-8.023
8807.58	-8.024
8808.58	-8.022
8809.58	-8.023
8810.58	-8.023
8811.58	-8.023
8812.58	-8.025
8813.58	-8.021
8814.58	-8.023
8815.58	-8.023
8816.58	-8.024
8817.58	-8.021
8818.58	-8.024
8819.58	-8.025
8820.58	-8.021
8821.58	-8.024
8822.58	-8.023
8823.58	-8.027
8824.58	-8.025
8825.58	-8.02
8826.58	-8.026
8827.58	-8.026
8828.58	-8.024
8829.58	-8.023
8830.58	-8.021
8831.58	-8.024
8832.58	-8.02
8833.58	-8.023
8834.58	-8.023
8835.58	-8.022
8836.58	-8.025
8837.58	-8.021
8838.58	-8.023
8839.58	-8.024
8840.58	-8.02
8841.58	-8.022
8842.58	-8.023
8843.58	-8.023
8844.58	-8.025
8845.58	-8.023
8846.58	-8.021
8847.58	-8.023
8848.58	-8.022
8849.58	-8.023
8850.58	-8.025
8851.58	-8.024
8852.58	-8.023
8853.58	-8.026
8854.58	-8.021
8855.58	-8.026
8856.58	-8.022
8857.58	-8.02
8858.58	-8.023
8859.58	-8.022
8860.58	-8.024
8861.58	-8.022
8862.58	-8.024
8863.58	-8.021
8864.58	-8.021
8865.58	-8.027
8866.58	-8.023
8867.58	-8.023
8868.58	-8.023
8869.58	-8.022
8870.58	-8.025
8871.58	-8.023
8872.58	-8.025
8873.58	-8.023
8874.58	-8.022
8875.58	-8.024
8876.58	-8.022
8877.58	-8.026
8878.58	-8.023
8879.58	-8.023
8880.58	-8.022
8881.58	-8.023
8882.58	-8.022
8883.58	-8.023
8884.58	-8.02
8885.58	-8.023
8886.58	-8.025
8887.58	-8.024
8888.58	-8.022
8889.58	-8.022
8890.58	-8.025
8891.58	-8.025
8892.58	-8.021
8893.58	-8.023
8894.58	-8.026
8895.58	-8.023
8896.58	-8.021
8897.58	-8.024
8898.58	-8.022
8899.58	-8.023
8900.58	-8.023
8901.58	-8.022
8902.58	-8.027
8903.58	-8.022
8904.58	-8.024
8905.58	-8.024
8906.58	-8.023
8907.58	-8.023
8908.58	-8.022
8909.58	-8.022
8910.58	-8.024
8911.58	-8.023
8912.58	-8.022
8913.58	-8.025
8914.58	-8.025
8915.58	-8.02
8916.58	-8.021
8917.58	-8.023
8918.58	-8.023
8919.58	-8.02
8920.58	-8.024
8921.58	-8.023
8922.58	-8.023
8923.58	-8.024
8924.58	-8.024
8925.58	-8.024
8926.58	-8.02
8927.58	-8.024
8928.58	-8.02
8929.58	-8.024
8930.58	-8.022
8931.58	-8.02
8932.58	-8.023
8933.58	-8.021
8934.58	-8.025
8935.58	-8.025
8936.58	-8.023
8937.58	-8.024
8938.58	-8.024
8939.58	-8.023
8940.58	-8.023
8941.58	-8.026
8942.58	-8.023
8943.58	-8.021
8944.58	-8.025
8945.58	-8.023
8946.58	-8.021
8947.58	-8.022
8948.58	-8.022
8949.58	-8.023
8950.58	-8.023
8951.58	-8.023
8952.58	-8.021
8953.58	-8.025
8954.58	-8.02
8955.58	-8.024
8956.58	-8.023
8957.58	-8.022
8958.58	-8.022
8959.58	-8.026
8960.58	-8.026
8961.58	-8.022
8962.58	-8.027
8963.58	-8.023
8964.58	-8.024
8965.58	-8.027
8966.58	-8.022
8967.58	-8.025
8968.58	-8.02
8969.58	-8.025
8970.58	-8.025
8971.58	-8.025
8972.58	-8.024
8973.58	-8.025
8974.58	-8.021
8975.58	-8.022
8976.58	-8.023
8977.58	-8.025
8978.58	-8.022
8979.58	-8.024
8980.58	-8.023
8981.58	-8.022
8982.58	-8.022
8983.58	-8.022
8984.58	-8.024
8985.58	-8.021
8986.58	-8.022
8987.58	-8.025
8988.58	-8.019
8989.58	-8.025
8990.58	-8.021
8991.58	-8.022
8992.58	-8.027
8993.58	-8.022
8994.58	-8.024
8995.58	-8.025
8996.58	-8.02
8997.58	-8.018
8998.58	-8.021
8999.58	-8.021
9000.58	-8.02
9001.58	-8.019
9002.58	-8.02
9003.58	-8.021
9004.58	-8.025
9005.58	-8.024
9006.58	-8.02
9007.58	-8.023
9008.58	-8.022
9009.58	-8.024
9010.58	-8.023
9011.58	-8.025
9012.58	-8.023
9013.58	-8.027
9014.58	-8.022
9015.58	-8.023
9016.58	-8.023
9017.58	-8.022
9018.58	-8.023
9019.58	-8.023
9020.58	-8.025
9021.58	-8.029
9022.58	-8.025
9023.58	-8.027
9024.58	-8.026
9025.58	-8.028
9026.58	-8.023
9027.58	-8.025
9028.58	-8.025
9029.58	-8.022
9030.58	-8.023
9031.58	-8.024
9032.58	-8.025
9033.58	-8.025
9034.58	-8.022
9035.58	-8.025
9036.58	-8.028
9037.58	-8.024
9038.58	-8.021
9039.58	-8.023
9040.58	-8.021
9041.58	-8.022
9042.58	-8.022
9043.58	-8.022
9044.58	-8.025
9045.58	-8.025
9046.58	-8.023
9047.58	-8.024
9048.58	-8.023
9049.58	-8.024
9050.58	-8.023
9051.58	-8.023
9052.58	-8.024
9053.58	-8.022
9054.58	-8.023
9055.58	-8.023
9056.58	-8.024
9057.58	-8.024
9058.58	-8.019
9059.58	-8.026
9060.58	-8.02
9061.58	-8.023
9062.58	-8.024
9063.58	-8.023
9064.58	-8.022
9065.58	-8.029
9066.58	-8.023
9067.58	-8.023
9068.58	-8.022
9069.58	-8.024
9070.58	-8.022
9071.58	-8.026
9072.58	-8.02
9073.58	-8.023
9074.58	-8.026
9075.58	-8.025
9076.58	-8.025
9077.58	-8.022
9078.58	-8.024
9079.58	-8.022
9080.58	-8.026
9081.58	-8.024
9082.58	-8.024
9083.58	-8.025
9084.58	-8.025
9085.58	-8.022
9086.58	-8.024
9087.58	-8.021
9088.58	-8.021
9089.58	-8.025
9090.58	-8.023
9091.58	-8.025
9092.58	-8.026
9093.58	-8.022
9094.58	-8.025
9095.58	-8.025
9096.58	-8.024
9097.58	-8.021
9098.58	-8.022
9099.58	-8.025
9100.58	-8.026
9101.58	-8.022
9102.58	-8.022
9103.58	-8.021
9104.58	-8.026
9105.58	-8.025
9106.58	-8.025
9107.58	-8.022
9108.58	-8.021
9109.58	-8.021
9110.58	-8.023
9111.58	-8.022
9112.58	-8.028
9113.58	-8.021
9114.58	-8.021
9115.58	-8.022
9116.58	-8.026
9117.58	-8.022
9118.58	-8.022
9119.58	-8.023
9120.58	-8.022
9121.58	-8.023
9122.58	-8.024
9123.58	-8.025
9124.58	-8.022
9125.58	-8.022
9126.58	-8.025
9127.58	-8.022
9128.58	-8.022
9129.58	-8.024
9130.58	-8.021
9131.58	-8.022
9132.58	-8.023
9133.58	-8.023
9134.58	-8.021
9135.58	-8.023
9136.58	-8.024
9137.58	-8.021
9138.58	-8.024
9139.58	-8.022
9140.58	-8.025
9141.58	-8.024
9142.58	-8.021
9143.58	-8.025
9144.58	-8.024
9145.58	-8.026
9146.58	-8.024
9147.58	-8.022
9148.58	-8.026
9149.58	-8.022
9150.58	-8.022
9151.58	-8.024
9152.58	-8.02
9153.58	-8.024
9154.58	-8.026
9155.58	-8.023
9156.58	-8.029
9157.58	-8.02
9158.58	-8.028
9159.58	-8.021
9160.58	-8.025
9161.58	-8.027
9162.58	-8.019
9163.58	-8.025
9164.58	-8.022
9165.58	-8.025
9166.58	-8.023
9167.58	-8.022
9168.58	-8.026
9169.58	-8.026
9170.58	-8.024
9171.58	-8.025
9172.58	-8.023
9173.58	-8.024
9174.58	-8.023
9175.58	-8.021
9176.58	-8.027
9177.58	-8.023
9178.58	-8.024
9179.58	-8.021
9180.58	-8.024
9181.58	-8.024
9182.58	-8.024
9183.58	-8.026
9184.58	-8.026
9185.58	-8.022
9186.58	-8.023
9187.58	-8.028
9188.58	-8.029
9189.58	-8.022
9190.58	-8.026
9191.58	-8.027
9192.58	-8.025
9193.58	-8.023
9194.58	-8.025
9195.58	-8.02
9196.58	-8.023
9197.58	-8.026
9198.58	-8.02
9199.58	-8.025
9200.58	-8.021
9201.58	-8.025
9202.58	-8.026
9203.58	-8.025
9204.58	-8.024
9205.58	-8.021
9206.58	-8.027
9207.58	-8.026
9208.58	-8.022
9209.58	-8.028
9210.58	-8.026
9211.58	-8.026
9212.58	-8.028
9213.58	-8.022
9214.58	-8.025
9215.58	-8.024
9216.58	-8.023
9217.58	-8.021
9218.58	-8.021
9219.58	-8.024
9220.58	-8.023
9221.58	-8.021
9222.58	-8.024
9223.58	-8.026
9224.58	-8.026
9225.58	-8.022
9226.58	-8.022
9227.58	-8.023
9228.58	-8.019
9229.58	-8.023
9230.58	-8.027
9231.58	-8.025
9232.58	-8.027
9233.58	-8.021
9234.58	-8.022
9235.58	-8.024
9236.58	-8.023
9237.58	-8.023
9238.58	-8.025
9239.58	-8.023
9240.58	-8.022
9241.58	-8.021
9242.58	-8.024
9243.58	-8.024
9244.58	-8.024
9245.58	-8.027
9246.58	-8.022
9247.58	-8.023
9248.58	-8.024
9249.58	-8.019
9250.58	-8.025
9251.58	-8.029
9252.58	-8.02
9253.58	-8.022
9254.58	-8.027
9255.58	-8.025
9256.58	-8.022
9257.58	-8.021
9258.58	-8.024
9259.58	-8.025
9260.58	-8.023
9261.58	-8.019
9262.58	-8.023
9263.58	-8.024
9264.58	-8.025
9265.58	-8.027
9266.58	-8.021
9267.58	-8.024
9268.58	-8.021
9269.58	-8.023
9270.58	-8.024
9271.58	-8.019
9272.58	-8.019
9273.58	-8.025
9274.58	-8.022
9275.58	-8.024
9276.58	-8.023
9277.58	-8.024
9278.58	-8.023
9279.58	-8.022
9280.58	-8.023
9281.58	-8.023
9282.58	-8.022
9283.58	-8.022
9284.58	-8.023
9285.58	-8.02
9286.58	-8.022
9287.58	-8.023
9288.58	-8.025
9289.58	-8.021
9290.58	-8.024
9291.58	-8.025
9292.58	-8.023
9293.58	-8.02
9294.58	-8.021
9295.58	-8.022
9296.58	-8.023
9297.58	-8.017
9298.58	-8.018
9299.58	-8.018
9300.58	-8.019
9301.58	-8.017
9302.58	-8.019
9303.58	-8.016
9304.58	-8.017
9305.58	-8.018
9306.58	-8.016
9307.58	-8.017
9308.58	-8.018
9309.58	-8.017
9310.58	-8.017
9311.58	-8.019
9312.58	-8.02
9313.58	-8.016
9314.58	-8.017
9315.58	-8.018
9316.58	-8.019
9317.58	-8.016
9318.58	-8.016
9319.58	-8.019
9320.58	-8.015
9321.58	-8.017
9322.58	-8.015
9323.58	-8.018
9324.58	-8.02
9325.58	-8.016
9326.58	-8.017
9327.58	-8.014
9328.58	-8.015
9329.58	-8.015
9330.58	-8.015
9331.58	-8.016
9332.58	-8.016
9333.58	-8.013
9334.58	-8.016
9335.58	-8.015
9336.58	-8.017
9337.58	-8.013
9338.58	-8.018
9339.58	-8.016
9340.58	-8.016
9341.58	-8.016
9342.58	-8.018
9343.58	-8.016
9344.58	-8.014
9345.58	-8.016
9346.58	-8.016
9347.58	-8.013
9348.58	-8.018
9349.58	-8.017
9350.58	-8.016
9351.58	-8.014
9352.58	-8.014
9353.58	-8.015
9354.58	-8.017
9355.58	-8.017
9356.58	-8.017
9357.58	-8.016
9358.58	-8.016
9359.58	-8.017
9360.58	-8.017
9361.58	-8.016
9362.58	-8.016
9363.58	-8.014
9364.58	-8.015
9365.58	-8.018
9366.58	-8.016
9367.58	-8.017
9368.58	-8.016
9369.58	-8.017
9370.58	-8.018
9371.58	-8.016
9372.58	-8.015
9373.58	-8.019
9374.58	-8.02
9375.58	-8.014
9376.58	-8.014
9377.58	-8.018
9378.58	-8.014
9379.58	-8.018
9380.58	-8.02
9381.58	-8.015
9382.58	-8.016
9383.58	-8.016
9384.58	-8.015
9385.58	-8.014
9386.58	-8.015
9387.58	-8.018
9388.58	-8.017
9389.58	-8.017
9390.58	-8.017
9391.58	-8.013
9392.58	-8.016
9393.58	-8.016
9394.58	-8.016
9395.58	-8.017
9396.58	-8.018
9397.58	-8.017
9398.58	-8.018
9399.58	-8.018
9400.58	-8.014
9401.58	-8.017
9402.58	-8.018
9403.58	-8.015
9404.58	-8.016
9405.58	-8.019
9406.58	-8.014
9407.58	-8.016
9408.58	-8.016
9409.58	-8.017
9410.58	-8.017
9411.58	-8.017
9412.58	-8.016
9413.58	-8.017
9414.58	-8.018
9415.58	-8.016
9416.58	-8.015
9417.58	-8.016
9418.58	-8.017
9419.58	-8.015
9420.58	-8.018
9421.58	-8.018
9422.58	-8.015
9423.58	-8.018
9424.58	-8.017
9425.58	-8.019
9426.58	-8.017
9427.58	-8.015
9428.58	-8.016
9429.58	-8.016
9430.58	-8.017
9431.58	-8.018
9432.58	-8.015
9433.58	-8.017
9434.58	-8.017
9435.58	-8.017
9436.58	-8.019
9437.58	-8.015
9438.58	-8.017
9439.58	-8.017
9440.58	-8.019
9441.58	-8.015
9442.58	-8.018
9443.58	-8.016
9444.58	-8.016
9445.58	-8.017
9446.58	-8.018
9447.58	-8.016
9448.58	-8.016
9449.58	-8.014
9450.58	-8.013
9451.58	-8.016
9452.58	-8.018
9453.58	-8.017
9454.58	-8.017
9455.58	-8.016
9456.58	-8.018
9457.58	-8.017
9458.58	-8.019
9459.58	-8.015
9460.58	-8.014
9461.58	-8.017
9462.58	-8.019
9463.58	-8.016
9464.58	-8.017
9465.58	-8.016
9466.58	-8.017
9467.58	-8.018
9468.58	-8.017
9469.58	-8.016
9470.58	-8.018
9471.58	-8.018
9472.58	-8.016
9473.58	-8.016
9474.58	-8.017
9475.58	-8.015
9476.58	-8.018
9477.58	-8.017
9478.58	-8.015
9479.58	-8.018
9480.58	-8.016
9481.58	-8.016
9482.58	-8.016
9483.58	-8.015
9484.58	-8.017
9485.58	-8.017
9486.58	-8.017
9487.58	-8.015
9488.58	-8.018
9489.58	-8.016
9490.58	-8.015
9491.58	-8.016
9492.58	-8.015
9493.58	-8.016
9494.58	-8.015
9495.58	-8.017
9496.58	-8.017
9497.58	-8.016
9498.58	-8.018
9499.58	-8.018
9500.58	-8.017
9501.58	-8.017
9502.58	-8.019
9503.58	-8.016
9504.58	-8.016
9505.58	-8.017
9506.58	-8.014
9507.58	-8.016
9508.58	-8.016
9509.58	-8.02
9510.58	-8.02
9511.58	-8.022
9512.58	-8.021
9513.58	-8.017
9514.58	-8.018
9515.58	-8.02
9516.58	-8.015
9517.58	-8.015
9518.58	-8.013
9519.58	-8.018
9520.58	-8.018
9521.58	-8.016
9522.58	-8.02
9523.58	-8.021
9524.58	-8.02
9525.58	-8.021
9526.58	-8.018
9527.58	-8.017
9528.58	-8.015
9529.58	-8.017
9530.58	-8.016
9531.58	-8.014
9532.58	-8.014
9533.58	-8.017
9534.58	-8.015
9535.58	-8.017
9536.58	-8.016
9537.58	-8.017
9538.58	-8.019
9539.58	-8.017
9540.58	-8.015
9541.58	-8.016
9542.58	-8.017
9543.58	-8.015
9544.58	-8.017
9545.58	-8.017
9546.58	-8.018
9547.58	-8.015
9548.58	-8.017
9549.58	-8.014
9550.58	-8.017
9551.58	-8.015
9552.58	-8.016
9553.58	-8.017
9554.58	-8.015
9555.58	-8.017
9556.58	-8.015
9557.58	-8.014
9558.58	-8.017
9559.58	-8.02
9560.58	-8.02
9561.58	-8.018
9562.58	-8.022
9563.58	-8.018
9564.58	-8.023
9565.58	-8.017
9566.58	-8.019
9567.58	-8.022
9568.58	-8.021
9569.58	-8.022
9570.58	-8.021
9571.58	-8.019
9572.58	-8.022
9573.58	-8.024
9574.58	-8.023
9575.58	-8.02
9576.58	-8.021
9577.58	-8.021
9578.58	-8.025
9579.58	-8.022
9580.58	-8.02
9581.58	-8.02
9582.58	-8.022
9583.58	-8.022
9584.58	-8.026
9585.58	-8.024
9586.58	-8.022
9587.58	-8.022
9588.58	-8.021
9589.58	-8.02
9590.58	-8.02
9591.58	-8.021
9592.58	-8.023
9593.58	-8.021
9594.58	-8.022
9595.58	-8.025
9596.58	-8.021
9597.58	-8.022
9598.58	-8.023
9599.58	-8.017
9600.58	-8.026
9601.58	-8.023
9602.58	-8.02
9603.58	-8.023
9604.58	-8.021
9605.58	-8.022
9606.58	-8.02
9607.58	-8.024
9608.58	-8.021
9609.58	-8.019
9610.58	-8.02
9611.58	-8.024
9612.58	-8.023
9613.58	-8.019
9614.58	-8.023
9615.58	-8.021
9616.58	-8.024
9617.58	-8.021
9618.58	-8.022
9619.58	-8.02
9620.58	-8.024
9621.58	-8.024
9622.58	-8.02
9623.58	-8.023
9624.58	-8.022
9625.58	-8.02
9626.58	-8.019
9627.58	-8.024
9628.58	-8.026
9629.58	-8.022
9630.58	-8.023
9631.58	-8.022
9632.58	-8.02
9633.58	-8.025
9634.58	-8.022
9635.58	-8.019
9636.58	-8.024
9637.58	-8.022
9638.58	-8.019
9639.58	-8.024
9640.58	-8.022
9641.58	-8.023
9642.58	-8.023
9643.58	-8.019
9644.58	-8.02
9645.58	-8.023
9646.58	-8.017
9647.58	-8.02
9648.58	-8.022
9649.58	-8.022
9650.58	-8.021
9651.58	-8.024
9652.58	-8.018
9653.58	-8.022
9654.58	-8.02
9655.58	-8.02
9656.58	-8.024
9657.58	-8.021
9658.58	-8.019
9659.58	-8.025
9660.58	-8.024
9661.58	-8.02
9662.58	-8.019
9663.58	-8.023
9664.58	-8.027
9665.58	-8.022
9666.58	-8.022
9667.58	-8.024
9668.58	-8.021
9669.58	-8.024
9670.58	-8.024
9671.58	-8.019
9672.58	-8.021
9673.58	-8.019
9674.58	-8.019
9675.58	-8.021
9676.58	-8.019
9677.58	-8.023
9678.58	-8.024
9679.58	-8.023
9680.58	-8.023
9681.58	-8.021
9682.58	-8.026
9683.58	-8.021
9684.58	-8.021
9685.58	-8.02
9686.58	-8.02
9687.58	-8.022
9688.58	-8.023
9689.58	-8.025
9690.58	-8.02
9691.58	-8.02
9692.58	-8.019
9693.58	-8.023
9694.58	-8.024
9695.58	-8.019
9696.58	-8.021
9697.58	-8.019
9698.58	-8.022
9699.58	-8.023
9700.58	-8.022
9701.58	-8.019
9702.58	-8.02
9703.58	-8.019
9704.58	-8.02
9705.58	-8.019
9706.58	-8.025
9707.58	-8.017
9708.58	-8.022
9709.58	-8.019
9710.58	-8.021
9711.58	-8.022
9712.58	-8.022
9713.58	-8.017
9714.58	-8.023
9715.58	-8.023
9716.58	-8.02
9717.58	-8.024
9718.58	-8.021
9719.58	-8.021
9720.58	-8.02
9721.58	-8.022
9722.58	-8.018
9723.58	-8.025
9724.58	-8.024
9725.58	-8.022
9726.58	-8.024
9727.58	-8.02
9728.58	-8.02
9729.58	-8.02
9730.58	-8.026
9731.58	-8.019
9732.58	-8.018
9733.58	-8.023
9734.58	-8.022
9735.58	-8.024
9736.58	-8.02
9737.58	-8.023
9738.58	-8.024
9739.58	-8.02
9740.58	-8.025
9741.58	-8.022
9742.58	-8.021
9743.58	-8.018
9744.58	-8.024
9745.58	-8.02
9746.58	-8.02
9747.58	-8.026
9748.58	-8.025
9749.58	-8.021
9750.58	-8.016
9751.58	-8.022
9752.58	-8.018
9753.58	-8.021
9754.58	-8.02
9755.58	-8.024
9756.58	-8.023
9757.58	-8.019
9758.58	-8.02
9759.58	-8.023
9760.58	-8.022
9761.58	-8.018
9762.58	-8.018
9763.58	-8.021
9764.58	-8.022
9765.58	-8.022
9766.58	-8.02
9767.58	-8.021
9768.58	-8.026
9769.58	-8.026
9770.58	-8.022
9771.58	-8.021
9772.58	-8.026
9773.58	-8.02
9774.58	-8.021
9775.58	-8.024
9776.58	-8.023
9777.58	-8.024
9778.58	-8.021
9779.58	-8.023
9780.58	-8.024
9781.58	-8.024
9782.58	-8.024
9783.58	-8.02
9784.58	-8.023
9785.58	-8.021
9786.58	-8.022
9787.58	-8.019
9788.58	-8.02
9789.58	-8.023
9790.58	-8.02
9791.58	-8.028
9792.58	-8.026
9793.58	-8.023
9794.58	-8.022
9795.58	-8.025
9796.58	-8.018
9797.58	-8.019
9798.58	-8.019
9799.58	-8.022
9800.58	-8.023
9801.58	-8.018
9802.58	-8.019
9803.58	-8.022
9804.58	-8.023
9805.58	-8.023
9806.58	-8.021
9807.58	-8.02
9808.58	-8.023
9809.58	-8.022
9810.58	-8.021
9811.58	-8.02
9812.58	-8.021
9813.58	-8.021
9814.58	-8.02
9815.58	-8.024
9816.58	-8.024
9817.58	-8.019
9818.58	-8.022
9819.58	-8.02
9820.58	-8.021
9821.58	-8.022
9822.58	-8.024
9823.58	-8.025
9824.58	-8.024
9825.58	-8.023
9826.58	-8.025
9827.58	-8.022
9828.58	-8.018
9829.58	-8.027
9830.58	-8.021
9831.58	-8.022
9832.58	-8.02
9833.58	-8.027
9834.58	-8.022
9835.58	-8.023
9836.58	-8.017
9837.58	-8.022
9838.58	-8.02
9839.58	-8.021
9840.58	-8.024
9841.58	-8.023
9842.58	-8.023
9843.58	-8.022
9844.58	-8.022
9845.58	-8.019
9846.58	-8.022
9847.58	-8.022
9848.58	-8.022
9849.58	-8.023
9850.58	-8.024
9851.58	-8.022
9852.58	-8.02
9853.58	-8.022
9854.58	-8.02
9855.58	-8.022
9856.58	-8.025
9857.58	-8.025
9858.58	-8.021
9859.58	-8.021
9860.58	-8.022
9861.58	-8.021
9862.58	-8.024
9863.58	-8.024
9864.58	-8.022
9865.58	-8.024
9866.58	-8.022
9867.58	-8.025
9868.58	-8.019
9869.58	-8.019
9870.58	-8.022
9871.58	-8.025
9872.58	-8.022
9873.58	-8.018
9874.58	-8.02
9875.58	-8.023
9876.58	-8.018
9877.58	-8.024
9878.58	-8.02
9879.58	-8.021
9880.58	-8.025
9881.58	-8.023
9882.58	-8.02
9883.58	-8.02
9884.58	-8.02
9885.58	-8.02
9886.58	-8.019
9887.58	-8.022
9888.58	-8.021
9889.58	-8.023
9890.58	-8.023
9891.58	-8.02
9892.58	-8.025
9893.58	-8.022
9894.58	-8.025
9895.58	-8.023
9896.58	-8.016
9897.58	-8.021
9898.58	-8.022
9899.58	-8.021
9900.58	-8.023
9901.58	-8.026
9902.58	-8.022
9903.58	-8.024
9904.58	-8.023
9905.58	-8.018
9906.58	-8.021
9907.58	-8.024
9908.58	-8.022
9909.58	-8.021
9910.58	-8.021
9911.58	-8.022
9912.58	-8.021
9913.58	-8.021
9914.58	-8.024
9915.58	-8.025
9916.58	-8.024
9917.58	-8.021
9918.58	-8.021
9919.58	-8.022
9920.58	-8.022
9921.58	-8.022
9922.58	-8.024
9923.58	-8.02
9924.58	-8.023
9925.58	-8.018
9926.58	-8.019
9927.58	-8.024
9928.58	-8.021
9929.58	-8.021
9930.58	-8.022
9931.58	-8.027
9932.58	-8.02
9933.58	-8.024
9934.58	-8.022
9935.58	-8.023
9936.58	-8.023
9937.58	-8.022
9938.58	-8.02
9939.58	-8.025
9940.58	-8.023
9941.58	-8.021
9942.58	-8.023
9943.58	-8.025
9944.58	-8.023
9945.58	-8.024
9946.58	-8.018
9947.58	-8.022
9948.58	-8.023
9949.58	-8.023
9950.58	-8.025
9951.58	-8.024
9952.58	-8.019
9953.58	-8.022
9954.58	-8.021
9955.58	-8.022
9956.58	-8.021
9957.58	-8.024
9958.58	-8.02
9959.58	-8.021
9960.58	-8.023
9961.58	-8.021
9962.58	-8.024
9963.58	-8.021
9964.58	-8.027
9965.58	-8.023
9966.58	-8.021
9967.58	-8.025
9968.58	-8.019
9969.58	-8.022
9970.58	-8.02
9971.58	-8.022
9972.58	-8.024
9973.58	-8.022
9974.58	-8.023
9975.58	-8.019
9976.58	-8.021
9977.58	-8.022
9978.58	-8.019
9979.58	-8.021
9980.58	-8.022
9981.58	-8.021
9982.58	-8.021
9983.58	-8.025
9984.58	-8.022
9985.58	-8.021
9986.58	-8.021
9987.58	-8.024
9988.58	-8.024
9989.58	-8.024
9990.58	-8.025
9991.58	-8.023
9992.58	-8.024
9993.58	-8.019
9994.58	-8.024
9995.58	-8.025
9996.58	-8.025
9997.58	-8.021
9998.58	-8.024
9999.58	-8.022
10000.58	-8.023
10001.58	-8.021
10002.58	-8.02
10003.58	-8.024
10004.58	-8.022
10005.58	-8.023
10006.58	-8.02
10007.58	-8.024
10008.58	-8.022
10009.58	-8.026
10010.58	-8.024
10011.58	-8.022
10012.58	-8.022
10013.58	-8.022
10014.58	-8.024
10015.58	-8.025
10016.58	-8.023
10017.58	-8.026
10018.58	-8.021
10019.58	-8.021
10020.58	-8.02
10021.58	-8.027
10022.58	-8.026
10023.58	-8.019
10024.58	-8.024
10025.58	-8.021
10026.58	-8.021
10027.58	-8.022
10028.58	-8.021
10029.58	-8.022
10030.58	-8.022
10031.58	-8.025
10032.58	-8.022
10033.58	-8.024
10034.58	-8.022
10035.58	-8.022
10036.58	-8.024
10037.58	-8.023
10038.58	-8.022
10039.58	-8.022
10040.58	-8.02
10041.58	-8.025
10042.58	-8.02
10043.58	-8.023
10044.58	-8.02
10045.58	-8.018
10046.58	-8.022
10047.58	-8.023
10048.58	-8.02
10049.58	-8.024
10050.58	-8.025
10051.58	-8.025
10052.58	-8.022
10053.58	-8.021
10054.58	-8.025
10055.58	-8.026
10056.58	-8.02
10057.58	-8.021
10058.58	-8.025
10059.58	-8.025
10060.58	-8.021
10061.58	-8.022
10062.58	-8.022
10063.58	-8.024
10064.58	-8.024
10065.58	-8.023
10066.58	-8.022
10067.58	-8.021
10068.58	-8.02
10069.58	-8.023
10070.58	-8.021
10071.58	-8.025
10072.58	-8.022
10073.58	-8.022
10074.58	-8.021
10075.58	-8.023
10076.58	-8.026
10077.58	-8.022
10078.58	-8.023
10079.58	-8.019
10080.58	-8.02
10081.58	-8.022
10082.58	-8.022
10083.58	-8.025
10084.58	-8.019
10085.58	-8.023
10086.58	-8.023
10087.58	-8.021
10088.58	-8.021
10089.58	-8.022
10090.58	-8.023
10091.58	-8.023
10092.58	-8.022
10093.58	-8.022
10094.58	-8.024
10095.58	-8.021
10096.58	-8.02
10097.58	-8.023
10098.58	-8.022
10099.58	-8.022
10100.58	-8.023
10101.58	-8.025
10102.58	-8.021
10103.58	-8.022
10104.58	-8.023
10105.58	-8.02
10106.58	-8.024
10107.58	-8.022
10108.58	-8.024
10109.58	-8.022
10110.58	-8.025
10111.58	-8.022
10112.58	-8.022
10113.58	-8.023
10114.58	-8.022
10115.58	-8.024
10116.58	-8.024
10117.58	-8.024
10118.58	-8.023
10119.58	-8.027
10120.58	-8.021
10121.58	-8.022
10122.58	-8.021
10123.58	-8.024
10124.58	-8.022
10125.58	-8.019
10126.58	-8.021
10127.58	-8.023
10128.58	-8.023
10129.58	-8.024
10130.58	-8.022
10131.58	-8.021
10132.58	-8.024
10133.58	-8.022
10134.58	-8.022
10135.58	-8.023
10136.58	-8.025
10137.58	-8.022
10138.58	-8.025
10139.58	-8.022
10140.58	-8.019
10141.58	-8.02
10142.58	-8.023
10143.58	-8.02
10144.58	-8.025
10145.58	-8.02
10146.58	-8.022
10147.58	-8.022
10148.58	-8.02
10149.58	-8.024
10150.58	-8.025
10151.58	-8.024
10152.58	-8.021
10153.58	-8.021
10154.58	-8.022
10155.58	-8.024
10156.58	-8.022
10157.58	-8.024
10158.58	-8.024
10159.58	-8.021
10160.58	-8.026
10161.58	-8.022
10162.58	-8.023
10163.58	-8.026
10164.58	-8.024
10165.58	-8.024
10166.58	-8.025
10167.58	-8.022
10168.58	-8.024
10169.58	-8.021
10170.58	-8.023
10171.58	-8.022
10172.58	-8.024
10173.58	-8.021
10174.58	-8.021
10175.58	-8.022
10176.58	-8.024
10177.58	-8.024
10178.58	-8.025
10179.58	-8.025
10180.58	-8.023
10181.58	-8.02
10182.58	-8.022
10183.58	-8.02
10184.58	-8.024
10185.58	-8.023
10186.58	-8.027
10187.58	-8.026
10188.58	-8.02
10189.58	-8.022
10190.58	-8.024
10191.58	-8.024
10192.58	-8.024
10193.58	-8.023
10194.58	-8.023
10195.58	-8.025
10196.58	-8.021
10197.58	-8.022
10198.58	-8.021
10199.58	-8.021
10200.58	-8.024
10201.58	-8.024
10202.58	-8.024
10203.58	-8.022
10204.58	-8.025
10205.58	-8.025
10206.58	-8.022
10207.58	-8.021
10208.58	-8.022
10209.58	-8.02
10210.58	-8.025
10211.58	-8.019
10212.58	-8.02
10213.58	-8.023
10214.58	-8.025
10215.58	-8.02
10216.58	-8.02
10217.58	-8.022
10218.58	-8.024
10219.58	-8.023
10220.58	-8.024
10221.58	-8.023
10222.58	-8.024
10223.58	-8.024
10224.58	-8.022
10225.58	-8.024
10226.58	-8.023
10227.58	-8.021
10228.58	-8.027
10229.58	-8.025
10230.58	-8.024
10231.58	-8.024
10232.58	-8.025
10233.58	-8.02
10234.58	-8.024
10235.58	-8.026
10236.58	-8.021
10237.58	-8.025
10238.58	-8.025
10239.58	-8.022
10240.58	-8.024
10241.58	-8.023
10242.58	-8.019
10243.58	-8.023
10244.58	-8.024
10245.58	-8.023
10246.58	-8.023
10247.58	-8.022
10248.58	-8.023
10249.58	-8.023
10250.58	-8.024
10251.58	-8.022
10252.58	-8.021
10253.58	-8.023
10254.58	-8.023
10255.58	-8.024
10256.58	-8.023
10257.58	-8.022
10258.58	-8.024
10259.58	-8.024
10260.58	-8.025
10261.58	-8.024
10262.58	-8.02
10263.58	-8.021
10264.58	-8.024
10265.58	-8.02
10266.58	-8.025
10267.58	-8.026
10268.58	-8.019
10269.58	-8.024
10270.58	-8.021
10271.58	-8.02
10272.58	-8.027
10273.58	-8.021
10274.58	-8.024
10275.58	-8.025
10276.58	-8.024
10277.58	-8.024
10278.58	-8.019
10279.58	-8.026
10280.58	-8.025
10281.58	-8.027
10282.58	-8.023
10283.58	-8.023
10284.58	-8.024
10285.58	-8.02
10286.58	-8.021
10287.58	-8.025
10288.58	-8.025
10289.58	-8.022
10290.58	-8.021
10291.58	-8.022
10292.58	-8.024
10293.58	-8.028
10294.58	-8.02
10295.58	-8.02
10296.58	-8.022
10297.58	-8.027
10298.58	-8.022
10299.58	-8.021
10300.58	-8.022
10301.58	-8.024
10302.58	-8.024
10303.58	-8.022
10304.58	-8.022
10305.58	-8.02
10306.58	-8.02
10307.58	-8.026
10308.58	-8.024
10309.58	-8.021
10310.58	-8.023
10311.58	-8.025
10312.58	-8.024
10313.58	-8.023
10314.58	-8.026
10315.58	-8.025
10316.58	-8.024
10317.58	-8.02
10318.58	-8.024
10319.58	-8.023
10320.58	-8.022
10321.58	-8.021
10322.58	-8.022
10323.58	-8.026
10324.58	-8.021
10325.58	-8.023
10326.58	-8.026
10327.58	-8.022
10328.58	-8.024
10329.58	-8.024
10330.58	-8.024
10331.58	-8.022
10332.58	-8.022
10333.58	-8.023
10334.58	-8.024
10335.58	-8.023
10336.58	-8.025
10337.58	-8.023
10338.58	-8.02
10339.58	-8.022
10340.58	-8.023
10341.58	-8.026
10342.58	-8.023
10343.58	-8.023
10344.58	-8.025
10345.58	-8.023
10346.58	-8.025
10347.58	-8.023
10348.58	-8.021
10349.58	-8.025
10350.58	-8.023
10351.58	-8.023
10352.58	-8.022
10353.58	-8.027
10354.58	-8.024
10355.58	-8.022
10356.58	-8.024
10357.58	-8.019
10358.58	-8.022
10359.58	-8.023
10360.58	-8.022
10361.58	-8.023
10362.58	-8.022
10363.58	-8.023
10364.58	-8.022
10365.58	-8.022
10366.58	-8.021
10367.58	-8.025
10368.58	-8.023
10369.58	-8.021
10370.58	-8.021
10371.58	-8.024
10372.58	-8.022
10373.58	-8.026
10374.58	-8.023
10375.58	-8.023
10376.58	-8.023
10377.58	-8.024
10378.58	-8.023
10379.58	-8.021
10380.58	-8.026
10381.58	-8.02
10382.58	-8.022
10383.58	-8.026
10384.58	-8.024
10385.58	-8.022
10386.58	-8.023
10387.58	-8.027
10388.58	-8.024
10389.58	-8.024
10390.58	-8.022
10391.58	-8.026
10392.58	-8.024
10393.58	-8.023
10394.58	-8.024
10395.58	-8.024
10396.58	-8.024
10397.58	-8.025
10398.58	-8.023
10399.58	-8.023
10400.58	-8.025
10401.58	-8.027
10402.58	-8.025
10403.58	-8.024
10404.58	-8.023
10405.58	-8.022
10406.58	-8.022
10407.58	-8.025
10408.58	-8.023
10409.58	-8.023
10410.58	-8.026
10411.58	-8.024
10412.58	-8.024
10413.58	-8.024
10414.58	-8.022
10415.58	-8.02
10416.58	-8.022
10417.58	-8.022
10418.58	-8.021
10419.58	-8.022
10420.58	-8.024
10421.58	-8.025
10422.58	-8.028
10423.58	-8.022
10424.58	-8.026
10425.58	-8.024
10426.58	-8.024
10427.58	-8.019
10428.58	-8.024
10429.58	-8.023
10430.58	-8.023
10431.58	-8.023
10432.58	-8.022
10433.58	-8.026
10434.58	-8.026
10435.58	-8.021
10436.58	-8.026
10437.58	-8.025
10438.58	-8.021
10439.58	-8.025
10440.58	-8.025
10441.58	-8.023
10442.58	-8.024
10443.58	-8.022
10444.58	-8.02
10445.58	-8.021
10446.58	-8.027
10447.58	-8.02
10448.58	-8.026
10449.58	-8.02
10450.58	-8.025
10451.58	-8.023
10452.58	-8.024
10453.58	-8.024
10454.58	-8.023
10455.58	-8.025
10456.58	-8.024
10457.58	-8.027
10458.58	-8.024
10459.58	-8.022
10460.58	-8.023
10461.58	-8.025
10462.58	-8.023
10463.58	-8.021
10464.58	-8.022
10465.58	-8.021
10466.58	-8.024
10467.58	-8.027
10468.58	-8.02
10469.58	-8.027
10470.58	-8.024
10471.58	-8.022
10472.58	-8.025
10473.58	-8.025
10474.58	-8.023
10475.58	-8.02
10476.58	-8.024
10477.58	-8.023
10478.58	-8.025
10479.58	-8.025
10480.58	-8.022
10481.58	-8.024
10482.58	-8.022
10483.58	-8.02
10484.58	-8.022
10485.58	-8.026
10486.58	-8.021
10487.58	-8.023
10488.58	-8.025
10489.58	-8.021
10490.58	-8.023
10491.58	-8.025
10492.58	-8.024
10493.58	-8.022
10494.58	-8.023
10495.58	-8.027
10496.58	-8.024
10497.58	-8.024
10498.58	-8.026
10499.58	-8.024
10500.58	-8.024
10501.58	-8.027
10502.58	-8.023
10503.58	-8.028
10504.58	-8.021
10505.58	-8.026
10506.58	-8.026
10507.58	-8.022
10508.58	-8.021
10509.58	-8.025
10510.58	-8.023
10511.58	-8.026
10512.58	-8.028
10513.58	-8.023
10514.58	-8.022
10515.58	-8.022
10516.58	-8.023
10517.58	-8.021
10518.58	-8.026
10519.58	-8.021
10520.58	-8.021
10521.58	-8.025
10522.58	-8.023
10523.58	-8.021
10524.58	-8.025
10525.58	-8.024
10526.58	-8.023
10527.58	-8.024
10528.58	-8.022
10529.58	-8.022
10530.58	-8.023
10531.58	-8.023
10532.58	-8.024
10533.58	-8.023
10534.58	-8.024
10535.58	-8.024
10536.58	-8.024
10537.58	-8.024
10538.58	-8.023
10539.58	-8.024
10540.58	-8.023
10541.58	-8.021
10542.58	-8.022
10543.58	-8.023
10544.58	-8.021
10545.58	-8.024
10546.58	-8.023
10547.58	-8.021
10548.58	-8.027
10549.58	-8.024
10550.58	-8.022
10551.58	-8.021
10552.58	-8.025
10553.58	-8.025
10554.58	-8.023
10555.58	-8.023
10556.58	-8.026
10557.58	-8.024
10558.58	-8.025
10559.58	-8.023
10560.58	-8.023
10561.58	-8.025
10562.58	-8.023
10563.58	-8.022
10564.58	-8.023
10565.58	-8.019
10566.58	-8.024
10567.58	-8.021
10568.58	-8.027
10569.58	-8.023
10570.58	-8.023
10571.58	-8.02
10572.58	-8.025
10573.58	-8.022
10574.58	-8.025
10575.58	-8.021
10576.58	-8.024
10577.58	-8.022
10578.58	-8.022
10579.58	-8.025
10580.58	-8.022
10581.58	-8.023
10582.58	-8.023
10583.58	-8.024
10584.58	-8.024
10585.58	-8.024
10586.58	-8.02
10587.58	-8.022
10588.58	-8.02
10589.58	-8.024
10590.58	-8.021
10591.58	-8.025
10592.58	-8.023
10593.58	-8.022
10594.58	-8.022
10595.58	-8.022
10596.58	-8.024
10597.58	-8.025
10598.58	-8.023
10599.58	-8.022
10600.58	-8.028
10601.58	-8.019
10602.58	-8.021
10603.58	-8.025
10604.58	-8.023
10605.58	-8.022
10606.58	-8.021
10607.58	-8.026
10608.58	-8.025
10609.58	-8.024
10610.58	-8.02
10611.58	-8.022
10612.58	-8.024
10613.58	-8.022
10614.58	-8.022
10615.58	-8.021
10616.58	-8.022
10617.58	-8.025
10618.58	-8.026
10619.58	-8.025
10620.58	-8.023
10621.58	-8.023
10622.58	-8.023
10623.58	-8.021
10624.58	-8.022
10625.58	-8.022
10626.58	-8.024
10627.58	-8.024
10628.58	-8.023
10629.58	-8.023
10630.58	-8.025
10631.58	-8.023
10632.58	-8.021
10633.58	-8.025
10634.58	-8.021
10635.58	-8.019
10636.58	-8.022
10637.58	-8.024
10638.58	-8.023
10639.58	-8.021
10640.58	-8.022
10641.58	-8.025
10642.58	-8.02
10643.58	-8.023
10644.58	-8.023
10645.58	-8.027
10646.58	-8.023
10647.58	-8.021
10648.58	-8.021
10649.58	-8.021
10650.58	-8.022
10651.58	-8.023
10652.58	-8.021
10653.58	-8.023
10654.58	-8.021
10655.58	-8.024
10656.58	-8.025
10657.58	-8.022
10658.58	-8.023
10659.58	-8.023
10660.58	-8.022
10661.58	-8.022
10662.58	-8.024
10663.58	-8.023
10664.58	-8.022
10665.58	-8.027
10666.58	-8.025
10667.58	-8.023
10668.58	-8.023
10669.58	-8.025
10670.58	-8.023
10671.58	-8.021
10672.58	-8.023
10673.58	-8.022
10674.58	-8.021
10675.58	-8.021
10676.58	-8.022
10677.58	-8.022
10678.58	-8.022
10679.58	-8.02
10680.58	-8.025
10681.58	-8.024
10682.58	-8.022
10683.58	-8.025
10684.58	-8.024
10685.58	-8.024
10686.58	-8.023
10687.58	-8.022
10688.58	-8.024
10689.58	-8.026
10690.58	-8.023
10691.58	-8.025
10692.58	-8.023
10693.58	-8.027
10694.58	-8.023
10695.58	-8.023
10696.58	-8.025
10697.58	-8.022
10698.58	-8.023
10699.58	-8.023
10700.58	-8.022
10701.58	-8.021
10702.58	-8.022
10703.58	-8.021
10704.58	-8.022
10705.58	-8.025
10706.58	-8.022
10707.58	-8.021
10708.58	-8.024
10709.58	-8.023
10710.58	-8.024
10711.58	-8.022
10712.58	-8.021
10713.58	-8.02
10714.58	-8.024
10715.58	-8.025
10716.58	-8.024
10717.58	-8.021
10718.58	-8.022
10719.58	-8.022
10720.58	-8.024
10721.58	-8.023
10722.58	-8.025
10723.58	-8.023
10724.58	-8.022
10725.58	-8.02
10726.58	-8.019
10727.58	-8.023
10728.58	-8.021
10729.58	-8.023
10730.58	-8.02
10731.58	-8.022
10732.58	-8.023
10733.58	-8.02
10734.58	-8.02
10735.58	-8.02
10736.58	-8.021
10737.58	-8.026
10738.58	-8.023
10739.58	-8.025
10740.58	-8.023
10741.58	-8.024
10742.58	-8.023
10743.58	-8.024
10744.58	-8.022
10745.58	-8.023
10746.58	-8.024
10747.58	-8.025
10748.58	-8.022
10749.58	-8.022
10750.58	-8.028
10751.58	-8.022
10752.58	-8.025
10753.58	-8.023
10754.58	-8.017
10755.58	-8.022
10756.58	-8.022
10757.58	-8.02
10758.58	-8.021
10759.58	-8.022
10760.58	-8.02
10761.58	-8.023
10762.58	-8.026
10763.58	-8.021
10764.58	-8.023
10765.58	-8.026
10766.58	-8.024
10767.58	-8.022
10768.58	-8.021
10769.58	-8.021
10770.58	-8.024
10771.58	-8.022
10772.58	-8.025
10773.58	-8.026
10774.58	-8.023
10775.58	-8.021
10776.58	-8.022
10777.58	-8.02
10778.58	-8.021
10779.58	-8.018
10780.58	-8.024
10781.58	-8.023
10782.58	-8.026
10783.58	-8.023
10784.58	-8.021
10785.58	-8.023
10786.58	-8.024
10787.58	-8.023
10788.58	-8.025
10789.58	-8.022
10790.58	-8.021
10791.58	-8.022
10792.58	-8.023
10793.58	-8.025
10794.58	-8.023
10795.58	-8.024
10796.58	-8.022
10797.58	-8.022
10798.58	-8.023
10799.58	-8.022
10800.58	-8.023
10801.58	-8.021
10802.58	-8.025
10803.58	-8.022
10804.58	-8.024
10805.58	-8.026
10806.58	-8.022
10807.58	-8.025
10808.58	-8.022
10809.58	-8.02
10810.58	-8.023
10811.58	-8.024
10812.58	-8.023
10813.58	-8.022
10814.58	-8.022
10815.58	-8.024
10816.58	-8.021
10817.58	-8.023
10818.58	-8.024
10819.58	-8.023
10820.58	-8.024
10821.58	-8.021
10822.58	-8.022
10823.58	-8.023
10824.58	-8.022
10825.58	-8.024
10826.58	-8.023
10827.58	-8.022
10828.58	-8.024
10829.58	-8.022
10830.58	-8.024
10831.58	-8.024
10832.58	-8.025
10833.58	-8.024
10834.58	-8.025
10835.58	-8.023
10836.58	-8.025
10837.58	-8.021
10838.58	-8.021
10839.58	-8.022
10840.58	-8.024
10841.58	-8.026
10842.58	-8.024
10843.58	-8.022
10844.58	-8.02
10845.58	-8.025
10846.58	-8.022
10847.58	-8.023
10848.58	-8.025
10849.58	-8.027
10850.58	-8.024
10851.58	-8.023
10852.58	-8.024
10853.58	-8.024
10854.58	-8.024
10855.58	-8.024
10856.58	-8.021
10857.58	-8.021
10858.58	-8.023
10859.58	-8.022
10860.58	-8.023
10861.58	-8.022
10862.58	-8.026
10863.58	-8.024
10864.58	-8.025
10865.58	-8.027
10866.58	-8.024
10867.58	-8.021
10868.58	-8.023
10869.58	-8.024
10870.58	-8.024
10871.58	-8.022
10872.58	-8.026
10873.58	-8.024
10874.58	-8.023
10875.58	-8.022
10876.58	-8.025
10877.58	-8.023
10878.58	-8.024
10879.58	-8.023
10880.58	-8.023
10881.58	-8.025
10882.58	-8.025
10883.58	-8.024
10884.58	-8.021
10885.58	-8.025
10886.58	-8.025
10887.58	-8.026
10888.58	-8.024
10889.58	-8.023
10890.58	-8.023
10891.58	-8.023
10892.58	-8.025
10893.58	-8.022
10894.58	-8.025
10895.58	-8.023
10896.58	-8.018
10897.58	-8.024
10898.58	-8.024
10899.58	-8.02
10900.58	-8.025
10901.58	-8.02
10902.58	-8.024
10903.58	-8.023
10904.58	-8.023
10905.58	-8.024
10906.58	-8.023
10907.58	-8.023
10908.58	-8.023
10909.58	-8.023
10910.58	-8.023
10911.58	-8.023
10912.58	-8.026
10913.58	-8.024
10914.58	-8.02
10915.58	-8.023
10916.58	-8.024
10917.58	-8.022
10918.58	-8.024
10919.58	-8.022
10920.58	-8.024
10921.58	-8.024
10922.58	-8.023
10923.58	-8.024
10924.58	-8.022
10925.58	-8.023
10926.58	-8.023
10927.58	-8.022
10928.58	-8.026
10929.58	-8.021
10930.58	-8.024
10931.58	-8.022
10932.58	-8.025
10933.58	-8.023
10934.58	-8.024
10935.58	-8.022
10936.58	-8.025
10937.58	-8.023
10938.58	-8.023
10939.58	-8.023
10940.58	-8.022
10941.58	-8.02
10942.58	-8.023
10943.58	-8.021
10944.58	-8.022
10945.58	-8.021
10946.58	-8.022
10947.58	-8.022
10948.58	-8.021
10949.58	-8.022
10950.58	-8.024
10951.58	-8.021
10952.58	-8.02
10953.58	-8.02
10954.58	-8.02
10955.58	-8.022
10956.58	-8.024
10957.58	-8.022
10958.58	-8.022
10959.58	-8.022
10960.58	-8.022
10961.58	-8.022
10962.58	-8.02
10963.58	-8.022
10964.58	-8.021
10965.58	-8.011
10966.58	-8.018
10967.58	-8.015
10968.58	-8.017
10969.58	-8.019
10970.58	-8.012
10971.58	-8.018
10972.58	-8.014
10973.58	-8.018
10974.58	-8.018
10975.58	-8.011
10976.58	-8.015
10977.58	-8.018
10978.58	-8.019
10979.58	-8.015
10980.58	-8.011
10981.58	-8.015
10982.58	-8.013
10983.58	-8.018
10984.58	-8.015
10985.58	-8.017
10986.58	-8.014
10987.58	-8.017
10988.58	-8.018
10989.58	-8.017
10990.58	-8.018
10991.58	-8.013
10992.58	-8.014
10993.58	-8.018
10994.58	-8.02
10995.58	-8.014
10996.58	-8.015
10997.58	-8.017
10998.58	-8.017
10999.58	-8.015
11000.58	-8.015
11001.58	-8.012
11002.58	-8.014
11003.58	-8.014
11004.58	-8.017
11005.58	-8.014
11006.58	-8.015
11007.58	-8.018
11008.58	-8.017
11009.58	-8.018
11010.58	-8.018
11011.58	-8.018
11012.58	-8.019
11013.58	-8.013
11014.58	-8.017
11015.58	-8.018
11016.58	-8.017
11017.58	-8.014
11018.58	-8.017
11019.58	-8.016
11020.58	-8.012
11021.58	-8.011
11022.58	-8.011
11023.58	-8.014
11024.58	-8.02
11025.58	-8.014
11026.58	-8.016
11027.58	-8.018
11028.58	-8.014
11029.58	-8.009
11030.58	-8.019
11031.58	-8.013
11032.58	-8.018
11033.58	-8.017
11034.58	-8.017
11035.58	-8.015
11036.58	-8.016
11037.58	-8.017
11038.58	-8.014
11039.58	-8.016
11040.58	-8.016
11041.58	-8.016
11042.58	-8.016
11043.58	-8.016
11044.58	-8.017
11045.58	-8.018
11046.58	-8.018
11047.58	-8.017
11048.58	-8.017
11049.58	-8.014
11050.58	-8.018
11051.58	-8.015
11052.58	-8.015
11053.58	-8.015
11054.58	-8.013
11055.58	-8.016
11056.58	-8.017
11057.58	-8.018
11058.58	-8.016
11059.58	-8.016
11060.58	-8.017
11061.58	-8.019
11062.58	-8.014
11063.58	-8.017
11064.58	-8.014
11065.58	-8.018
11066.58	-8.018
11067.58	-8.013
11068.58	-8.015
11069.58	-8.016
11070.58	-8.016
11071.58	-8.017
11072.58	-8.018
11073.58	-8.014
11074.58	-8.018
11075.58	-8.016
11076.58	-8.017
11077.58	-8.016
11078.58	-8.01
11079.58	-8.015
11080.58	-8.015
11081.58	-8.017
11082.58	-8.012
11083.58	-8.017
11084.58	-8.017
11085.58	-8.017
11086.58	-8.02
11087.58	-8.015
11088.58	-8.014
11089.58	-8.015
11090.58	-8.017
11091.58	-8.018
11092.58	-8.014
11093.58	-8.018
11094.58	-8.017
11095.58	-8.018
11096.58	-8.018
11097.58	-8.017
11098.58	-8.017
11099.58	-8.018
11100.58	-8.021
11101.58	-8.015
11102.58	-8.018
11103.58	-8.015
11104.58	-8.013
11105.58	-8.017
11106.58	-8.019
11107.58	-8.02
11108.58	-8.014
11109.58	-8.015
11110.58	-8.017
11111.58	-8.018
11112.58	-8.019
11113.58	-8.018
11114.58	-8.014
11115.58	-8.018
11116.58	-8.02
11117.58	-8.017
11118.58	-8.016
11119.58	-8.018
11120.58	-8.016
11121.58	-8.019
11122.58	-8.019
11123.58	-8.017
11124.58	-8.019
11125.58	-8.018
11126.58	-8.019
11127.58	-8.015
11128.58	-8.018
11129.58	-8.009
11130.58	-8.012
11131.58	-8.018
11132.58	-8.013
11133.58	-8.017
11134.58	-8.018
11135.58	-8.02
11136.58	-8.017
11137.58	-8.017
11138.58	-8.017
11139.58	-8.018
11140.58	-8.018
11141.58	-8.016
11142.58	-8.016
11143.58	-8.011
11144.58	-8.012
11145.58	-8.013
11146.58	-8.017
11147.58	-8.019
11148.58	-8.02
11149.58	-8.013
11150.58	-8.017
11151.58	-8.014
11152.58	-8.016
11153.58	-8.018
11154.58	-8.016
11155.58	-8.018
11156.58	-8.016
11157.58	-8.016
11158.58	-8.015
11159.58	-8.019
11160.58	-8.017
11161.58	-8.014
11162.58	-8.019
11163.58	-8.016
11164.58	-8.016
11165.58	-8.02
11166.58	-8.016
11167.58	-8.015
11168.58	-8.018
11169.58	-8.017
11170.58	-8.016
11171.58	-8.016
11172.58	-8.017
11173.58	-8.016
11174.58	-8.017
11175.58	-8.015
11176.58	-8.017
11177.58	-8.016
11178.58	-8.013
11179.58	-8.019
11180.58	-8.015
11181.58	-8.018
11182.58	-8.019
11183.58	-8.016
11184.58	-8.015
11185.58	-8.017
11186.58	-8.019
11187.58	-8.017
11188.58	-8.016
11189.58	-8.01
11190.58	-8.018
11191.58	-8.019
11192.58	-8.015
11193.58	-8.017
11194.58	-8.017
11195.58	-8.018
11196.58	-8.017
11197.58	-8.017
11198.58	-8.016
11199.58	-8.019
11200.58	-8.018
11201.58	-8.018
11202.58	-8.017
11203.58	-8.016
11204.58	-8.018
11205.58	-8.016
11206.58	-8.018
11207.58	-8.019
11208.58	-8.015
11209.58	-8.019
11210.58	-8.016
11211.58	-8.017
11212.58	-8.016
11213.58	-8.016
11214.58	-8.018
11215.58	-8.017
11216.58	-8.017
11217.58	-8.018
11218.58	-8.017
11219.58	-8.019
11220.58	-8.018
11221.58	-8.018
11222.58	-8.016
11223.58	-8.017
11224.58	-8.016
11225.58	-8.017
11226.58	-8.015
11227.58	-8.017
11228.58	-8.018
11229.58	-8.016
11230.58	-8.016
11231.58	-8.018
11232.58	-8.019
11233.58	-8.017
11234.58	-8.017
11235.58	-8.019
11236.58	-8.02
11237.58	-8.016
11238.58	-8.017
11239.58	-8.017
11240.58	-8.017
11241.58	-8.01
11242.58	-8.018
11243.58	-8.016
11244.58	-8.018
11245.58	-8.019
11246.58	-8.017
11247.58	-8.013
11248.58	-8.017
11249.58	-8.018
11250.58	-8.019
11251.58	-8.013
11252.58	-8.018
11253.58	-8.018
11254.58	-8.009
11255.58	-8.017
11256.58	-8.017
11257.58	-8.017
11258.58	-8.017
11259.58	-8.018
11260.58	-8.021
11261.58	-8.026
11262.58	-8.025
11263.58	-8.027
11264.58	-8.022
11265.58	-8.021
11266.58	-8.02
11267.58	-8.023
11268.58	-8.023
11269.58	-8.023
11270.58	-8.021
11271.58	-8.026
11272.58	-8.022
11273.58	-8.024
11274.58	-8.026
11275.58	-8.023
11276.58	-8.022
11277.58	-8.024
11278.58	-8.021
11279.58	-8.022
11280.58	-8.022
11281.58	-8.023
11282.58	-8.021
11283.58	-8.02
11284.58	-8.023
11285.58	-8.022
11286.58	-8.023
11287.58	-8.021
11288.58	-8.023
11289.58	-8.023
11290.58	-8.024
11291.58	-8.023
11292.58	-8.023
11293.58	-8.022
11294.58	-8.024
11295.58	-8.023
11296.58	-8.023
11297.58	-8.022
11298.58	-8.025
11299.58	-8.023
11300.58	-8.021
11301.58	-8.025
11302.58	-8.022
11303.58	-8.024
11304.58	-8.022
11305.58	-8.022
11306.58	-8.023
11307.58	-8.024
11308.58	-8.022
11309.58	-8.023
11310.58	-8.021
11311.58	-8.026
11312.58	-8.021
11313.58	-8.023
11314.58	-8.02
11315.58	-8.025
11316.58	-8.024
11317.58	-8.026
11318.58	-8.024
11319.58	-8.022
11320.58	-8.023
11321.58	-8.02
11322.58	-8.024
11323.58	-8.022
11324.58	-8.023
11325.58	-8.022
11326.58	-8.023
11327.58	-8.024
11328.58	-8.025
11329.58	-8.022
11330.58	-8.027
11331.58	-8.022
11332.58	-8.025
11333.58	-8.023
11334.58	-8.023
11335.58	-8.024
11336.58	-8.023
11337.58	-8.024
11338.58	-8.022
11339.58	-8.024
11340.58	-8.021
11341.58	-8.02
11342.58	-8.022
11343.58	-8.022
11344.58	-8.022
11345.58	-8.022
11346.58	-8.022
11347.58	-8.021
11348.58	-8.024
11349.58	-8.022
11350.58	-8.022
11351.58	-8.022
11352.58	-8.024
11353.58	-8.024
11354.58	-8.023
11355.58	-8.025
11356.58	-8.023
11357.58	-8.024
11358.58	-8.02
11359.58	-8.022
11360.58	-8.023
11361.58	-8.025
11362.58	-8.025
11363.58	-8.022
11364.58	-8.022
11365.58	-8.023
11366.58	-8.02
11367.58	-8.023
11368.58	-8.019
11369.58	-8.023
11370.58	-8.023
11371.58	-8.023
11372.58	-8.021
11373.58	-8.023
11374.58	-8.025
11375.58	-8.025
11376.58	-8.023
11377.58	-8.026
11378.58	-8.025
11379.58	-8.025
11380.58	-8.023
11381.58	-8.023
11382.58	-8.022
11383.58	-8.024
11384.58	-8.025
11385.58	-8.022
11386.58	-8.024
11387.58	-8.023
11388.58	-8.024
11389.58	-8.023
11390.58	-8.023
11391.58	-8.023
11392.58	-8.024
11393.58	-8.023
11394.58	-8.024
11395.58	-8.023
11396.58	-8.024
11397.58	-8.022
11398.58	-8.023
11399.58	-8.021
11400.58	-8.021
11401.58	-8.021
11402.58	-8.023
11403.58	-8.023
11404.58	-8.021
11405.58	-8.023
11406.58	-8.026
11407.58	-8.022
11408.58	-8.024
11409.58	-8.023
11410.58	-8.022
11411.58	-8.022
11412.58	-8.023
11413.58	-8.026
11414.58	-8.022
11415.58	-8.023
11416.58	-8.021
11417.58	-8.021
11418.58	-8.021
11419.58	-8.024
11420.58	-8.023
11421.58	-8.022
11422.58	-8.02
11423.58	-8.022
11424.58	-8.02
11425.58	-8.02
11426.58	-8.022
11427.58	-8.021
11428.58	-8.023
11429.58	-8.022
11430.58	-8.02
11431.58	-8.026
11432.58	-8.025
11433.58	-8.022
11434.58	-8.021
11435.58	-8.022
11436.58	-8.024
11437.58	-8.022
11438.58	-8.024
11439.58	-8.018
11440.58	-8.025
11441.58	-8.025
11442.58	-8.024
11443.58	-8.024
11444.58	-8.022
11445.58	-8.02
11446.58	-8.022
11447.58	-8.023
11448.58	-8.02
11449.58	-8.022
11450.58	-8.02
11451.58	-8.025
11452.58	-8.022
11453.58	-8.021
11454.58	-8.022
11455.58	-8.021
11456.58	-8.024
11457.58	-8.022
11458.58	-8.023
11459.58	-8.025
11460.58	-8.023
11461.58	-8.022
11462.58	-8.024
11463.58	-8.024
11464.58	-8.022
11465.58	-8.023
11466.58	-8.025
11467.58	-8.023
11468.58	-8.024
11469.58	-8.023
11470.58	-8.02
11471.58	-8.02
11472.58	-8.025
11473.58	-8.022
11474.58	-8.023
11475.58	-8.02
11476.58	-8.022
11477.58	-8.023
11478.58	-8.022
11479.58	-8.023
11480.58	-8.023
11481.58	-8.021
11482.58	-8.022
11483.58	-8.022
11484.58	-8.027
11485.58	-8.023
11486.58	-8.022
11487.58	-8.026
11488.58	-8.023
11489.58	-8.021
11490.58	-8.02
11491.58	-8.025
11492.58	-8.021
11493.58	-8.023
11494.58	-8.025
11495.58	-8.021
11496.58	-8.023
11497.58	-8.023
11498.58	-8.022
11499.58	-8.027
11500.58	-8.026
11501.58	-8.022
11502.58	-8.021
11503.58	-8.022
11504.58	-8.02
11505.58	-8.026
11506.58	-8.022
11507.58	-8.024
11508.58	-8.02
11509.58	-8.022
11510.58	-8.022
11511.58	-8.024
11512.58	-8.021
11513.58	-8.026
11514.58	-8.023
11515.58	-8.024
11516.58	-8.022
11517.58	-8.023
11518.58	-8.024
11519.58	-8.021
11520.58	-8.02
11521.58	-8.024
11522.58	-8.019
11523.58	-8.022
11524.58	-8.02
11525.58	-8.021
11526.58	-8.024
11527.58	-8.023
11528.58	-8.023
11529.58	-8.023
11530.58	-8.024
11531.58	-8.022
11532.58	-8.022
11533.58	-8.019
11534.58	-8.02
11535.58	-8.021
11536.58	-8.023
11537.58	-8.02
11538.58	-8.026
11539.58	-8.024
11540.58	-8.024
11541.58	-8.025
11542.58	-8.024
11543.58	-8.018
11544.58	-8.026
11545.58	-8.021
11546.58	-8.023
11547.58	-8.019
11548.58	-8.022
11549.58	-8.023
11550.58	-8.022
11551.58	-8.021
11552.58	-8.023
11553.58	-8.022
11554.58	-8.02
11555.58	-8.02
11556.58	-8.021
11557.58	-8.022
11558.58	-8.023
11559.58	-8.02
11560.58	-8.025
11561.58	-8.022
11562.58	-8.024
11563.58	-8.027
11564.58	-8.024
11565.58	-8.022
11566.58	-8.022
11567.58	-8.025
11568.58	-8.022
11569.58	-8.023
11570.58	-8.022
11571.58	-8.021
11572.58	-8.024
11573.58	-8.021
11574.58	-8.02
11575.58	-8.019
11576.58	-8.021
11577.58	-8.02
11578.58	-8.022
11579.58	-8.023
11580.58	-8.024
11581.58	-8.023
11582.58	-8.024
11583.58	-8.024
11584.58	-8.021
11585.58	-8.026
11586.58	-8.022
11587.58	-8.022
11588.58	-8.025
11589.58	-8.02
11590.58	-8.021
11591.58	-8.021
11592.58	-8.023
11593.58	-8.024
11594.58	-8.021
11595.58	-8.024
11596.58	-8.023
11597.58	-8.022
11598.58	-8.026
11599.58	-8.02
11600.58	-8.021
11601.58	-8.023
11602.58	-8.024
11603.58	-8.021
11604.58	-8.021
11605.58	-8.022
11606.58	-8.019
11607.58	-8.02
11608.58	-8.023
11609.58	-8.02
11610.58	-8.022
11611.58	-8.022
11612.58	-8.023
11613.58	-8.021
11614.58	-8.022
11615.58	-8.021
11616.58	-8.023
11617.58	-8.022
11618.58	-8.025
11619.58	-8.025
11620.58	-8.022
11621.58	-8.024
11622.58	-8.023
11623.58	-8.022
11624.58	-8.024
11625.58	-8.024
11626.58	-8.025
11627.58	-8.024
11628.58	-8.022
11629.58	-8.027
11630.58	-8.024
11631.58	-8.024
11632.58	-8.022
11633.58	-8.021
11634.58	-8.023
11635.58	-8.022
11636.58	-8.019
11637.58	-8.023
11638.58	-8.022
11639.58	-8.021
11640.58	-8.022
11641.58	-8.02
11642.58	-8.022
11643.58	-8.02
11644.58	-8.025
11645.58	-8.024
11646.58	-8.02
11647.58	-8.026
11648.58	-8.025
11649.58	-8.019
11650.58	-8.025
11651.58	-8.023
11652.58	-8.021
11653.58	-8.022
11654.58	-8.018
11655.58	-8.019
11656.58	-8.022
11657.58	-8.03
11658.58	-8.02
11659.58	-8.022
11660.58	-8.02
11661.58	-8.021
11662.58	-8.02
11663.58	-8.024
11664.58	-8.022
11665.58	-8.021
11666.58	-8.023
11667.58	-8.02
11668.58	-8.023
11669.58	-8.025
11670.58	-8.023
11671.58	-8.027
11672.58	-8.024
11673.58	-8.022
11674.58	-8.025
11675.58	-8.022
11676.58	-8.024
11677.58	-8.022
11678.58	-8.023
11679.58	-8.022
11680.58	-8.019
11681.58	-8.019
11682.58	-8.023
11683.58	-8.021
11684.58	-8.022
11685.58	-8.023
11686.58	-8.024
11687.58	-8.021
11688.58	-8.023
11689.58	-8.022
11690.58	-8.02
11691.58	-8.021
11692.58	-8.023
11693.58	-8.024
11694.58	-8.023
11695.58	-8.022
11696.58	-8.023
11697.58	-8.021
11698.58	-8.022
11699.58	-8.025
11700.58	-8.02
11701.58	-8.025
11702.58	-8.024
11703.58	-8.024
11704.58	-8.02
11705.58	-8.022
11706.58	-8.023
11707.58	-8.023
11708.58	-8.023
11709.58	-8.021
11710.58	-8.024
11711.58	-8.022
11712.58	-8.024
11713.58	-8.025
11714.58	-8.023
11715.58	-8.019
11716.58	-8.023
11717.58	-8.022
11718.58	-8.023
11719.58	-8.02
11720.58	-8.024
11721.58	-8.025
11722.58	-8.02
11723.58	-8.025
11724.58	-8.022
11725.58	-8.023
11726.58	-8.023
11727.58	-8.022
11728.58	-8.019
11729.58	-8.023
11730.58	-8.022
11731.58	-8.022
11732.58	-8.021
11733.58	-8.02
11734.58	-8.022
11735.58	-8.019
11736.58	-8.02
11737.58	-8.022
11738.58	-8.022
11739.58	-8.024
11740.58	-8.019
11741.58	-8.022
11742.58	-8.024
11743.58	-8.021
11744.58	-8.026
11745.58	-8.021
11746.58	-8.024
11747.58	-8.022
11748.58	-8.021
11749.58	-8.024
11750.58	-8.023
11751.58	-8.023
11752.58	-8.022
11753.58	-8.024
11754.58	-8.024
11755.58	-8.022
11756.58	-8.023
11757.58	-8.023
11758.58	-8.023
11759.58	-8.024
11760.58	-8.022
11761.58	-8.024
11762.58	-8.02
11763.58	-8.026
11764.58	-8.026
11765.58	-8.024
11766.58	-8.023
11767.58	-8.021
11768.58	-8.019
11769.58	-8.024
11770.58	-8.025
11771.58	-8.024
11772.58	-8.021
11773.58	-8.022
11774.58	-8.02
11775.58	-8.022
11776.58	-8.02
11777.58	-8.022
11778.58	-8.023
11779.58	-8.023
11780.58	-8.021
11781.58	-8.022
11782.58	-8.024
11783.58	-8.023
11784.58	-8.02
11785.58	-8.022
11786.58	-8.022
11787.58	-8.023
11788.58	-8.022
11789.58	-8.022
11790.58	-8.021
11791.58	-8.021
11792.58	-8.023
11793.58	-8.022
11794.58	-8.023
11795.58	-8.024
11796.58	-8.023
11797.58	-8.02
11798.58	-8.023
11799.58	-8.023
11800.58	-8.022
11801.58	-8.022
11802.58	-8.024
11803.58	-8.019
11804.58	-8.021
11805.58	-8.022
11806.58	-8.022
11807.58	-8.026
11808.58	-8.023
11809.58	-8.021
11810.58	-8.022
11811.58	-8.022
11812.58	-8.025
11813.58	-8.022
11814.58	-8.024
11815.58	-8.022
11816.58	-8.025
11817.58	-8.021
11818.58	-8.022
11819.58	-8.021
11820.58	-8.025
11821.58	-8.024
11822.58	-8.023
11823.58	-8.023
11824.58	-8.022
11825.58	-8.024
11826.58	-8.021
11827.58	-8.024
11828.58	-8.022
11829.58	-8.021
11830.58	-8.025
11831.58	-8.023
11832.58	-8.02
11833.58	-8.024
11834.58	-8.02
11835.58	-8.023
11836.58	-8.02
11837.58	-8.026
11838.58	-8.024
11839.58	-8.022
11840.58	-8.021
11841.58	-8.024
11842.58	-8.024
11843.58	-8.024
11844.58	-8.02
11845.58	-8.022
11846.58	-8.025
11847.58	-8.024
11848.58	-8.027
11849.58	-8.026
11850.58	-8.022
11851.58	-8.02
11852.58	-8.028
11853.58	-8.021
11854.58	-8.022
11855.58	-8.024
11856.58	-8.023
11857.58	-8.021
11858.58	-8.02
11859.58	-8.024
11860.58	-8.022
11861.58	-8.019
11862.58	-8.023
11863.58	-8.02
11864.58	-8.021
11865.58	-8.022
11866.58	-8.021
11867.58	-8.025
11868.58	-8.022
11869.58	-8.023
11870.58	-8.027
11871.58	-8.023
11872.58	-8.024
11873.58	-8.021
11874.58	-8.024
11875.58	-8.023
11876.58	-8.023
11877.58	-8.024
11878.58	-8.019
11879.58	-8.027
11880.58	-8.023
11881.58	-8.024
11882.58	-8.027
11883.58	-8.024
11884.58	-8.022
11885.58	-8.022
11886.58	-8.022
11887.58	-8.023
11888.58	-8.023
11889.58	-8.021
11890.58	-8.02
11891.58	-8.023
11892.58	-8.023
11893.58	-8.023
11894.58	-8.021
11895.58	-8.02
11896.58	-8.023
11897.58	-8.019
11898.58	-8.022
11899.58	-8.025
11900.58	-8.02
11901.58	-8.022
11902.58	-8.024
11903.58	-8.022
11904.58	-8.023
11905.58	-8.022
11906.58	-8.022
11907.58	-8.021
11908.58	-8.023
11909.58	-8.023
11910.58	-8.023
11911.58	-8.021
11912.58	-8.023
11913.58	-8.022
11914.58	-8.022
11915.58	-8.023
11916.58	-8.02
11917.58	-8.022
11918.58	-8.021
11919.58	-8.022
11920.58	-8.023
11921.58	-8.022
11922.58	-8.021
11923.58	-8.022
11924.58	-8.02
11925.58	-8.019
11926.58	-8.023
11927.58	-8.02
11928.58	-8.021
11929.58	-8.022
11930.58	-8.023
11931.58	-8.023
11932.58	-8.024
11933.58	-8.023
11934.58	-8.02
11935.58	-8.02
11936.58	-8.022
11937.58	-8.022
11938.58	-8.022
11939.58	-8.024
11940.58	-8.019
11941.58	-8.021
11942.58	-8.024
11943.58	-8.022
11944.58	-8.024
11945.58	-8.023
11946.58	-8.022
11947.58	-8.023
11948.58	-8.021
11949.58	-8.021
11950.58	-8.019
11951.58	-8.019
11952.58	-8.021
11953.58	-8.022
11954.58	-8.022
11955.58	-8.024
11956.58	-8.022
11957.58	-8.023
11958.58	-8.022
11959.58	-8.023
11960.58	-8.023
11961.58	-8.02
11962.58	-8.019
11963.58	-8.02
11964.58	-8.021
11965.58	-8.021
11966.58	-8.024
11967.58	-8.021
11968.58	-8.025
11969.58	-8.021
11970.58	-8.021
11971.58	-8.024
11972.58	-8.024
11973.58	-8.024
11974.58	-8.025
11975.58	-8.022
11976.58	-8.023
11977.58	-8.026
11978.58	-8.023
11979.58	-8.022
11980.58	-8.023
11981.58	-8.024
11982.58	-8.023
11983.58	-8.02
11984.58	-8.024
11985.58	-8.024
11986.58	-8.023
11987.58	-8.022
11988.58	-8.024
11989.58	-8.02
11990.58	-8.023
11991.58	-8.023
11992.58	-8.024
11993.58	-8.022
11994.58	-8.023
11995.58	-8.022
11996.58	-8.022
11997.58	-8.023
11998.58	-8.023
11999.58	-8.022
12000.58	-8.02
12001.58	-8.023
12002.58	-8.025
12003.58	-8.021
12004.58	-8.024
12005.58	-8.024
12006.58	-8.02
12007.58	-8.023
12008.58	-8.021
12009.58	-8.022
12010.58	-8.024
12011.58	-8.022
12012.58	-8.024
12013.58	-8.019
12014.58	-8.021
12015.58	-8.02
12016.58	-8.023
12017.58	-8.024
12018.58	-8.023
12019.58	-8.023
12020.58	-8.024
12021.58	-8.024
12022.58	-8.024
12023.58	-8.025
12024.58	-8.022
12025.58	-8.026
12026.58	-8.023
12027.58	-8.023
12028.58	-8.022
12029.58	-8.02
12030.58	-8.023
12031.58	-8.022
12032.58	-8.023
12033.58	-8.022
12034.58	-8.021
12035.58	-8.022
12036.58	-8.021
12037.58	-8.019
12038.58	-8.024
12039.58	-8.021
12040.58	-8.021
12041.58	-8.022
12042.58	-8.026
12043.58	-8.025
12044.58	-8.021
12045.58	-8.023
12046.58	-8.024
12047.58	-8.022
12048.58	-8.022
12049.58	-8.021
12050.58	-8.021
12051.58	-8.022
12052.58	-8.022
12053.58	-8.026
12054.58	-8.025
12055.58	-8.025
12056.58	-8.02
12057.58	-8.021
12058.58	-8.025
12059.58	-8.021
12060.58	-8.023
12061.58	-8.021
12062.58	-8.025
12063.58	-8.022
12064.58	-8.024
12065.58	-8.022
12066.58	-8.022
12067.58	-8.02
12068.58	-8.026
12069.58	-8.021
12070.58	-8.021
12071.58	-8.024
12072.58	-8.023
12073.58	-8.023
12074.58	-8.025
12075.58	-8.021
12076.58	-8.025
12077.58	-8.026
12078.58	-8.024
12079.58	-8.026
12080.58	-8.023
12081.58	-8.022
12082.58	-8.022
12083.58	-8.023
12084.58	-8.023
12085.58	-8.022
12086.58	-8.025
12087.58	-8.027
12088.58	-8.024
12089.58	-8.022
12090.58	-8.023
12091.58	-8.023
12092.58	-8.022
12093.58	-8.023
12094.58	-8.024
12095.58	-8.024
12096.58	-8.024
12097.58	-8.023
12098.58	-8.023
12099.58	-8.025
12100.58	-8.022
12101.58	-8.024
12102.58	-8.024
12103.58	-8.021
12104.58	-8.023
12105.58	-8.021
12106.58	-8.028
12107.58	-8.025
12108.58	-8.024
12109.58	-8.022
12110.58	-8.025
12111.58	-8.023
12112.58	-8.023
12113.58	-8.021
12114.58	-8.021
12115.58	-8.022
12116.58	-8.025
12117.58	-8.022
12118.58	-8.021
12119.58	-8.023
12120.58	-8.023
12121.58	-8.021
12122.58	-8.024
12123.58	-8.027
12124.58	-8.024
12125.58	-8.025
12126.58	-8.026
12127.58	-8.023
12128.58	-8.025
12129.58	-8.022
12130.58	-8.021
12131.58	-8.021
12132.58	-8.024
12133.58	-8.026
12134.58	-8.023
12135.58	-8.023
12136.58	-8.021
12137.58	-8.022
12138.58	-8.022
12139.58	-8.022
12140.58	-8.022
12141.58	-8.022
12142.58	-8.026
12143.58	-8.025
12144.58	-8.025
12145.58	-8.023
12146.58	-8.025
12147.58	-8.024
12148.58	-8.023
12149.58	-8.024
12150.58	-8.026
12151.58	-8.025
12152.58	-8.023
12153.58	-8.025
12154.58	-8.025
12155.58	-8.026
12156.58	-8.026
12157.58	-8.024
12158.58	-8.022
12159.58	-8.023
12160.58	-8.028
12161.58	-8.025
12162.58	-8.025
12163.58	-8.022
12164.58	-8.024
12165.58	-8.024
12166.58	-8.023
12167.58	-8.022
12168.58	-8.023
12169.58	-8.023
12170.58	-8.024
12171.58	-8.022
12172.58	-8.024
12173.58	-8.026
12174.58	-8.028
12175.58	-8.02
12176.58	-8.022
12177.58	-8.024
12178.58	-8.025
12179.58	-8.024
12180.58	-8.026
12181.58	-8.022
12182.58	-8.024
12183.58	-8.022
12184.58	-8.023
12185.58	-8.025
12186.58	-8.025
12187.58	-8.024
12188.58	-8.02
12189.58	-8.022
12190.58	-8.023
12191.58	-8.023
12192.58	-8.024
12193.58	-8.023
12194.58	-8.023
12195.58	-8.022
12196.58	-8.024
12197.58	-8.024
12198.58	-8.022
12199.58	-8.026
12200.58	-8.024
12201.58	-8.022
12202.58	-8.025
12203.58	-8.023
12204.58	-8.025
12205.58	-8.025
12206.58	-8.022
12207.58	-8.026
12208.58	-8.023
12209.58	-8.024
12210.58	-8.024
12211.58	-8.025
12212.58	-8.025
12213.58	-8.025
12214.58	-8.024
12215.58	-8.023
12216.58	-8.026
12217.58	-8.024
12218.58	-8.024
12219.58	-8.024
12220.58	-8.022
12221.58	-8.024
12222.58	-8.022
12223.58	-8.024
12224.58	-8.024
12225.58	-8.024
12226.58	-8.022
12227.58	-8.02
12228.58	-8.022
12229.58	-8.022
12230.58	-8.023
12231.58	-8.021
12232.58	-8.021
12233.58	-8.024
12234.58	-8.022
12235.58	-8.023
12236.58	-8.024
12237.58	-8.024
12238.58	-8.023
12239.58	-8.026
12240.58	-8.02
12241.58	-8.02
12242.58	-8.024
12243.58	-8.023
12244.58	-8.024
12245.58	-8.022
12246.58	-8.021
12247.58	-8.021
12248.58	-8.022
12249.58	-8.027
12250.58	-8.023
12251.58	-8.023
12252.58	-8.022
12253.58	-8.022
12254.58	-8.021
12255.58	-8.024
12256.58	-8.023
12257.58	-8.024
12258.58	-8.026
12259.58	-8.023
12260.58	-8.022
12261.58	-8.024
12262.58	-8.024
12263.58	-8.023
12264.58	-8.023
12265.58	-8.022
12266.58	-8.026
12267.58	-8.023
12268.58	-8.02
12269.58	-8.021
12270.58	-8.025
12271.58	-8.023
12272.58	-8.023
12273.58	-8.025
12274.58	-8.024
12275.58	-8.023
12276.58	-8.024
12277.58	-8.023
12278.58	-8.024
12279.58	-8.023
12280.58	-8.023
12281.58	-8.026
12282.58	-8.025
12283.58	-8.025
12284.58	-8.023
12285.58	-8.024
12286.58	-8.023
12287.58	-8.022
12288.58	-8.024
12289.58	-8.022
12290.58	-8.022
12291.58	-8.022
12292.58	-8.024
12293.58	-8.025
12294.58	-8.021
12295.58	-8.023
12296.58	-8.025
12297.58	-8.024
12298.58	-8.024
12299.58	-8.023
12300.58	-8.022
12301.58	-8.022
12302.58	-8.023
12303.58	-8.024
12304.58	-8.022
12305.58	-8.021
12306.58	-8.023
12307.58	-8.023
12308.58	-8.025
12309.58	-8.024
12310.58	-8.021
12311.58	-8.021
12312.58	-8.023
12313.58	-8.024
12314.58	-8.021
12315.58	-8.022
12316.58	-8.022
12317.58	-8.023
12318.58	-8.023
12319.58	-8.022
12320.58	-8.023
12321.58	-8.023
12322.58	-8.023
12323.58	-8.023
12324.58	-8.026
12325.58	-8.021
12326.58	-8.021
12327.58	-8.02
12328.58	-8.024
12329.58	-8.026
12330.58	-8.023
12331.58	-8.022
12332.58	-8.023
12333.58	-8.021
12334.58	-8.024
12335.58	-8.021
12336.58	-8.023
12337.58	-8.022
12338.58	-8.021
12339.58	-8.023
12340.58	-8.023
12341.58	-8.023
12342.58	-8.024
12343.58	-8.023
12344.58	-8.022
12345.58	-8.021
12346.58	-8.024
12347.58	-8.025
12348.58	-8.023
12349.58	-8.021
12350.58	-8.023
12351.58	-8.021
12352.58	-8.026
12353.58	-8.023
12354.58	-8.02
12355.58	-8.023
12356.58	-8.025
12357.58	-8.022
12358.58	-8.026
12359.58	-8.023
12360.58	-8.023
12361.58	-8.023
12362.58	-8.023
12363.58	-8.025
12364.58	-8.025
12365.58	-8.024
12366.58	-8.025
12367.58	-8.022
12368.58	-8.022
12369.58	-8.026
12370.58	-8.022
12371.58	-8.023
12372.58	-8.022
12373.58	-8.021
12374.58	-8.019
12375.58	-8.024
12376.58	-8.022
12377.58	-8.023
12378.58	-8.023
12379.58	-8.021
12380.58	-8.022
12381.58	-8.022
12382.58	-8.024
12383.58	-8.023
12384.58	-8.024
12385.58	-8.024
12386.58	-8.024
12387.58	-8.022
12388.58	-8.023
12389.58	-8.023
12390.58	-8.022
12391.58	-8.024
12392.58	-8.023
12393.58	-8.02
12394.58	-8.025
12395.58	-8.021
12396.58	-8.022
12397.58	-8.024
12398.58	-8.02
12399.58	-8.026
12400.58	-8.023
12401.58	-8.024
12402.58	-8.024
12403.58	-8.021
12404.58	-8.024
12405.58	-8.025
12406.58	-8.021
12407.58	-8.025
12408.58	-8.019
12409.58	-8.021
12410.58	-8.02
12411.58	-8.024
12412.58	-8.025
12413.58	-8.022
12414.58	-8.023
12415.58	-8.026
12416.58	-8.023
12417.58	-8.022
12418.58	-8.025
12419.58	-8.024
12420.58	-8.022
12421.58	-8.021
12422.58	-8.021
12423.58	-8.024
12424.58	-8.02
12425.58	-8.021
12426.58	-8.024
12427.58	-8.024
12428.58	-8.021
12429.58	-8.022
12430.58	-8.022
12431.58	-8.02
12432.58	-8.023
12433.58	-8.02
12434.58	-8.022
12435.58	-8.021
12436.58	-8.022
12437.58	-8.023
12438.58	-8.024
12439.58	-8.021
12440.58	-8.021
12441.58	-8.023
12442.58	-8.022
12443.58	-8.023
12444.58	-8.024
12445.58	-8.024
12446.58	-8.021
12447.58	-8.024
12448.58	-8.024
12449.58	-8.024
12450.58	-8.021
12451.58	-8.022
12452.58	-8.025
12453.58	-8.024
12454.58	-8.028
12455.58	-8.018
12456.58	-8.024
12457.58	-8.021
12458.58	-8.023
12459.58	-8.021
12460.58	-8.023
12461.58	-8.024
12462.58	-8.018
12463.58	-8.022
12464.58	-8.021
12465.58	-8.022
12466.58	-8.022
12467.58	-8.022
12468.58	-8.023
12469.58	-8.025
12470.58	-8.025
12471.58	-8.02
12472.58	-8.019
12473.58	-8.022
12474.58	-8.022
12475.58	-8.023
12476.58	-8.023
12477.58	-8.021
12478.58	-8.022
12479.58	-8.027
12480.58	-8.022
12481.58	-8.022
12482.58	-8.024
12483.58	-8.025
12484.58	-8.023
12485.58	-8.024
12486.58	-8.023
12487.58	-8.025
12488.58	-8.022
12489.58	-8.023
12490.58	-8.024
12491.58	-8.021
12492.58	-8.023
12493.58	-8.025
12494.58	-8.022
12495.58	-8.024
12496.58	-8.02
12497.58	-8.02
12498.58	-8.022
12499.58	-8.023
12500.58	-8.024
12501.58	-8.025
12502.58	-8.026
12503.58	-8.024
12504.58	-8.021
12505.58	-8.022
12506.58	-8.022
12507.58	-8.023
12508.58	-8.021
12509.58	-8.027
12510.58	-8.023
12510.6	0
12511.58	0
12512.58	0
12513.58	0
12514.58	0
12515.58	0
12516.58	0
12517.58	0
12518.58	0
12519.58	0
12520.58	0
12521.58	0
12522.58	0
12523.58	0
12524.58	0
12525.58	0
12526.58	0
12527.58	0
12528.58	0
12529.58	0
12530.58	0
12531.58	0
12532.58	0
12533.58	0
12534.58	0
12535.58	0
12536.58	0
12537.58	0
12538.58	0
12539.58	0
12540.58	0
12541.58	0
12542.58	0
12543.58	0
12544.58	0
12545.58	0
12546.58	0
12547.58	0
12548.58	0
12549.58	0
12550.58	0
12551.58	0
12552.58	0
12553.58	0
12554.58	0
12555.58	0
12556.58	0
12557.58	0
12558.58	0
12559.58	0
12560.58	0
12561.58	0
12562.58	0
12563.58	0
12564.58	0
12565.58	0
12566.58	0
12567.58	0
12568.58	0
12569.58	0
12570.58	0
12571.58	0
12572.58	0
12573.58	0
12574.58	0
12575.58	0
12576.58	0
12577.58	0
12578.58	0
12579.58	0
12580.58	0
12581.58	0
12582.58	0
12583.58	0
12584.58	0
12585.58	0
12586.58	0
12587.58	0
12588.58	0
12589.58	0
12590.58	0
12591.58	0
12592.58	0
12593.58	0
12594.58	0
12595.58	0
12596.58	0
12597.58	0
12598.58	0
12599.58	0
12600.58	0
12601.58	0
12602.58	0
12603.58	0
12604.58	0
12605.58	0
12606.58	0
12607.58	0
12608.58	0
12609.58	0
12610.58	0
12611.58	0
12612.58	0
12613.58	0
12614.58	0
12615.58	0
12616.58	0
12617.58	0
12618.58	0
12619.58	0
12620.58	0
12621.58	0
12622.58	0
12623.58	0
12624.58	0
12625.58	0
12626.58	0
12627.58	0
12628.58	0
12629.58	0
12630.58	0
12631.58	0
12632.58	0
12633.58	0
12634.58	0
12635.58	0
12636.58	0
12637.58	0
12638.58	0
12639.58	0
12640.58	0
12641.58	0
12642.58	0
12643.58	0
12644.58	0
12645.58	0
12646.58	0
12647.58	0
12648.58	0
12649.58	0
12650.58	0
12651.58	0
12652.58	0
12653.58	0
12654.58	0
12655.58	0
12656.58	0
12657.58	0
12658.58	0
12659.58	0
12660.58	0
12661.58	0
12662.58	0
12663.58	0
12664.58	0
12665.58	0
12666.58	0
12667.58	0
12668.58	0
12669.58	0
12670.58	0
12671.58	0
12672.58	0
12673.58	0
12674.58	0
12675.58	0
12676.58	0
12677.58	0
12678.58	0
12679.58	0
12680.58	0
12681.58	0
12682.58	0
12683.58	0
12684.58	0
12685.58	0
12686.58	0
12687.58	0
12688.58	0
12689.58	0
12690.58	0
12691.58	0
12692.58	0
12693.58	0
12694.58	0
12695.58	0
12696.58	0
12697.58	0
12698.58	0
12699.58	0
12700.58	0
12701.58	0
12702.58	0
12703.58	0
12704.58	0
12705.58	0
12706.58	0
12707.58	0
12708.58	0
12709.58	0
12710.58	0
12711.58	0
12712.58	0
12713.58	0
12714.58	0
12715.58	0
12716.58	0
12717.58	0
12718.58	0
12719.58	0
12720.58	0
12721.58	0
12722.58	0
12723.58	0
12724.58	0
12725.58	0
12726.58	0
12727.58	0
12728.58	0
12729.58	0
12730.58	0
12731.58	0
12732.58	0
12733.58	0
12734.58	0
12735.58	0
12736.58	0
12737.58	0
12738.58	0
12739.58	0
12740.58	0
12741.58	0
12742.58	0
12743.58	0
12744.58	0
12745.58	0
12746.58	0
12747.58	0
12748.58	0
12749.58	0
12750.58	0
12751.58	0
12752.58	0
12753.58	0
12754.58	0
12755.58	0
12756.58	0
12757.58	0
12758.58	0
12759.58	0
12760.58	0
12761.58	0
12762.58	0
12763.58	0
12764.58	0
12765.58	0
12766.58	0
12767.58	0
12768.58	0
12769.58	0
12770.58	0
12771.58	0
12772.58	0
12773.58	0
12774.58	0
12775.58	0
12776.58	0
12777.58	0
12778.58	0
12779.58	0
12780.58	0
12781.58	0
12782.58	0
12783.58	0
12784.58	0
12785.58	0
12786.58	0
12787.58	0
12788.58	0
12789.58	0
12790.58	0
12791.58	0
12792.58	0
12793.58	0
12794.58	0
12795.58	0
12796.58	0
12797.58	0
12798.58	0
12799.58	0
12800.58	0
12801.58	0
12802.58	0
12803.58	0
12804.58	0
12805.58	0
12806.58	0
12807.58	0
12808.58	0
12809.58	0
12810.58	0
12811.58	0
12812.58	0
12813.58	0
12814.58	0
12815.58	0
12816.58	0
12817.58	0
12818.58	0
12819.58	0
12820.58	0
12821.58	0
12822.58	0
12823.58	0
12824.58	0
12825.58	0
12826.58	0
12827.58	0
12828.58	0
12829.58	0
12830.58	0
12831.58	0
12832.58	0
12833.58	0
12834.58	0
12835.58	0
12836.58	0
12837.58	0
12838.58	0
12839.58	0
12840.58	0
12841.58	0
12842.58	0
12843.58	0
12844.58	0
12845.58	0
12846.58	0
12847.58	0
12848.58	0
12849.58	0
12850.58	0
12851.58	0
12852.58	0
12853.58	0
12854.58	0
12855.58	0
12856.58	0
12857.58	0
12858.58	0
12859.58	0
12860.58	0
12861.58	0
12862.58	0
12863.58	0
12864.58	0
12865.58	0
12866.58	0
12867.58	0
12868.58	0
12869.58	0
12870.58	0
12871.58	0
12872.58	0
12873.58	0
12874.58	0
12875.58	0
12876.58	0
12877.58	0
12878.58	0
12879.58	0
12880.58	0
12881.58	0
12882.58	0
12883.58	0
12884.58	0
12885.58	0
12886.58	0
12887.58	0
12888.58	0
12889.58	0
12890.58	0
12891.58	0
12892.58	0
12893.58	0
12894.58	0
12895.58	0
12896.58	0
12897.58	0
12898.58	0
12899.58	0
12900.58	0
12901.58	0
12902.58	0
12903.58	0
12904.58	0
12905.58	0
12906.58	0
12907.58	0
12908.58	0
12909.58	0
12910.58	0
12911.58	0
12912.58	0
12913.58	0
12914.58	0
12915.58	0
12916.58	0
12917.58	0
12918.58	0
12919.58	0
12920.58	0
12921.58	0
12922.58	0
12923.58	0
12924.58	0
12925.58	0
12926.58	0
12927.58	0
12928.58	0
12929.58	0
12930.58	0
12931.58	0
12932.58	0
12933.58	0
12934.58	0
12935.58	0
12936.58	0
12937.58	0
12938.58	0
12939.58	0
12940.58	0
12941.58	0
12942.58	0
12943.58	0
12944.58	0
12945.58	0
12946.58	0
12947.58	0
12948.58	0
12949.58	0
12950.58	0
12951.58	0
12952.58	0
12953.58	0
12954.58	0
12955.58	0
12956.58	0
12957.58	0
12958.58	0
12959.58	0
12960.58	0
12961.58	0
12962.58	0
12963.58	0
12964.58	0
12965.58	0
12966.58	0
12967.58	0
12968.58	0
12969.58	0
12970.58	0
12971.58	0
12972.58	0
12973.58	0
12974.58	0
12975.58	0
12976.58	0
12977.58	0
12978.58	0
12979.58	0
12980.58	0
12981.58	0
12982.58	0
12983.58	0
12984.58	0
12985.58	0
12986.58	0
12987.58	0
12988.58	0
12989.58	0
12990.58	0
12991.58	0
12992.58	0
12993.58	0
12994.58	0
12995.58	0
12996.58	0
12997.58	0
12998.58	0
12999.58	0
13000.58	0
13001.58	0
13002.58	0
13003.58	0
13004.58	0
13005.58	0
13006.58	0
13007.58	0
13008.58	0
13009.58	0
13010.58	0
13011.58	0
13012.58	0
13013.58	0
13014.58	0
13015.58	0
13016.58	0
13017.58	0
13018.58	0
13019.58	0
13020.58	0
13021.58	0
13022.58	0
13023.58	0
13024.58	0
13025.58	0
13026.58	0
13027.58	0
13028.58	0
13029.58	0
13030.58	0
13031.58	0
13032.58	0
13033.58	0
13034.58	0
13035.58	0
13036.58	0
13037.58	0
13038.58	0
13039.58	0
13040.58	0
13041.58	0
13042.58	0
13043.58	0
13044.58	0
13045.58	0
13046.58	0
13047.58	0
13048.58	0
13049.58	0
13050.58	0
13051.58	0
13052.58	0
13053.58	0
13054.58	0
13055.58	0
13056.58	0
13057.58	0
13058.58	0
13059.58	0
13060.58	0
13061.58	0
13062.58	0
13063.58	0
13064.58	0
13065.58	0
13066.58	0
13067.58	0
13068.58	0
13069.58	0
13070.58	0
13071.58	0
13072.58	0
13073.58	0
13074.58	0
13075.58	0
13076.58	0
13077.58	0
13078.58	0
13079.58	0
13080.58	0
13081.58	0
13082.58	0
13083.58	0
13084.58	0
13085.58	0
13086.58	0
13087.58	0
13088.58	0
13089.58	0
13090.58	0
13091.58	0
13092.58	0
13093.58	0
13094.58	0
13095.58	0
13096.58	0
13097.58	0
13098.58	0
13099.58	0
13100.58	0
13101.58	0
13102.58	0
13103.58	0
13104.58	0
13105.58	0
13106.58	0
13107.58	0
13108.58	0
13109.58	0
13110.58	0
13111.58	0
13112.58	0
13113.58	0
13114.58	0
13115.58	0
13116.58	0
13117.58	0
13118.58	0
13119.58	0
13120.58	0
13121.58	0
13122.58	0
13123.58	0
13124.58	0
13125.58	0
13126.58	0
13127.58	0
13128.58	0
13129.58	0
13130.58	0
13131.58	0
13132.58	0
13133.58	0
13134.58	0
13135.58	0
13136.58	0
13137.58	0
13138.58	0
13139.58	0
13140.58	0
13141.58	0
13142.58	0
13143.58	0
13144.58	0
13145.58	0
13146.58	0
13147.58	0
13148.58	0
13149.58	0
13150.58	0
13151.58	0
13152.58	0
13153.58	0
13154.58	0
13155.58	0
13156.58	0
13157.58	0
13158.58	0
13159.58	0
13160.58	0
13161.58	0
13162.58	0
13163.58	0
13164.58	0
13165.58	0
13166.58	0
13167.58	0
13168.58	0
13169.58	0
13170.58	0
13171.58	0
13172.58	0
13173.58	0
13174.58	0
13175.58	0
13176.58	0
13177.58	0
13178.58	0
13179.58	0
13180.58	0
13181.58	0
13182.58	0
13183.58	0
13184.58	0
13185.58	0
13186.58	0
13187.58	0
13188.58	0
13189.58	0
13190.58	0
13191.58	0
13192.58	0
13193.58	0
13194.58	0
13195.58	0
13196.58	0
13197.58	0
13198.58	0
13199.58	0
13200.58	0
13201.58	0
13202.58	0
13203.58	0
13204.58	0
13205.58	0
13206.58	0
13207.58	0
13208.58	0
13209.58	0
13210.58	0
13211.58	0
13212.58	0
13213.58	0
13214.58	0
13215.58	0
13216.58	0
13217.58	0
13218.58	0
13219.58	0
13220.58	0
13221.58	0
13222.58	0
13223.58	0
13224.58	0
13225.58	0
13226.58	0
13227.58	0
13228.58	0
13229.58	0
13230.58	0
13231.58	0
13232.58	0
13233.58	0
13234.58	0
13235.58	0
13236.58	0
13237.58	0
13238.58	0
13239.58	0
13240.58	0
13241.58	0
13242.58	0
13243.58	0
13244.58	0
13245.58	0
13246.58	0
13247.58	0
13248.58	0
13249.58	0
13250.58	0
13251.58	0
13252.58	0
13253.58	0
13254.58	0
13255.58	0
13256.58	0
13257.58	0
13258.58	0
13259.58	0
13260.58	0
13261.58	0
13262.58	0
13263.58	0
13264.58	0
13265.58	0
13266.58	0
13267.58	0
13268.58	0
13269.58	0
13270.58	0
13271.58	0
13272.58	0
13273.58	0
13274.58	0
13275.58	0
13276.58	0
13277.58	0
13278.58	0
13279.58	0
13280.58	0
13281.58	0
13282.58	0
13283.58	0
13284.58	0
13285.58	0
13286.58	0
13287.58	0
13288.58	0
13289.58	0
13290.58	0
13291.58	0
13292.58	0
13293.58	0
13294.58	0
13295.58	0
13296.58	0
13297.58	0
13298.58	0
13299.58	0
13300.58	0
13301.58	0
13302.58	0
13303.58	0
13304.58	0
13305.58	0
13306.58	0
13307.58	0
13308.58	0
13309.58	0
13310.58	0
13311.58	0
13312.58	0
13313.58	0
13314.58	0
13315.58	0
13316.58	0
13317.58	0
13318.58	0
13319.58	0
13320.58	0
13321.58	0
13322.58	0
13323.58	0
13324.58	0
13325.58	0
13326.58	0
13327.58	0
13328.58	0
13329.58	0
13330.58	0
13331.58	0
13332.58	0
13333.58	0
13334.58	0
13335.58	0
13336.58	0
13337.58	0
13338.58	0
13339.58	0
13340.58	0
13341.58	0
13342.58	0
13343.58	0
13344.58	0
13345.58	0
13346.58	0
13347.58	0
13348.58	0
13349.58	0
13350.58	0
13351.58	0
13352.58	0
13353.58	0
13354.58	0
13355.58	0
13356.58	0
13357.58	0
13358.58	0
13359.58	0
13360.58	0
13361.58	0
13362.58	0
13363.58	0
13364.58	0
13365.58	0
13366.58	0
13367.58	0
13368.58	0
13369.58	0
13370.58	0
13371.58	0
13372.58	0
13373.58	0
13374.58	0
13375.58	0
13376.58	0
13377.58	0
13378.58	0
13379.58	0
13380.58	0
13381.58	0
13382.58	0
13383.58	0
13384.58	0
13385.58	0
13386.58	0
13387.58	0
13388.58	0
13389.58	0
13390.58	0
13391.58	0
13392.58	0
13393.58	0
13394.58	0
13395.58	0
13396.58	0
13397.58	0
13398.58	0
13399.58	0
13400.58	0
13401.58	0
13402.58	0
13403.58	0
13404.58	0
13405.58	0
13406.58	0
13407.58	0
13408.58	0
13409.58	0
13410.58	0
13411.58	0
13412.58	0
13413.58	0
13414.58	0
13415.58	0
13416.58	0
13417.58	0
13418.58	0
13419.58	0
13420.58	0
13421.58	0
13422.58	0
13423.58	0
13424.58	0
13425.58	0
13426.58	0
13427.58	0
13428.58	0
13429.58	0
13430.58	0
13431.58	0
13432.58	0
13433.58	0
13434.58	0
13435.58	0
13436.58	0
13437.58	0
13438.58	0
13439.58	0
13440.58	0
13441.58	0
13442.58	0
13443.58	0
13444.58	0
13445.58	0
13446.58	0
13447.58	0
13448.58	0
13449.58	0
13450.58	0
13451.58	0
13452.58	0
13453.58	0
13454.58	0
13455.58	0
13456.58	0
13457.58	0
13458.58	0
13459.58	0
13460.58	0
13461.58	0
13462.58	0
13463.58	0
13464.58	0
13465.58	0
13466.58	0
13467.58	0
13468.58	0
13469.58	0
13470.58	0
13471.58	0
13472.58	0
13473.58	0
13474.58	0
13475.58	0
13476.58	0
13477.58	0
13478.58	0
13479.58	0
13480.58	0
13481.58	0
13482.58	0
13483.58	0
13484.58	0
13485.58	0
13486.58	0
13487.58	0
13488.58	0
13489.58	0
13490.58	0
13491.58	0
13492.58	0
13493.58	0
13494.58	0
13495.58	0
13496.58	0
13497.58	0
13498.58	0
13499.58	0
13500.58	0
13501.58	0
13502.58	0
13503.58	0
13504.58	0
13505.58	0
13506.58	0
13507.58	0
13508.58	0
13509.58	0
13510.58	0
13511.58	0
13512.58	0
13513.58	0
13514.58	0
13515.58	0
13516.58	0
13517.58	0
13518.58	0
13519.58	0
13520.58	0
13521.58	0
13522.58	0
13523.58	0
13524.58	0
13525.58	0
13526.58	0
13527.58	0
13528.58	0
13529.58	0
13530.58	0
13531.58	0
13532.58	0
13533.58	0
13534.58	0
13535.58	0
13536.58	0
13537.58	0
13538.58	0
13539.58	0
13540.58	0
13541.58	0
13542.58	0
13543.58	0
13544.58	0
13545.58	0
13546.58	0
13547.58	0
13548.58	0
13549.58	0
13550.58	0
13551.58	0
13552.58	0
13553.58	0
13554.58	0
13555.58	0
13556.58	0
13557.58	0
13558.58	0
13559.58	0
13560.58	0
13561.58	0
13562.58	0
13563.58	0
13564.58	0
13565.58	0
13566.58	0
13567.58	0
13568.58	0
13569.58	0
13570.58	0
13571.58	0
13572.58	0
13573.58	0
13574.58	0
13575.58	0
13576.58	0
13577.58	0
13578.58	0
13579.58	0
13580.58	0
13581.58	0
13582.58	0
13583.58	0
13584.58	0
13585.58	0
13586.58	0
13587.58	0
13588.58	0
13589.58	0
13590.58	0
13591.58	0
13592.58	0
13593.58	0
13594.58	0
13595.58	0
13596.58	0
13597.58	0
13598.58	0
13599.58	0
13600.58	0
13601.58	0
13602.58	0
13603.58	0
13604.58	0
13605.58	0
13606.58	0
13607.58	0
13608.58	0
13609.58	0
13610.58	0
13611.58	0
13612.58	0
13613.58	0
13614.58	0
13615.58	0
13616.58	0
13617.58	0
13618.58	0
13619.58	0
13620.58	0
13621.58	0
13622.58	0
13623.58	0
13624.58	0
13625.58	0
13626.58	0
13627.58	0
13628.58	0
13629.58	0
13630.58	0
13631.58	0
13632.58	0
13633.58	0
13634.58	0
13635.58	0
13636.58	0
13637.58	0
13638.58	0
13639.58	0
13640.58	0
13641.58	0
13642.58	0
13643.58	0
13644.58	0
13645.58	0
13646.58	0
13647.58	0
13648.58	0
13649.58	0
13650.58	0
13651.58	0
13652.58	0
13653.58	0
13654.58	0
13655.58	0
13656.58	0
13657.58	0
13658.58	0
13659.58	0
13660.58	0
13661.58	0
13662.58	0
13663.58	0
13664.58	0
13665.58	0
13666.58	0
13667.58	0
13668.58	0
13669.58	0
13670.58	0
13671.58	0
13672.58	0
13673.58	0
13674.58	0
13675.58	0
13676.58	0
13677.58	0
13678.58	0
13679.58	0
13680.58	0
13681.58	0
13682.58	0
13683.58	0
13684.58	0
13685.58	0
13686.58	0
13687.58	0
13688.58	0
13689.58	0
13690.58	0
13691.58	0
13692.58	0
13693.58	0
13694.58	0
13695.58	0
13696.58	0
13697.58	0
13698.58	0
13699.58	0
13700.58	0
13701.58	0
13702.58	0
13703.58	0
13704.58	0
13705.58	0
13706.58	0
13707.58	0
13708.58	0
13709.58	0
13710.58	0
13711.58	0
13712.58	0
13713.58	0
13714.58	0
13715.58	0
13716.58	0
13717.58	0
13718.58	0
13719.58	0
13720.58	0
13721.58	0
13722.58	0
13723.58	0
13724.58	0
13725.58	0
13726.58	0
13727.58	0
13728.58	0
13729.58	0
13730.58	0
13731.58	0
13732.58	0
13733.58	0
13734.58	0
13735.58	0
13736.58	0
13737.58	0
13738.58	0
13739.58	0
13740.58	0
13741.58	0
13742.58	0
13743.58	0
13744.58	0
13745.58	0
13746.58	0
13747.58	0
13748.58	0
13749.58	0
13750.58	0
13751.58	0
13752.58	0
13753.58	0
13754.58	0
13755.58	0
13756.58	0
13757.58	0
13758.58	0
13759.58	0
13760.58	0
13761.58	0
13762.58	0
13763.58	0
13764.58	0
13765.58	0
13766.58	0
13767.58	0
13768.58	0
13769.58	0
13770.58	0
13771.58	0
13772.58	0
13773.58	0
13774.58	0
13775.58	0
13776.58	0
13777.58	0
13778.58	0
13779.58	0
13780.58	0
13781.58	0
13782.58	0
13783.58	0
13784.58	0
13785.58	0
13786.58	0
13787.58	0
13788.58	0
13789.58	0
13790.58	0
13791.58	0
13792.58	0
13793.58	0
13794.58	0
13795.58	0
13796.58	0
13797.58	0
13798.58	0
13799.58	0
13800.58	0
13801.58	0
13802.58	0
13803.58	0
13804.58	0
13805.58	0
13806.58	0
13807.58	0
13808.58	0
13809.58	0
13810.58	0
13811.58	0
13812.58	0
13813.58	0
13814.58	0
13815.58	0
13816.58	0
13817.58	0
13818.58	0
13819.58	0
13820.58	0
13821.58	0
13822.58	0
13823.58	0
13824.58	0
13825.58	0
13826.58	0
13827.58	0
13828.58	0
13829.58	0
13830.58	0
13831.58	0
13832.58	0
13833.58	0
13834.58	0
13835.58	0
13836.58	0
13837.58	0
13838.58	0
13839.58	0
13840.58	0
13841.58	0
13842.58	0
13843.58	0
13844.58	0
13845.58	0
13846.58	0
13847.58	0
13848.58	0
13849.58	0
13850.58	0
13851.58	0
13852.58	0
13853.58	0
13854.58	0
13855.58	0
13856.58	0
13857.58	0
13858.58	0
13859.58	0
13860.58	0
13861.58	0
13862.58	0
13863.58	0
13864.58	0
13865.58	0
13866.58	0
13867.58	0
13868.58	0
13869.58	0
13870.58	0
13871.58	0
13872.58	0
13873.58	0
13874.58	0
13875.58	0
13876.58	0
13877.58	0
13878.58	0
13879.58	0
13880.58	0
13881.58	0
13882.58	0
13883.58	0
13884.58	0
13885.58	0
13886.58	0
13887.58	0
13888.58	0
13889.58	0
13890.58	0
13891.58	0
13892.58	0
13893.58	0
13894.58	0
13895.58	0
13896.58	0
13897.58	0
13898.58	0
13899.58	0
13900.58	0
13901.58	0
13902.58	0
13903.58	0
13904.58	0
13905.58	0
13906.58	0
13907.58	0
13908.58	0
13909.58	0
13910.58	0
13911.58	0
13912.58	0
13913.58	0
13914.58	0
13915.58	0
13916.58	0
13917.58	0
13918.58	0
13919.58	0
13920.58	0
13921.58	0
13922.58	0
13923.58	0
13924.58	0
13925.58	0
13926.58	0
13927.58	0
13928.58	0
13929.58	0
13930.58	0
13931.58	0
13932.58	0
13933.58	0
13934.58	0
13935.58	0
13936.58	0
13937.58	0
13938.58	0
13939.58	0
13940.58	0
13941.58	0
13942.58	0
13943.58	0
13944.58	0
13945.58	0
13946.58	0
13947.58	0
13948.58	0
13949.58	0
13950.58	0
13951.58	0
13952.58	0
13953.58	0
13954.58	0
13955.58	0
13956.58	0
13957.58	0
13958.58	0
13959.58	0
13960.58	0
13961.58	0
13962.58	0
13963.58	0
13964.58	0
13965.58	0
13966.58	0
13967.58	0
13968.58	0
13969.58	0
13970.58	0
13971.58	0
13972.58	0
13973.58	0
13974.58	0
13975.58	0
13976.58	0
13977.58	0
13978.58	0
13979.58	0
13980.58	0
13981.58	0
13982.58	0
13983.58	0
13984.58	0
13985.58	0
13986.58	0
13987.58	0
13988.58	0
13989.58	0
13990.58	0
13991.58	0
13992.58	0
13993.58	0
13994.58	0
13995.58	0
13996.58	0
13997.58	0
13998.58	0
13999.58	0
14000.58	0
14001.58	0
14002.58	0
14003.58	0
14004.58	0
14005.58	0
14006.58	0
14007.58	0
14008.58	0
14009.58	0
14010.58	0
14011.58	0
14012.58	0
14013.58	0
14014.58	0
14015.58	0
14016.58	0
14017.58	0
14018.58	0
14019.58	0
14020.58	0
14021.58	0
14022.58	0
14023.58	0
14024.58	0
14025.58	0
14026.58	0
14027.58	0
14028.58	0
14029.58	0
14030.58	0
14031.58	0
14032.58	0
14033.58	0
14034.58	0
14035.58	0
14036.58	0
14037.58	0
14038.58	0
14039.58	0
14040.58	0
14041.58	0
14042.58	0
14043.58	0
14044.58	0
14045.58	0
14046.58	0
14047.58	0
14048.58	0
14049.58	0
14050.58	0
14051.58	0
14052.58	0
14053.58	0
14054.58	0
14055.58	0
14056.58	0
14057.58	0
14058.58	0
14059.58	0
14060.58	0
14061.58	0
14062.58	0
14063.58	0
14064.58	0
14065.58	0
14066.58	0
14067.58	0
14068.58	0
14069.58	0
14070.58	0
14071.58	0
14072.58	0
14073.58	0
14074.58	0
14075.58	0
14076.58	0
14077.58	0
14078.58	0
14079.58	0
14080.58	0
14081.58	0
14082.58	0
14083.58	0
14084.58	0
14085.58	0
14086.58	0
14087.58	0
14088.58	0
14089.58	0
14090.58	0
14091.58	0
14092.58	0
14093.58	0
14094.58	0
14095.58	0
14096.58	0
14097.58	0
14098.58	0
14099.58	0
14100.58	0
14101.58	0
14102.58	0
14103.58	0
14104.58	0
14105.58	0
14106.58	0
14107.58	0
14108.58	0
14109.58	0
14110.58	0
14111.58	0
14112.58	0
14113.58	0
14114.58	0
14115.58	0
14116.58	0
14117.58	0
14118.58	0
14119.58	0
14120.58	0
14121.58	0
14122.58	0
14123.58	0
14124.58	0
14125.58	0
14126.58	0
14127.58	0
14128.58	0
14129.58	0
14130.58	0
14131.58	0
14132.58	0
14133.58	0
14134.58	0
14135.58	0
14136.58	0
14137.58	0
14138.58	0
14139.58	0
14140.58	0
14141.58	0
14142.58	0
14143.58	0
14144.58	0
14145.58	0
14146.58	0
14147.58	0
14148.58	0
14149.58	0
14150.58	0
14151.58	0
14152.58	0
14153.58	0
14154.58	0
14155.58	0
14156.58	0
14157.58	0
14158.58	0
14159.58	0
14160.58	0
14161.58	0
14162.58	0
14163.58	0
14164.58	0
14165.58	0
14166.58	0
14167.58	0
14168.58	0
14169.58	0
14170.58	0
14171.58	0
14172.58	0
14173.58	0
14174.58	0
14175.58	0
14176.58	0
14177.58	0
14178.58	0
14179.58	0
14180.58	0
14181.58	0
14182.58	0
14183.58	0
14184.58	0
14185.58	0
14186.58	0
14187.58	0
14188.58	0
14189.58	0
14190.58	0
14191.58	0
14192.58	0
14193.58	0
14194.58	0
14195.58	0
14196.58	0
14197.58	0
14198.58	0
14199.58	0
14200.58	0
14201.58	0
14202.58	0
14203.58	0
14204.58	0
14205.58	0
14206.58	0
14207.58	0
14208.58	0
14209.58	0
14210.58	0
14211.58	0
14212.58	0
14213.58	0
14214.58	0
14215.58	0
14216.58	0
14217.58	0
14218.58	0
14219.58	0
14220.58	0
14221.58	0
14222.58	0
14223.58	0
14224.58	0
14225.58	0
14226.58	0
14227.58	0
14228.58	0
14229.58	0
14230.58	0
14231.58	0
14232.58	0
14233.58	0
14234.58	0
14235.58	0
14236.58	0
14237.58	0
14238.58	0
14239.58	0
14240.58	0
14241.58	0
14242.58	0
14243.58	0
14244.58	0
14245.58	0
14246.58	0
14247.58	0
14248.58	0
14249.58	0
14250.58	0
14251.58	0
14252.58	0
14253.58	0
14254.58	0
14255.58	0
14256.58	0
14257.58	0
14258.58	0
14259.58	0
14260.58	0
14261.58	0
14262.58	0
14263.58	0
14264.58	0
14265.58	0
14266.58	0
14267.58	0
14268.58	0
14269.58	0
14270.58	0
14271.58	0
14272.58	0
14273.58	0
14274.58	0
14275.58	0
14276.58	0
14277.58	0
14278.58	0
14279.58	0
14280.58	0
14281.58	0
14282.58	0
14283.58	0
14284.58	0
14285.58	0
14286.58	0
14287.58	0
14288.58	0
14289.58	0
14290.58	0
14291.58	0
14292.58	0
14293.58	0
14294.58	0
14295.58	0
14296.58	0
14297.58	0
14298.58	0
14299.58	0
14300.58	0
14301.58	0
14302.58	0
14303.58	0
14304.58	0
14305.58	0
14306.58	0
14307.58	0
14308.58	0
14309.58	0
14310.58	0
14310.76	0.002622
14311.74	25
14312.74	25
14313.74	25
14314.74	25
14315.74	25
14316.74	25
14317.74	25
14318.74	25
14319.74	25
14320.74	25
14321.74	25
14322.74	25
14323.74	25
14324.74	24.99
14325.74	25
14326.74	25
14327.74	24.99
14328.74	25
14329.74	25
14330.74	25
14331.74	25
14332.74	24.99
14333.74	24.99
14334.74	25
14335.74	25
14336.74	25
14337.74	25
14338.74	25
14339.74	24.99
14340.74	24.99
14341.74	25
14342.74	25
14343.74	25
14344.74	25
14345.74	25
14346.74	25
14347.74	25
14348.74	25
14349.74	25
14350.74	25
14351.74	25
14352.74	25
14353.74	25
14354.74	25
14355.74	25
14356.74	25
14357.74	25
14358.74	24.99
14359.74	25
14360.74	25
14361.74	24.99
14362.74	25
14363.74	25
14364.74	25
14365.74	24.99
14366.74	25
14367.74	25
14368.74	25
14369.74	25
14370.74	24.99
14371.74	25
14372.74	25
14373.74	25
14374.74	25
14375.74	25
14376.74	25
14377.74	24.99
14378.74	24.99
14379.74	25
14380.74	25
14381.74	25
14382.74	25
14383.74	24.99
14384.74	25
14385.74	25
14386.74	25
14387.74	25
14388.74	25
14389.74	24.99
14390.74	25
14391.74	24.99
14392.74	25
14393.74	24.99
14394.74	24.99
14395.74	25
14396.74	24.99
14397.74	24.99
14398.74	25
14399.74	24.99
14400.74	24.99
14401.74	24.99
14402.74	24.99
14403.74	25
14404.74	25
14405.74	24.99
14406.74	24.99
14407.74	24.99
14408.74	24.99
14409.74	25
14410.74	24.99
14411.74	25
14412.74	25
14413.74	25
14414.74	24.99
14415.74	25
14416.74	25
14417.74	25
14418.74	25
14419.74	24.99
14420.74	24.99
14421.74	24.99
14422.74	25
14423.74	25
14424.74	24.99
14425.74	24.99
14426.74	25
14427.74	24.99
14428.74	24.99
14429.74	25
14430.74	24.99
14431.74	25
14432.74	24.99
14433.74	25
14434.74	25
14435.74	24.99
14436.74	25
14437.74	24.99
14438.74	25
14439.74	24.99
14440.74	25
14441.74	24.99
14442.74	24.99
14443.74	24.99
14444.74	24.99
14445.74	25
14446.74	24.99
14447.74	24.99
14448.74	24.99
14449.74	24.99
14450.74	24.99
14451.74	24.99
14452.74	25
14453.74	24.99
14454.74	25
14455.74	25
14456.74	25
14457.74	24.99
14458.74	25
14459.74	24.99
14460.74	24.99
14461.74	24.99
14462.74	25
14463.74	25
14464.74	24.99
14465.74	24.99
14466.74	24.99
14467.74	24.99
14468.74	25
14469.74	25
14470.74	24.99
14471.74	25
14472.74	25
14473.74	25
14474.74	25
14475.74	25
14476.74	25
14477.74	25
14478.74	25
14479.74	25
14480.74	25
14481.74	24.99
14482.74	25
14483.74	24.99
14484.74	24.99
14485.74	25
14486.74	25
14487.74	25
14488.74	25
14489.74	25
14490.74	25
14491.74	25
14492.74	25
14493.74	25
14494.74	25
14495.74	24.99
14496.74	25
14497.74	24.99
14498.74	25
14499.74	25
14500.74	24.99
14501.74	24.99
14502.74	24.99
14503.74	24.99
14504.74	25
14505.74	24.99
14506.74	25
14507.74	25
14508.74	24.99
14509.74	25
14510.74	24.99
14511.74	24.99
14512.74	25
14513.74	25
14514.74	25
14515.74	24.99
14516.74	25
14517.74	24.99
14518.74	25
14519.74	25
14520.74	25
14521.74	25
14522.74	24.99
14523.74	24.99
14524.74	25
14525.74	24.99
14526.74	24.99
14527.74	25
14528.74	24.99
14529.74	25
14530.74	25
14531.74	25
14532.74	24.99
14533.74	24.99
14534.74	25
14535.74	24.99
14536.74	24.99
14537.74	24.99
14538.74	24.99
14539.74	25
14540.74	25
14541.74	24.99
14542.74	24.99
14543.74	25
14544.74	24.99
14545.74	25
14546.74	25
14547.74	24.99
14548.74	25
14549.74	24.99
14550.74	25
14551.74	25
14552.74	25
14553.74	24.99
14554.74	25
14555.74	25
14556.74	25
14557.74	24.99
14558.74	25
14559.74	24.99
14560.74	25
14561.74	25
14562.74	25
14563.74	25
14564.74	24.99
14565.74	24.99
14566.74	25
14567.74	25
14568.74	25
14569.74	25
14570.74	25
14571.74	25
14572.74	24.99
14573.74	25
14574.74	25
14575.74	25
14576.74	25
14577.74	25
14578.74	25
14579.74	25
14580.74	25
14581.74	25
14582.74	25
14583.74	25
14584.74	25
14585.74	25
14586.74	24.99
14587.74	25
14588.74	24.99
14589.74	24.99
14590.74	25
14591.74	24.99
14592.74	24.99
14593.74	25
14594.74	25
14595.74	25
14596.74	24.99
14597.74	25
14598.74	24.99
14599.74	24.99
14600.74	25
14601.74	24.99
14602.74	25
14603.74	25
14604.74	25
14605.74	25
14606.74	25
14607.74	25
14608.74	25
14609.74	25
14610.74	24.99
14611.74	25
14612.74	24.99
14613.74	25
14614.74	25
14615.74	25
14616.74	25
14617.74	24.99
14618.74	25
14619.74	24.99
14620.74	24.99
14621.74	25
14622.74	25
14623.74	25
14624.74	24.99
14625.74	25
14626.74	25
14627.74	25
14628.74	24.99
14629.74	24.99
14630.74	24.99
14631.74	25
14632.74	24.99
14633.74	25
14634.74	25
14635.74	24.99
14636.74	24.99
14637.74	25
14638.74	25
14639.74	25
14640.74	25
14641.74	24.99
14642.74	24.99
14643.74	24.99
14644.74	25
14645.74	24.99
14646.74	25
14647.74	25
14648.74	25
14649.74	24.99
14650.74	25
14651.74	25
14652.74	24.99
14653.74	25
14654.74	25
14655.74	24.99
14656.74	24.99
14657.74	24.99
14658.74	25
14659.74	25
14660.74	25
14661.74	25
14662.74	25
14663.74	25
14664.74	25
14665.74	25
14666.74	25
14667.74	25
14668.74	25
14669.74	25
14670.74	25
14671.74	25
14672.74	25
14673.74	24.99
14674.74	25
14675.74	25
14676.74	24.99
14677.74	24.99
14678.74	25
14679.74	25
14680.74	25
14681.74	25
14682.74	25
14683.74	25
14684.74	25
14685.74	25
14686.74	25
14687.74	25
14688.74	25
14689.74	25
14690.74	25
14691.74	25
14692.74	25
14693.74	25
14694.74	25
14695.74	25
14696.74	25
14697.74	25
14698.74	25
14699.74	25
14700.74	25
14701.74	25
14702.74	25
14703.74	25
14704.74	25
14705.74	24.99
14706.74	25
14707.74	25
14708.74	25
14709.74	25
14710.74	25
14711.74	24.99
14712.74	25
14713.74	24.99
14714.74	25
14715.74	24.99
14716.74	25
14717.74	25
14718.74	25
14719.74	24.99
14720.74	25
14721.74	25
14722.74	25
14723.74	25
14724.74	25
14725.74	25
14726.74	25
14727.74	25
14728.74	25
14729.74	25
14730.74	25
14731.74	25
14732.74	25
14733.74	25
14734.74	25
14735.74	25
14736.74	25
14737.74	25
14738.74	25
14739.74	25
14740.74	25
14741.74	25
14742.74	24.99
14743.74	25
14744.74	25
14745.74	25
14746.74	25
14747.74	25
14748.74	25
14749.74	25
14750.74	25
14751.74	25
14752.74	25
14753.74	25
14754.74	25
14755.74	25
14756.74	25
14757.74	25
14758.74	25
14759.74	25
14760.74	25
14761.74	24.99
14762.74	24.99
14763.74	24.99
14764.74	25
14765.74	25
14766.74	25
14767.74	25
14768.74	25
14769.74	25
14770.74	25
14771.74	25
14772.74	24.99
14773.74	25
14774.74	25
14775.74	25
14776.74	25
14777.74	25
14778.74	25
14779.74	25
14780.74	25
14781.74	25
14782.74	25
14783.74	25
14784.74	25
14785.74	25
14786.74	25
14787.74	24.99
14788.74	25
14789.74	25
14790.74	25
14791.74	25
14792.74	25
14793.74	25
14794.74	25
14795.74	25
14796.74	25
14797.74	25
14798.74	25
14799.74	24.99
14800.74	25
14801.74	25
14802.74	25
14803.74	24.99
14804.74	25
14805.74	25
14806.74	25
14807.74	25
14808.74	25
14809.74	25
14810.74	25
14811.74	25
14812.74	24.99
14813.74	25
14814.74	25
14815.74	24.99
14816.74	25
14817.74	25
14818.74	24.99
14819.74	25
14820.74	25
14821.74	25
14822.74	25
14823.74	25
14824.74	25
14825.74	25
14826.74	25
14827.74	25
14828.74	25
14829.74	25
14830.74	25
14831.74	25
14832.74	25
14833.74	25
14834.74	25
14835.74	25
14836.74	25
14837.74	25
14838.74	25
14839.74	25
14840.74	25
14841.74	25
14842.74	25
14843.74	25
14844.74	25
14845.74	25
14846.74	24.99
14847.74	25
14848.74	24.99
14849.74	25
14850.74	25
14851.74	25
14852.74	24.99
14853.74	25
14854.74	25
14855.74	24.99
14856.74	25
14857.74	25
14858.74	25
14859.74	25
14860.74	25
14861.74	25
14862.74	25
14863.74	25
14864.74	25
14865.74	25
14866.74	25
14867.74	25
14868.74	25
14869.74	25
14870.74	25
14871.74	25
14872.74	25
14873.74	24.99
14874.74	25
14875.74	25
14876.74	24.99
14877.74	24.99
14878.74	24.99
14879.74	24.99
14880.74	25
14881.74	24.99
14882.74	24.99
14883.74	25
14884.74	25
14885.74	25
14886.74	25
14887.74	25
14888.74	25
14889.74	25
14890.74	24.99
14891.74	24.99
14892.74	25
14893.74	25
14894.74	25
14895.74	24.99
14896.74	24.99
14897.74	25
14898.74	24.99
14899.74	25
14900.74	24.99
14901.74	25
14902.74	25
14903.74	25
14904.74	24.99
14905.74	25
14906.74	25
14907.74	24.99
14908.74	25
14909.74	25
14910.74	25
14911.74	25
14912.74	24.99
14913.74	25
14914.74	25
14915.74	25
14916.74	25
14917.74	24.99
14918.74	25
14919.74	25
14920.74	25
14921.74	25
14922.74	25
14923.74	25
14924.74	25
14925.74	25
14926.74	25
14927.74	25
14928.74	25
14929.74	25
14930.74	24.99
14931.74	25
14932.74	25
14933.74	24.99
14934.74	25
14935.74	25
14936.74	25
14937.74	25
14938.74	25
14939.74	24.99
14940.74	25
14941.74	25
14942.74	24.99
14943.74	25
14944.74	25
14945.74	25
14946.74	25
14947.74	25
14948.74	25
14949.74	25
14950.74	25
14951.74	25
14952.74	25
14953.74	24.99
14954.74	24.99
14955.74	25
14956.74	25
14957.74	25
14958.74	25
14959.74	25
14960.74	24.99
14961.74	25
14962.74	25
14963.74	25
14964.74	24.99
14965.74	24.99
14966.74	24.99
14967.74	25
14968.74	25
14969.74	25
14970.74	25
14971.74	25
14972.74	25
14973.74	24.99
14974.74	25
14975.74	25
14976.74	24.99
14977.74	24.99
14978.74	24.99
14979.74	25
14980.74	25
14981.74	25
14982.74	25
14983.74	25
14984.74	24.99
14985.74	25
14986.74	25
14987.74	24.99
14988.74	25
14989.74	25
14990.74	25
14991.74	24.99
14992.74	24.99
14993.74	25
14994.74	24.99
14995.74	25
14996.74	25
14997.74	25
14998.74	25
14999.74	24.99
15000.74	25
15001.74	25
15002.74	24.99
15003.74	24.99
15004.74	25
15005.74	24.99
15006.74	25
15007.74	25
15008.74	25
15009.74	25
15010.74	24.99
15011.74	25
15012.74	25
15013.74	24.99
15014.74	25
15015.74	25
15016.74	25
15017.74	24.99
15018.74	25
15019.74	25
15020.74	25
15021.74	25
15022.74	25
15023.74	25
15024.74	24.99
15025.74	25
15026.74	24.99
15027.74	24.99
15028.74	25
15029.74	24.99
15030.74	25
15031.74	25
15032.74	24.99
15033.74	25
15034.74	25
15035.74	24.99
15036.74	25
15037.74	25
15038.74	25
15039.74	25
15040.74	25
15041.74	25
15042.74	25
15043.74	25
15044.74	25
15045.74	25
15046.74	25
15047.74	25
15048.74	24.99
15049.74	25
15050.74	24.99
15051.74	25
15052.74	25
15053.74	24.99
15054.74	25
15055.74	25
15056.74	25
15057.74	25
15058.74	25
15059.74	25
15060.74	25
15061.74	25
15062.74	25
15063.74	25
15064.74	24.99
15065.74	24.99
15066.74	24.99
15067.74	24.99
15068.74	25
15069.74	24.99
15070.74	24.99
15071.74	25
15072.74	25
15073.74	24.99
15074.74	24.99
15075.74	25
15076.74	24.99
15077.74	25
15078.74	25
15079.74	24.99
15080.74	24.99
15081.74	24.99
15082.74	24.99
15083.74	25
15084.74	25
15085.74	24.99
15086.74	24.99
15087.74	24.99
15088.74	25
15089.74	25
15090.74	25
15091.74	24.99
15092.74	25
15093.74	25
15094.74	25
15095.74	25
15096.74	25
15097.74	24.99
15098.74	24.99
15099.74	24.99
15100.74	25
15101.74	24.99
15102.74	25
15103.74	24.99
15104.74	25
15105.74	24.99
15106.74	25
15107.74	24.99
15108.74	24.99
15109.74	24.99
15110.74	25
15111.74	25
15112.74	25
15113.74	25
15114.74	24.99
15115.74	25
15116.74	24.99
15117.74	24.99
15118.74	24.99
15119.74	24.99
15120.74	24.99
15121.74	25
15122.74	25
15123.74	24.99
15124.74	24.99
15125.74	25
15126.74	25
15127.74	24.99
15128.74	24.99
15129.74	25
15130.74	25
15131.74	25
15132.74	24.99
15133.74	25
15134.74	24.99
15135.74	24.99
15136.74	24.99
15137.74	25
15138.74	25
15139.74	25
15140.74	24.99
15141.74	24.99
15142.74	24.99
15143.74	24.99
15144.74	24.99
15145.74	24.99
15146.74	24.99
15147.74	25
15148.74	25
15149.74	24.99
15150.74	24.99
15151.74	25
15152.74	25
15153.74	25
15154.74	24.99
15155.74	25
15156.74	24.99
15157.74	25
15158.74	25
15159.74	25
15160.74	24.99
15161.74	24.99
15162.74	25
15163.74	24.99
15164.74	25
15165.74	25
15166.74	24.99
15167.74	25
15168.74	25
15169.74	25
15170.74	25
15171.74	25
15172.74	25
15173.74	25
15174.74	24.99
15175.74	25
15176.74	25
15177.74	24.99
15178.74	24.99
15179.74	24.99
15180.74	25
15181.74	25
15182.74	25
15183.74	25
15184.74	25
15185.74	25
15186.74	25
15187.74	24.99
15188.74	24.99
15189.74	25
15190.74	25
15191.74	25
15192.74	25
15193.74	25
15194.74	25
15195.74	25
15196.74	24.99
15197.74	25
15198.74	24.99
15199.74	24.99
15200.74	25
15201.74	25
15202.74	24.99
15203.74	25
15204.74	25
15205.74	25
15206.74	24.99
15207.74	25
15208.74	25
15209.74	25
15210.74	25
15211.74	25
15212.74	25
15213.74	25
15214.74	25
15215.74	25
15216.74	25
15217.74	25
15218.74	25
15219.74	24.99
15220.74	25
15221.74	25
15222.74	25
15223.74	25
15224.74	24.99
15225.74	25
15226.74	24.99
15227.74	25
15228.74	25
15229.74	25
15230.74	25
15231.74	25
15232.74	25
15233.74	24.99
15234.74	25
15235.74	25
15236.74	25
15237.74	24.99
15238.74	24.99
15239.74	25
15240.74	24.99
15241.74	25
15242.74	25
15243.74	25
15244.74	25
15245.74	25
15246.74	25
15247.74	25
15248.74	25
15249.74	25
15250.74	25
15251.74	25
15252.74	25
15253.74	25
15254.74	25
15255.74	25
15256.74	25
15257.74	25
15258.74	24.99
15259.74	24.99
15260.74	25
15261.74	25
15262.74	25
15263.74	25
15264.74	24.99
15265.74	24.99
15266.74	25
15267.74	25
15268.74	24.99
15269.74	25
15270.74	25
15271.74	25
15272.74	25
15273.74	25
15274.74	25
15275.74	25
15276.74	24.99
15277.74	25
15278.74	25
15279.74	25
15280.74	25
15281.74	24.99
15282.74	24.99
15283.74	24.99
15284.74	25
15285.74	24.99
15286.74	24.99
15287.74	25
15288.74	25
15289.74	24.99
15290.74	25
15291.74	25
15292.74	24.99
15293.74	25
15294.74	25
15295.74	25
15296.74	24.99
15297.74	25
15298.74	24.99
15299.74	24.99
15300.74	25
15301.74	24.99
15302.74	24.99
15303.74	25
15304.74	24.99
15305.74	24.99
15306.74	24.99
15307.74	24.99
15308.74	24.99
15309.74	24.99
15310.74	25
15311.74	25
15312.74	25
15313.74	25
15314.74	24.99
15315.74	24.99
15316.74	24.99
15317.74	25
15318.74	24.99
15319.74	24.99
15320.74	25
15321.74	24.99
15322.74	25
15323.74	25
15324.74	24.99
15325.74	25
15326.74	25
15327.74	24.99
15328.74	25
15329.74	25
15330.74	25
15331.74	25
15332.74	25
15333.74	25
15334.74	25
15335.74	24.99
15336.74	25
15337.74	24.99
15338.74	25
15339.74	25
15340.74	25
15341.74	24.99
15342.74	24.99
15343.74	25
15344.74	25
15345.74	24.99
15346.74	24.99
15347.74	25
15348.74	25
15349.74	24.99
15350.74	24.99
15351.74	24.99
15352.74	24.99
15353.74	25
15354.74	24.99
15355.74	24.99
15356.74	25
15357.74	25
15358.74	25
15359.74	24.99
15360.74	24.99
15361.74	24.99
15362.74	24.99
15363.74	24.99
15364.74	24.99
15365.74	24.99
15366.74	24.99
15367.74	25
15368.74	24.99
15369.74	24.99
15370.74	24.99
15371.74	24.99
15372.74	24.99
15373.74	25
15374.74	25
15375.74	24.99
15376.74	24.99
15377.74	24.99
15378.74	24.99
15379.74	24.99
15380.74	24.99
15381.74	24.99
15382.74	24.99
15383.74	25
15384.74	24.99
15385.74	25
15386.74	25
15387.74	24.99
15388.74	24.99
15389.74	25
15390.74	24.99
15391.74	24.99
15392.74	25
15393.74	24.99
15394.74	24.99
15395.74	25
15396.74	24.99
15397.74	25
15398.74	24.99
15399.74	25
15400.74	24.99
15401.74	24.99
15402.74	24.99
15403.74	25
15404.74	25
15405.74	24.99
15406.74	25
15407.74	24.99
15408.74	25
15409.74	25
15410.74	24.99
15411.74	25
15412.74	24.99
15413.74	24.99
15414.74	25
15415.74	25
15416.74	25
15417.74	24.99
15418.74	25
15419.74	25
15420.74	24.99
15421.74	25
15422.74	25
15423.74	24.99
15424.74	25
15425.74	25
15426.74	24.99
15427.74	25
15428.74	24.99
15429.74	25
15430.74	25
15431.74	25
15432.74	25
15433.74	25
15434.74	25
15435.74	25
15436.74	24.99
15437.74	25
15438.74	25
15439.74	25
15440.74	25
15441.74	25
15442.74	24.99
15443.74	24.99
15444.74	24.99
15445.74	25
15446.74	25
15447.74	25
15448.74	25
15449.74	25
15450.74	25
15451.74	25
15452.74	25
15453.74	25
15454.74	25
15455.74	25
15456.74	25
15457.74	25
15458.74	25
15459.74	25
15460.74	25
15461.74	25
15462.74	25
15463.74	25
15464.74	25
15465.74	25
15466.74	25
15467.74	25
15468.74	25
15469.74	25
15470.74	25
15471.74	25
15472.74	25
15473.74	25
15474.74	25
15475.74	24.99
15476.74	25
15477.74	25
15478.74	25
15479.74	24.99
15480.74	24.99
15481.74	24.99
15482.74	25
15483.74	25
15484.74	25
15485.74	25
15486.74	24.99
15487.74	25
15488.74	25
15489.74	25
15490.74	25
15491.74	24.99
15492.74	24.99
15493.74	24.99
15494.74	25
15495.74	24.99
15496.74	24.99
15497.74	24.99
15498.74	25
15499.74	25
15500.74	25
15501.74	25
15502.74	25
15503.74	25
15504.74	25
15505.74	24.99
15506.74	25
15507.74	24.99
15508.74	25
15509.74	25
15510.74	25
15511.74	24.99
15512.74	25
15513.74	25
15514.74	25
15515.74	25
15516.74	25
15517.74	25
15518.74	25
15519.74	25
15520.74	25
15521.74	25
15522.74	25
15523.74	25
15524.74	25
15525.74	24.99
15526.74	24.99
15527.74	25
15528.74	25
15529.74	24.99
15530.74	25
15531.74	25
15532.74	25
15533.74	25
15534.74	25
15535.74	25
15536.74	25
15537.74	24.99
15538.74	25
15539.74	25
15540.74	24.99
15541.74	25
15542.74	25
15543.74	25
15544.74	24.99
15545.74	25
15546.74	25
15547.74	25
15548.74	25
15549.74	24.99
15550.74	25
15551.74	24.99
15552.74	24.99
15553.74	25
15554.74	25
15555.74	25
15556.74	25
15557.74	25
15558.74	25
15559.74	24.99
15560.74	24.99
15561.74	25
15562.74	25
15563.74	25
15564.74	24.99
15565.74	24.99
15566.74	25
15567.74	25
15568.74	25
15569.74	25
15570.74	25
15571.74	25
15572.74	25
15573.74	25
15574.74	25
15575.74	25
15576.74	25
15577.74	25
15578.74	25
15579.74	25
15580.74	25
15581.74	25
15582.74	25
15583.74	25
15584.74	25
15585.74	25
15586.74	25
15587.74	25
15588.74	25
15589.74	25
15590.74	25
15591.74	25
15592.74	25
15593.74	25
15594.74	25
15595.74	25
15596.74	24.99
15597.74	24.99
15598.74	25
15599.74	25
15600.74	25
15601.74	25
15602.74	25
15603.74	24.99
15604.74	25
15605.74	25
15606.74	25
15607.74	25
15608.74	25
15609.74	25
15610.74	25
15611.74	25
15612.74	25
15613.74	25
15614.74	25
15615.74	25
15616.74	24.99
15617.74	25
15618.74	25
15619.74	25
15620.74	25
15621.74	25
15622.74	25
15623.74	25
15624.74	25
15625.74	25
15626.74	25
15627.74	25
15628.74	25
15629.74	24.99
15630.74	25
15631.74	25
15632.74	25
15633.74	25
15634.74	24.99
15635.74	25
15636.74	25
15637.74	25
15638.74	25
15639.74	24.99
15640.74	25
15641.74	25
15642.74	25
15643.74	25
15644.74	25
15645.74	25
15646.74	25
15647.74	25
15648.74	25
15649.74	25
15650.74	25
15651.74	25
15652.74	25
15653.74	25
15654.74	25
15655.74	25
15656.74	25
15657.74	25
15658.74	24.99
15659.74	25
15660.74	25
15661.74	25
15662.74	25
15663.74	25
15664.74	24.99
15665.74	25
15666.74	25
15667.74	25
15668.74	25
15669.74	24.99
15670.74	25
15671.74	25
15672.74	25
15673.74	25
15674.74	24.99
15675.74	25
15676.74	25
15677.74	25
15678.74	25
15679.74	25
15680.74	25
15681.74	24.99
15682.74	25
15683.74	25
15684.74	25
15685.74	25
15686.74	25
15687.74	25
15688.74	25
15689.74	25
15690.74	25
15691.74	25
15692.74	25
15693.74	25
15694.74	25
15695.74	25
15696.74	25
15697.74	25
15698.74	25
15699.74	25
15700.74	25
15701.74	25
15702.74	25
15703.74	25
15704.74	25
15705.74	25
15706.74	25
15707.74	25
15708.74	25
15709.74	25
15710.74	25
15711.74	25
15712.74	25
15713.74	25
15714.74	25
15715.74	25
15716.74	25
15717.74	25
15718.74	25
15719.74	25
15720.74	25
15721.74	25
15722.74	25
15723.74	25
15724.74	25
15725.74	25
15726.74	25
15727.74	25
15728.74	25
15729.74	24.99
15730.74	25
15731.74	25
15732.74	25
15733.74	25
15734.74	25
15735.74	25
15736.74	25
15737.74	25
15738.74	25
15739.74	25
15740.74	24.99
15741.74	25
15742.74	24.99
15743.74	25
15744.74	25
15745.74	25
15746.74	25
15747.74	25
15748.74	25
15749.74	25
15750.74	25
15751.74	25
15752.74	25
15753.74	25
15754.74	25
15755.74	25
15756.74	25
15757.74	25
15758.74	25
15759.74	25
15760.74	25
15761.74	25
15762.74	25
15763.74	25
15764.74	25
15765.74	25
15766.74	25
15767.74	25
15768.74	25
15769.74	25
15770.74	25
15771.74	25
15772.74	25
15773.74	25
15774.74	25
15775.74	25
15776.74	25
15777.74	25
15778.74	25
15779.74	25
15780.74	25
15781.74	25
15782.74	24.99
15783.74	25
15784.74	25
15785.74	25
15786.74	24.99
15787.74	25
15788.74	25
15789.74	25
15790.74	25
15791.74	24.99
15792.74	25
15793.74	25
15794.74	25
15795.74	25
15796.74	25
15797.74	25
15798.74	25
15799.74	24.99
15800.74	25
15801.74	24.99
15802.74	25
15803.74	24.99
15804.74	25
15805.74	24.99
15806.74	24.99
15807.74	25
15808.74	25
15809.74	25
15810.74	24.99
15811.74	25
15812.74	25
15813.74	25
15814.74	25
15815.74	25
15816.74	24.99
15817.74	24.99
15818.74	25
15819.74	25
15820.74	25
15821.74	25
15822.74	25
15823.74	24.99
15824.74	24.99
15825.74	24.99
15826.74	25
15827.74	25
15828.74	24.99
15829.74	24.99
15830.74	25
15831.74	25
15832.74	25
15833.74	25
15834.74	25
15835.74	24.99
15836.74	25
15837.74	25
15838.74	24.99
15839.74	25
15840.74	24.99
15841.74	25
15842.74	24.99
15843.74	24.99
15844.74	24.99
15845.74	24.99
15846.74	25
15847.74	25
15848.74	24.99
15849.74	24.99
15850.74	24.99
15851.74	25
15852.74	24.99
15853.74	24.99
15854.74	25
15855.74	24.99
15856.74	24.99
15857.74	25
15858.74	25
15859.74	25
15860.74	24.99
15861.74	24.99
15862.74	25
15863.74	25
15864.74	25
15865.74	25
15866.74	24.99
15867.74	24.99
15868.74	25
15869.74	24.99
15870.74	25
15871.74	24.99
15872.74	24.99
15873.74	25
15874.74	25
15875.74	25
15876.74	24.99
15877.74	25
15878.74	24.99
15879.74	25
15880.74	25
15881.74	25
15882.74	24.99
15883.74	25
15884.74	25
15885.74	24.99
15886.74	25
15887.74	24.99
15888.74	24.99
15889.74	25
15890.74	24.99
15891.74	25
15892.74	25
15893.74	25
15894.74	25
15895.74	24.99
15896.74	24.99
15897.74	24.99
15898.74	24.99
15899.74	25
15900.74	24.99
15901.74	24.99
15902.74	25
15903.74	25
15904.74	24.99
15905.74	24.99
15906.74	24.99
15907.74	25
15908.74	25
15909.74	24.99
15910.74	24.99
15911.74	24.99
15912.74	24.99
15913.74	25
15914.74	25
15915.74	24.99
15916.74	25
15917.74	24.99
15918.74	25
15919.74	24.99
15920.74	25
15921.74	25
15922.74	25
15923.74	24.99
15924.74	25
15925.74	25
15926.74	24.99
15927.74	25
15928.74	24.99
15929.74	24.99
15930.74	25
15931.74	25
15932.74	25
15933.74	25
15934.74	25
15935.74	25
15936.74	25
15937.74	24.99
15938.74	25
15939.74	25
15940.74	25
15941.74	25
15942.74	25
15943.74	24.99
15944.74	25
15945.74	25
15946.74	25
15947.74	25
15948.74	25
15949.74	25
15950.74	25
15951.74	25
15952.74	25
15953.74	25
15954.74	25
15955.74	25
15956.74	25
15957.74	25
15958.74	25
15959.74	25
15960.74	25
15961.74	25
15962.74	25
15963.74	25
15964.74	25
15965.74	25
15966.74	25
15967.74	25
15968.74	25
15969.74	25
15970.74	25
15971.74	25
15972.74	25
15973.74	25
15974.74	25
15975.74	25
15976.74	25
15977.74	25
15978.74	25
15979.74	25
15980.74	25
15981.74	25
15982.74	25
15983.74	25
15984.74	25
15985.74	25
15986.74	24.99
15987.74	25
15988.74	25
15989.74	25
15990.74	25
15991.74	25
15992.74	25
15993.74	25
15994.74	25
15995.74	25
15996.74	25
15997.74	25
15998.74	25
15999.74	25
16000.74	24.99
16001.74	25
16002.74	24.99
16003.74	25
16004.74	25
16005.74	25
16006.74	25
16007.74	25
16008.74	25
16009.74	25
16010.74	25
16011.74	25
16012.74	25
16013.74	25
16014.74	25
16015.74	25
16016.74	24.99
16017.74	25
16018.74	24.99
16019.74	25
16020.74	25
16021.74	24.99
16022.74	25
16023.74	25
16024.74	24.99
16025.74	25
16026.74	25
16027.74	25
16028.74	25
16029.74	25
16030.74	25
16031.74	25
16032.74	25
16033.74	25
16034.74	25
16035.74	25
16036.74	25
16037.74	24.99
16038.74	25
16039.74	25
16040.74	25
16041.74	24.99
16042.74	24.99
16043.74	24.99
16044.74	24.99
16045.74	24.99
16046.74	25
16047.74	25
16048.74	25
16049.74	25
16050.74	25
16051.74	25
16052.74	25
16053.74	25
16054.74	25
16055.74	25
16056.74	25
16057.74	25
16058.74	25
16059.74	25
16060.74	25
16061.74	24.99
16062.74	25
16063.74	25
16064.74	25
16065.74	25
16066.74	25
16067.74	25
16068.74	25
16069.74	25
16070.74	25
16071.74	25
16072.74	25
16073.74	25
16074.74	25
16075.74	25
16076.74	24.99
16077.74	25
16078.74	25
16079.74	25
16080.74	25
16081.74	25
16082.74	25
16083.74	24.99
16084.74	25
16085.74	25
16086.74	25
16087.74	25
16088.74	25
16089.74	25
16090.74	25
16091.74	24.99
16092.74	25
16093.74	25
16094.74	25
16095.74	24.99
16096.74	25
16097.74	25
16098.74	25
16099.74	25
16100.74	24.99
16101.74	25
16102.74	24.99
16103.74	25
16104.74	25
16105.74	25
16106.74	25
16107.74	25
16108.74	24.99
16109.74	25
16110.74	25
16110.76	14.57
16111.74	-8.021
16112.74	-8.023
16113.74	-8.021
16114.74	-8.022
16115.74	-8.025
16116.74	-8.025
16117.74	-8.024
16118.74	-8.021
16119.74	-8.025
16120.74	-8.023
16121.74	-8.023
16122.74	-8.022
16123.74	-8.024
16124.74	-8.026
16125.74	-8.022
16126.74	-8.022
16127.74	-8.022
16128.74	-8.028
16129.74	-8.021
16130.74	-8.023
16131.74	-8.025
16132.74	-8.023
16133.74	-8.025
16134.74	-8.024
16135.74	-8.024
16136.74	-8.025
16137.74	-8.024
16138.74	-8.023
16139.74	-8.022
16140.74	-8.024
16141.74	-8.022
16142.74	-8.022
16143.74	-8.024
16144.74	-8.024
16145.74	-8.024
16146.74	-8.023
16147.74	-8.022
16148.74	-8.021
16149.74	-8.023
16150.74	-8.02
16151.74	-8.025
16152.74	-8.023
16153.74	-8.022
16154.74	-8.022
16155.74	-8.02
16156.74	-8.027
16157.74	-8.026
16158.74	-8.022
16159.74	-8.022
16160.74	-8.026
16161.74	-8.021
16162.74	-8.024
16163.74	-8.028
16164.74	-8.023
16165.74	-8.019
16166.74	-8.026
16167.74	-8.025
16168.74	-8.021
16169.74	-8.025
16170.74	-8.021
16171.74	-8.025
16172.74	-8.026
16173.74	-8.021
16174.74	-8.022
16175.74	-8.027
16176.74	-8.024
16177.74	-8.022
16178.74	-8.024
16179.74	-8.021
16180.74	-8.027
16181.74	-8.019
16182.74	-8.024
16183.74	-8.025
16184.74	-8.024
16185.74	-8.023
16186.74	-8.026
16187.74	-8.022
16188.74	-8.021
16189.74	-8.023
16190.74	-8.023
16191.74	-8.029
16192.74	-8.022
16193.74	-8.024
16194.74	-8.021
16195.74	-8.023
16196.74	-8.02
16197.74	-8.022
16198.74	-8.021
16199.74	-8.023
16200.74	-8.021
16201.74	-8.022
16202.74	-8.024
16203.74	-8.024
16204.74	-8.021
16205.74	-8.024
16206.74	-8.021
16207.74	-8.022
16208.74	-8.023
16209.74	-8.023
16210.74	-8.021
16211.74	-8.024
16212.74	-8.022
16213.74	-8.022
16214.74	-8.019
16215.74	-8.023
16216.74	-8.023
16217.74	-8.024
16218.74	-8.024
16219.74	-8.02
16220.74	-8.023
16221.74	-8.025
16222.74	-8.025
16223.74	-8.02
16224.74	-8.021
16225.74	-8.026
16226.74	-8.024
16227.74	-8.021
16228.74	-8.021
16229.74	-8.021
16230.74	-8.025
16231.74	-8.02
16232.74	-8.021
16233.74	-8.023
16234.74	-8.023
16235.74	-8.022
16236.74	-8.026
16237.74	-8.021
16238.74	-8.027
16239.74	-8.023
16240.74	-8.023
16241.74	-8.022
16242.74	-8.025
16243.74	-8.023
16244.74	-8.022
16245.74	-8.026
16246.74	-8.022
16247.74	-8.024
16248.74	-8.022
16249.74	-8.023
16250.74	-8.024
16251.74	-8.023
16252.74	-8.024
16253.74	-8.023
16254.74	-8.026
16255.74	-8.023
16256.74	-8.027
16257.74	-8.025
16258.74	-8.023
16259.74	-8.021
16260.74	-8.023
16261.74	-8.022
16262.74	-8.024
16263.74	-8.021
16264.74	-8.021
16265.74	-8.023
16266.74	-8.022
16267.74	-8.024
16268.74	-8.025
16269.74	-8.024
16270.74	-8.023
16271.74	-8.02
16272.74	-8.023
16273.74	-8.021
16274.74	-8.022
16275.74	-8.023
16276.74	-8.022
16277.74	-8.024
16278.74	-8.024
16279.74	-8.023
16280.74	-8.022
16281.74	-8.024
16282.74	-8.02
16283.74	-8.02
16284.74	-8.026
16285.74	-8.024
16286.74	-8.022
16287.74	-8.024
16288.74	-8.024
16289.74	-8.022
16290.74	-8.027
16291.74	-8.021
16292.74	-8.021
16293.74	-8.022
16294.74	-8.028
16295.74	-8.026
16296.74	-8.021
16297.74	-8.023
16298.74	-8.022
16299.74	-8.025
16300.74	-8.022
16301.74	-8.025
16302.74	-8.024
16303.74	-8.019
16304.74	-8.022
16305.74	-8.023
16306.74	-8.029
16307.74	-8.021
16308.74	-8.023
16309.74	-8.026
16310.74	-8.022
16311.74	-8.025
16312.74	-8.021
16313.74	-8.021
16314.74	-8.021
16315.74	-8.021
16316.74	-8.021
16317.74	-8.023
16318.74	-8.022
16319.74	-8.022
16320.74	-8.022
16321.74	-8.023
16322.74	-8.021
16323.74	-8.027
16324.74	-8.024
16325.74	-8.023
16326.74	-8.025
16327.74	-8.021
16328.74	-8.024
16329.74	-8.021
16330.74	-8.024
16331.74	-8.024
16332.74	-8.024
16333.74	-8.028
16334.74	-8.025
16335.74	-8.027
16336.74	-8.027
16337.74	-8.025
16338.74	-8.022
16339.74	-8.023
16340.74	-8.025
16341.74	-8.023
16342.74	-8.024
16343.74	-8.024
16344.74	-8.022
16345.74	-8.022
16346.74	-8.026
16347.74	-8.019
16348.74	-8.019
16349.74	-8.021
16350.74	-8.026
16351.74	-8.021
16352.74	-8.025
16353.74	-8.024
16354.74	-8.024
16355.74	-8.024
16356.74	-8.026
16357.74	-8.025
16358.74	-8.023
16359.74	-8.026
16360.74	-8.022
16361.74	-8.023
16362.74	-8.024
16363.74	-8.024
16364.74	-8.024
16365.74	-8.027
16366.74	-8.023
16367.74	-8.023
16368.74	-8.023
16369.74	-8.021
16370.74	-8.024
16371.74	-8.022
16372.74	-8.022
16373.74	-8.025
16374.74	-8.026
16375.74	-8.024
16376.74	-8.023
16377.74	-8.025
16378.74	-8.024
16379.74	-8.023
16380.74	-8.021
16381.74	-8.021
16382.74	-8.026
16383.74	-8.022
16384.74	-8.021
16385.74	-8.024
16386.74	-8.022
16387.74	-8.022
16388.74	-8.022
16389.74	-8.023
16390.74	-8.022
16391.74	-8.022
16392.74	-8.022
16393.74	-8.024
16394.74	-8.022
16395.74	-8.024
16396.74	-8.024
16397.74	-8.022
16398.74	-8.022
16399.74	-8.023
16400.74	-8.026
16401.74	-8.024
16402.74	-8.019
16403.74	-8.025
16404.74	-8.023
16405.74	-8.022
16406.74	-8.023
16407.74	-8.025
16408.74	-8.027
16409.74	-8.026
16410.74	-8.022
16411.74	-8.025
16412.74	-8.023
16413.74	-8.026
16414.74	-8.024
16415.74	-8.025
16416.74	-8.023
16417.74	-8.022
16418.74	-8.023
16419.74	-8.021
16420.74	-8.022
16421.74	-8.023
16422.74	-8.024
16423.74	-8.022
16424.74	-8.023
16425.74	-8.026
16426.74	-8.022
16427.74	-8.023
16428.74	-8.023
16429.74	-8.023
16430.74	-8.023
16431.74	-8.022
16432.74	-8.021
16433.74	-8.019
16434.74	-8.023
16435.74	-8.023
16436.74	-8.026
16437.74	-8.024
16438.74	-8.023
16439.74	-8.025
16440.74	-8.022
16441.74	-8.022
16442.74	-8.026
16443.74	-8.024
16444.74	-8.024
16445.74	-8.027
16446.74	-8.021
16447.74	-8.022
16448.74	-8.023
16449.74	-8.026
16450.74	-8.022
16451.74	-8.026
16452.74	-8.024
16453.74	-8.024
16454.74	-8.025
16455.74	-8.025
16456.74	-8.022
16457.74	-8.025
16458.74	-8.025
16459.74	-8.025
16460.74	-8.023
16461.74	-8.03
16462.74	-8.023
16463.74	-8.02
16464.74	-8.023
16465.74	-8.027
16466.74	-8.022
16467.74	-8.023
16468.74	-8.023
16469.74	-8.029
16470.74	-8.023
16471.74	-8.024
16472.74	-8.023
16473.74	-8.02
16474.74	-8.021
16475.74	-8.023
16476.74	-8.021
16477.74	-8.026
16478.74	-8.022
16479.74	-8.023
16480.74	-8.021
16481.74	-8.024
16482.74	-8.023
16483.74	-8.022
16484.74	-8.025
16485.74	-8.024
16486.74	-8.021
16487.74	-8.022
16488.74	-8.025
16489.74	-8.022
16490.74	-8.023
16491.74	-8.023
16492.74	-8.024
16493.74	-8.02
16494.74	-8.022
16495.74	-8.021
16496.74	-8.027
16497.74	-8.026
16498.74	-8.022
16499.74	-8.021
16500.74	-8.022
16501.74	-8.021
16502.74	-8.019
16503.74	-8.022
16504.74	-8.023
16505.74	-8.02
16506.74	-8.016
16507.74	-8.018
16508.74	-8.015
16509.74	-8.022
16510.74	-8.015
16511.74	-8.015
16512.74	-8.018
16513.74	-8.016
16514.74	-8.014
16515.74	-8.017
16516.74	-8.016
16517.74	-8.02
16518.74	-8.018
16519.74	-8.018
16520.74	-8.017
16521.74	-8.016
16522.74	-8.016
16523.74	-8.019
16524.74	-8.017
16525.74	-8.016
16526.74	-8.015
16527.74	-8.017
16528.74	-8.017
16529.74	-8.015
16530.74	-8.016
16531.74	-8.016
16532.74	-8.017
16533.74	-8.016
16534.74	-8.016
16535.74	-8.015
16536.74	-8.013
16537.74	-8.017
16538.74	-8.016
16539.74	-8.015
16540.74	-8.016
16541.74	-8.015
16542.74	-8.015
16543.74	-8.016
16544.74	-8.015
16545.74	-8.016
16546.74	-8.016
16547.74	-8.017
16548.74	-8.015
16549.74	-8.016
16550.74	-8.019
16551.74	-8.015
16552.74	-8.017
16553.74	-8.014
16554.74	-8.014
16555.74	-8.016
16556.74	-8.016
16557.74	-8.015
16558.74	-8.016
16559.74	-8.019
16560.74	-8.014
16561.74	-8.015
16562.74	-8.014
16563.74	-8.017
16564.74	-8.016
16565.74	-8.018
16566.74	-8.017
16567.74	-8.017
16568.74	-8.016
16569.74	-8.016
16570.74	-8.015
16571.74	-8.016
16572.74	-8.016
16573.74	-8.021
16574.74	-8.015
16575.74	-8.017
16576.74	-8.014
16577.74	-8.017
16578.74	-8.016
16579.74	-8.016
16580.74	-8.02
16581.74	-8.015
16582.74	-8.016
16583.74	-8.016
16584.74	-8.016
16585.74	-8.017
16586.74	-8.018
16587.74	-8.016
16588.74	-8.016
16589.74	-8.019
16590.74	-8.015
16591.74	-8.017
16592.74	-8.016
16593.74	-8.02
16594.74	-8.017
16595.74	-8.015
16596.74	-8.016
16597.74	-8.015
16598.74	-8.018
16599.74	-8.016
16600.74	-8.016
16601.74	-8.016
16602.74	-8.018
16603.74	-8.016
16604.74	-8.016
16605.74	-8.018
16606.74	-8.016
16607.74	-8.015
16608.74	-8.017
16609.74	-8.017
16610.74	-8.017
16611.74	-8.018
16612.74	-8.017
16613.74	-8.016
16614.74	-8.017
16615.74	-8.019
16616.74	-8.016
16617.74	-8.02
16618.74	-8.016
16619.74	-8.016
16620.74	-8.016
16621.74	-8.018
16622.74	-8.017
16623.74	-8.017
16624.74	-8.018
16625.74	-8.014
16626.74	-8.016
16627.74	-8.016
16628.74	-8.015
16629.74	-8.018
16630.74	-8.014
16631.74	-8.018
16632.74	-8.017
16633.74	-8.015
16634.74	-8.018
16635.74	-8.016
16636.74	-8.014
16637.74	-8.016
16638.74	-8.018
16639.74	-8.016
16640.74	-8.018
16641.74	-8.014
16642.74	-8.018
16643.74	-8.016
16644.74	-8.018
16645.74	-8.019
16646.74	-8.019
16647.74	-8.016
16648.74	-8.019
16649.74	-8.018
16650.74	-8.02
16651.74	-8.019
16652.74	-8.016
16653.74	-8.019
16654.74	-8.016
16655.74	-8.014
16656.74	-8.018
16657.74	-8.016
16658.74	-8.016
16659.74	-8.018
16660.74	-8.018
16661.74	-8.015
16662.74	-8.018
16663.74	-8.017
16664.74	-8.018
16665.74	-8.016
16666.74	-8.017
16667.74	-8.019
16668.74	-8.017
16669.74	-8.017
16670.74	-8.017
16671.74	-8.018
16672.74	-8.019
16673.74	-8.017
16674.74	-8.017
16675.74	-8.018
16676.74	-8.015
16677.74	-8.016
16678.74	-8.018
16679.74	-8.016
16680.74	-8.02
16681.74	-8.016
16682.74	-8.016
16683.74	-8.018
16684.74	-8.016
16685.74	-8.016
16686.74	-8.015
16687.74	-8.015
16688.74	-8.016
16689.74	-8.015
16690.74	-8.018
16691.74	-8.018
16692.74	-8.016
16693.74	-8.016
16694.74	-8.018
16695.74	-8.017
16696.74	-8.017
16697.74	-8.018
16698.74	-8.018
16699.74	-8.016
16700.74	-8.017
16701.74	-8.019
16702.74	-8.017
16703.74	-8.019
16704.74	-8.018
16705.74	-8.016
16706.74	-8.02
16707.74	-8.016
16708.74	-8.018
16709.74	-8.017
16710.74	-8.019
16711.74	-8.019
16712.74	-8.018
16713.74	-8.02
16714.74	-8.017
16715.74	-8.018
16716.74	-8.017
16717.74	-8.016
16718.74	-8.014
16719.74	-8.016
16720.74	-8.015
16721.74	-8.016
16722.74	-8.017
16723.74	-8.017
16724.74	-8.016
16725.74	-8.016
16726.74	-8.018
16727.74	-8.018
16728.74	-8.018
16729.74	-8.013
16730.74	-8.017
16731.74	-8.016
16732.74	-8.017
16733.74	-8.017
16734.74	-8.018
16735.74	-8.017
16736.74	-8.018
16737.74	-8.019
16738.74	-8.018
16739.74	-8.016
16740.74	-8.015
16741.74	-8.019
16742.74	-8.019
16743.74	-8.018
16744.74	-8.016
16745.74	-8.019
16746.74	-8.018
16747.74	-8.02
16748.74	-8.016
16749.74	-8.017
16750.74	-8.017
16751.74	-8.018
16752.74	-8.017
16753.74	-8.017
16754.74	-8.016
16755.74	-8.018
16756.74	-8.019
16757.74	-8.02
16758.74	-8.02
16759.74	-8.022
16760.74	-8.022
16761.74	-8.024
16762.74	-8.022
16763.74	-8.023
16764.74	-8.022
16765.74	-8.021
16766.74	-8.022
16767.74	-8.022
16768.74	-8.024
16769.74	-8.021
16770.74	-8.021
16771.74	-8.021
16772.74	-8.025
16773.74	-8.025
16774.74	-8.022
16775.74	-8.023
16776.74	-8.02
16777.74	-8.021
16778.74	-8.022
16779.74	-8.025
16780.74	-8.023
16781.74	-8.023
16782.74	-8.023
16783.74	-8.026
16784.74	-8.022
16785.74	-8.023
16786.74	-8.02
16787.74	-8.023
16788.74	-8.021
16789.74	-8.022
16790.74	-8.024
16791.74	-8.026
16792.74	-8.022
16793.74	-8.024
16794.74	-8.025
16795.74	-8.023
16796.74	-8.018
16797.74	-8.024
16798.74	-8.026
16799.74	-8.022
16800.74	-8.022
16801.74	-8.028
16802.74	-8.017
16803.74	-8.023
16804.74	-8.021
16805.74	-8.021
16806.74	-8.023
16807.74	-8.019
16808.74	-8.021
16809.74	-8.022
16810.74	-8.024
16811.74	-8.024
16812.74	-8.02
16813.74	-8.027
16814.74	-8.021
16815.74	-8.021
16816.74	-8.025
16817.74	-8.027
16818.74	-8.023
16819.74	-8.021
16820.74	-8.02
16821.74	-8.024
16822.74	-8.021
16823.74	-8.023
16824.74	-8.022
16825.74	-8.024
16826.74	-8.023
16827.74	-8.023
16828.74	-8.025
16829.74	-8.025
16830.74	-8.025
16831.74	-8.024
16832.74	-8.023
16833.74	-8.023
16834.74	-8.021
16835.74	-8.023
16836.74	-8.022
16837.74	-8.022
16838.74	-8.02
16839.74	-8.023
16840.74	-8.022
16841.74	-8.023
16842.74	-8.023
16843.74	-8.024
16844.74	-8.022
16845.74	-8.026
16846.74	-8.022
16847.74	-8.022
16848.74	-8.02
16849.74	-8.022
16850.74	-8.021
16851.74	-8.022
16852.74	-8.019
16853.74	-8.023
16854.74	-8.023
16855.74	-8.023
16856.74	-8.02
16857.74	-8.027
16858.74	-8.021
16859.74	-8.022
16860.74	-8.022
16861.74	-8.021
16862.74	-8.019
16863.74	-8.025
16864.74	-8.022
16865.74	-8.02
16866.74	-8.019
16867.74	-8.022
16868.74	-8.024
16869.74	-8.019
16870.74	-8.024
16871.74	-8.022
16872.74	-8.022
16873.74	-8.02
16874.74	-8.027
16875.74	-8.022
16876.74	-8.026
16877.74	-8.024
16878.74	-8.02
16879.74	-8.02
16880.74	-8.019
16881.74	-8.021
16882.74	-8.026
16883.74	-8.024
16884.74	-8.021
16885.74	-8.024
16886.74	-8.023
16887.74	-8.022
16888.74	-8.024
16889.74	-8.025
16890.74	-8.022
16891.74	-8.022
16892.74	-8.021
16893.74	-8.022
16894.74	-8.023
16895.74	-8.024
16896.74	-8.024
16897.74	-8.021
16898.74	-8.024
16899.74	-8.023
16900.74	-8.024
16901.74	-8.021
16902.74	-8.019
16903.74	-8.02
16904.74	-8.024
16905.74	-8.02
16906.74	-8.022
16907.74	-8.023
16908.74	-8.022
16909.74	-8.023
16910.74	-8.021
16911.74	-8.021
16912.74	-8.024
16913.74	-8.02
16914.74	-8.021
16915.74	-8.021
16916.74	-8.022
16917.74	-8.021
16918.74	-8.021
16919.74	-8.025
16920.74	-8.022
16921.74	-8.024
16922.74	-8.024
16923.74	-8.025
16924.74	-8.02
16925.74	-8.024
16926.74	-8.026
16927.74	-8.024
16928.74	-8.023
16929.74	-8.022
16930.74	-8.022
16931.74	-8.023
16932.74	-8.023
16933.74	-8.026
16934.74	-8.023
16935.74	-8.022
16936.74	-8.024
16937.74	-8.021
16938.74	-8.021
16939.74	-8.021
16940.74	-8.021
16941.74	-8.025
16942.74	-8.022
16943.74	-8.023
16944.74	-8.022
16945.74	-8.023
16946.74	-8.019
16947.74	-8.022
16948.74	-8.022
16949.74	-8.021
16950.74	-8.023
16951.74	-8.022
16952.74	-8.021
16953.74	-8.021
16954.74	-8.022
16955.74	-8.025
16956.74	-8.022
16957.74	-8.021
16958.74	-8.02
16959.74	-8.021
16960.74	-8.02
16961.74	-8.022
16962.74	-8.022
16963.74	-8.023
16964.74	-8.022
16965.74	-8.023
16966.74	-8.023
16967.74	-8.025
16968.74	-8.023
16969.74	-8.022
16970.74	-8.022
16971.74	-8.022
16972.74	-8.021
16973.74	-8.023
16974.74	-8.021
16975.74	-8.023
16976.74	-8.021
16977.74	-8.025
16978.74	-8.021
16979.74	-8.024
16980.74	-8.023
16981.74	-8.024
16982.74	-8.023
16983.74	-8.02
16984.74	-8.028
16985.74	-8.02
16986.74	-8.023
16987.74	-8.023
16988.74	-8.025
16989.74	-8.022
16990.74	-8.026
16991.74	-8.025
16992.74	-8.022
16993.74	-8.022
16994.74	-8.025
16995.74	-8.021
16996.74	-8.025
16997.74	-8.024
16998.74	-8.025
16999.74	-8.025
17000.74	-8.021
17001.74	-8.024
17002.74	-8.021
17003.74	-8.02
17004.74	-8.024
17005.74	-8.023
17006.74	-8.024
17007.74	-8.024
17008.74	-8.022
17009.74	-8.022
17010.74	-8.026
17011.74	-8.021
17012.74	-8.023
17013.74	-8.022
17014.74	-8.024
17015.74	-8.023
17016.74	-8.022
17017.74	-8.022
17018.74	-8.022
17019.74	-8.022
17020.74	-8.025
17021.74	-8.025
17022.74	-8.023
17023.74	-8.023
17024.74	-8.022
17025.74	-8.021
17026.74	-8.021
17027.74	-8.024
17028.74	-8.026
17029.74	-8.022
17030.74	-8.022
17031.74	-8.021
17032.74	-8.019
17033.74	-8.024
17034.74	-8.021
17035.74	-8.026
17036.74	-8.022
17037.74	-8.023
17038.74	-8.023
17039.74	-8.022
17040.74	-8.02
17041.74	-8.023
17042.74	-8.023
17043.74	-8.02
17044.74	-8.021
17045.74	-8.025
17046.74	-8.022
17047.74	-8.024
17048.74	-8.02
17049.74	-8.021
17050.74	-8.025
17051.74	-8.026
17052.74	-8.023
17053.74	-8.026
17054.74	-8.024
17055.74	-8.024
17056.74	-8.023
17057.74	-8.023
17058.74	-8.022
17059.74	-8.026
17060.74	-8.022
17061.74	-8.024
17062.74	-8.024
17063.74	-8.02
17064.74	-8.022
17065.74	-8.025
17066.74	-8.02
17067.74	-8.021
17068.74	-8.022
17069.74	-8.024
17070.74	-8.021
17071.74	-8.025
17072.74	-8.021
17073.74	-8.021
17074.74	-8.023
17075.74	-8.022
17076.74	-8.019
17077.74	-8.02
17078.74	-8.022
17079.74	-8.021
17080.74	-8.021
17081.74	-8.021
17082.74	-8.02
17083.74	-8.024
17084.74	-8.022
17085.74	-8.018
17086.74	-8.02
17087.74	-8.018
17088.74	-8.022
17089.74	-8.024
17090.74	-8.023
17091.74	-8.024
17092.74	-8.022
17093.74	-8.024
17094.74	-8.02
17095.74	-8.022
17096.74	-8.025
17097.74	-8.026
17098.74	-8.023
17099.74	-8.025
17100.74	-8.025
17101.74	-8.02
17102.74	-8.023
17103.74	-8.021
17104.74	-8.024
17105.74	-8.024
17106.74	-8.02
17107.74	-8.022
17108.74	-8.024
17109.74	-8.023
17110.74	-8.023
17111.74	-8.023
17112.74	-8.021
17113.74	-8.024
17114.74	-8.026
17115.74	-8.022
17116.74	-8.024
17117.74	-8.019
17118.74	-8.021
17119.74	-8.023
17120.74	-8.025
17121.74	-8.022
17122.74	-8.02
17123.74	-8.024
17124.74	-8.022
17125.74	-8.021
17126.74	-8.022
17127.74	-8.023
17128.74	-8.022
17129.74	-8.022
17130.74	-8.026
17131.74	-8.02
17132.74	-8.024
17133.74	-8.022
17134.74	-8.022
17135.74	-8.021
17136.74	-8.021
17137.74	-8.023
17138.74	-8.024
17139.74	-8.021
17140.74	-8.023
17141.74	-8.028
17142.74	-8.023
17143.74	-8.024
17144.74	-8.022
17145.74	-8.023
17146.74	-8.025
17147.74	-8.024
17148.74	-8.02
17149.74	-8.021
17150.74	-8.023
17151.74	-8.024
17152.74	-8.023
17153.74	-8.023
17154.74	-8.025
17155.74	-8.023
17156.74	-8.023
17157.74	-8.022
17158.74	-8.021
17159.74	-8.022
17160.74	-8.023
17161.74	-8.02
17162.74	-8.024
17163.74	-8.022
17164.74	-8.021
17165.74	-8.025
17166.74	-8.022
17167.74	-8.022
17168.74	-8.02
17169.74	-8.02
17170.74	-8.022
17171.74	-8.026
17172.74	-8.024
17173.74	-8.024
17174.74	-8.025
17175.74	-8.02
17176.74	-8.022
17177.74	-8.022
17178.74	-8.028
17179.74	-8.021
17180.74	-8.02
17181.74	-8.024
17182.74	-8.025
17183.74	-8.028
17184.74	-8.023
17185.74	-8.024
17186.74	-8.024
17187.74	-8.023
17188.74	-8.022
17189.74	-8.022
17190.74	-8.022
17191.74	-8.021
17192.74	-8.019
17193.74	-8.022
17194.74	-8.024
17195.74	-8.022
17196.74	-8.024
17197.74	-8.023
17198.74	-8.021
17199.74	-8.021
17200.74	-8.021
17201.74	-8.023
17202.74	-8.024
17203.74	-8.025
17204.74	-8.026
17205.74	-8.022
17206.74	-8.025
17207.74	-8.019
17208.74	-8.025
17209.74	-8.023
17210.74	-8.026
17211.74	-8.021
17212.74	-8.02
17213.74	-8.022
17214.74	-8.024
17215.74	-8.022
17216.74	-8.02
17217.74	-8.024
17218.74	-8.022
17219.74	-8.029
17220.74	-8.023
17221.74	-8.024
17222.74	-8.026
17223.74	-8.024
17224.74	-8.025
17225.74	-8.028
17226.74	-8.022
17227.74	-8.025
17228.74	-8.024
17229.74	-8.027
17230.74	-8.026
17231.74	-8.025
17232.74	-8.023
17233.74	-8.022
17234.74	-8.024
17235.74	-8.024
17236.74	-8.02
17237.74	-8.022
17238.74	-8.023
17239.74	-8.024
17240.74	-8.026
17241.74	-8.022
17242.74	-8.023
17243.74	-8.02
17244.74	-8.027
17245.74	-8.025
17246.74	-8.019
17247.74	-8.025
17248.74	-8.027
17249.74	-8.024
17250.74	-8.024
17251.74	-8.025
17252.74	-8.026
17253.74	-8.024
17254.74	-8.022
17255.74	-8.024
17256.74	-8.025
17257.74	-8.025
17258.74	-8.019
17259.74	-8.02
17260.74	-8.021
17261.74	-8.024
17262.74	-8.023
17263.74	-8.022
17264.74	-8.022
17265.74	-8.022
17266.74	-8.022
17267.74	-8.025
17268.74	-8.022
17269.74	-8.022
17270.74	-8.024
17271.74	-8.025
17272.74	-8.024
17273.74	-8.024
17274.74	-8.024
17275.74	-8.026
17276.74	-8.023
17277.74	-8.023
17278.74	-8.024
17279.74	-8.024
17280.74	-8.024
17281.74	-8.022
17282.74	-8.025
17283.74	-8.025
17284.74	-8.025
17285.74	-8.022
17286.74	-8.025
17287.74	-8.022
17288.74	-8.023
17289.74	-8.023
17290.74	-8.025
17291.74	-8.021
17292.74	-8.025
17293.74	-8.021
17294.74	-8.024
17295.74	-8.022
17296.74	-8.025
17297.74	-8.026
17298.74	-8.02
17299.74	-8.019
17300.74	-8.022
17301.74	-8.023
17302.74	-8.022
17303.74	-8.024
17304.74	-8.022
17305.74	-8.025
17306.74	-8.023
17307.74	-8.025
17308.74	-8.021
17309.74	-8.021
17310.74	-8.023
17311.74	-8.022
17312.74	-8.023
17313.74	-8.024
17314.74	-8.021
17315.74	-8.022
17316.74	-8.024
17317.74	-8.025
17318.74	-8.022
17319.74	-8.023
17320.74	-8.023
17321.74	-8.022
17322.74	-8.024
17323.74	-8.02
17324.74	-8.025
17325.74	-8.022
17326.74	-8.023
17327.74	-8.023
17328.74	-8.022
17329.74	-8.025
17330.74	-8.024
17331.74	-8.025
17332.74	-8.022
17333.74	-8.022
17334.74	-8.024
17335.74	-8.022
17336.74	-8.023
17337.74	-8.024
17338.74	-8.024
17339.74	-8.023
17340.74	-8.027
17341.74	-8.02
17342.74	-8.024
17343.74	-8.026
17344.74	-8.022
17345.74	-8.025
17346.74	-8.026
17347.74	-8.023
17348.74	-8.022
17349.74	-8.022
17350.74	-8.02
17351.74	-8.021
17352.74	-8.024
17353.74	-8.024
17354.74	-8.025
17355.74	-8.026
17356.74	-8.023
17357.74	-8.025
17358.74	-8.021
17359.74	-8.023
17360.74	-8.023
17361.74	-8.025
17362.74	-8.024
17363.74	-8.024
17364.74	-8.02
17365.74	-8.026
17366.74	-8.027
17367.74	-8.023
17368.74	-8.021
17369.74	-8.023
17370.74	-8.024
17371.74	-8.023
17372.74	-8.025
17373.74	-8.022
17374.74	-8.022
17375.74	-8.022
17376.74	-8.024
17377.74	-8.019
17378.74	-8.023
17379.74	-8.026
17380.74	-8.023
17381.74	-8.022
17382.74	-8.024
17383.74	-8.024
17384.74	-8.025
17385.74	-8.024
17386.74	-8.024
17387.74	-8.025
17388.74	-8.021
17389.74	-8.022
17390.74	-8.022
17391.74	-8.024
17392.74	-8.023
17393.74	-8.027
17394.74	-8.023
17395.74	-8.021
17396.74	-8.025
17397.74	-8.023
17398.74	-8.023
17399.74	-8.024
17400.74	-8.025
17401.74	-8.023
17402.74	-8.022
17403.74	-8.024
17404.74	-8.02
17405.74	-8.021
17406.74	-8.023
17407.74	-8.022
17408.74	-8.021
17409.74	-8.021
17410.74	-8.021
17411.74	-8.021
17412.74	-8.024
17413.74	-8.027
17414.74	-8.021
17415.74	-8.026
17416.74	-8.022
17417.74	-8.022
17418.74	-8.023
17419.74	-8.02
17420.74	-8.024
17421.74	-8.025
17422.74	-8.025
17423.74	-8.023
17424.74	-8.025
17425.74	-8.026
17426.74	-8.026
17427.74	-8.025
17428.74	-8.023
17429.74	-8.022
17430.74	-8.019
17431.74	-8.022
17432.74	-8.022
17433.74	-8.024
17434.74	-8.024
17435.74	-8.023
17436.74	-8.024
17437.74	-8.022
17438.74	-8.022
17439.74	-8.023
17440.74	-8.02
17441.74	-8.024
17442.74	-8.025
17443.74	-8.024
17444.74	-8.024
17445.74	-8.022
17446.74	-8.019
17447.74	-8.023
17448.74	-8.025
17449.74	-8.021
17450.74	-8.022
17451.74	-8.024
17452.74	-8.02
17453.74	-8.022
17454.74	-8.02
17455.74	-8.023
17456.74	-8.024
17457.74	-8.021
17458.74	-8.024
17459.74	-8.02
17460.74	-8.028
17461.74	-8.023
17462.74	-8.025
17463.74	-8.024
17464.74	-8.022
17465.74	-8.023
17466.74	-8.025
17467.74	-8.023
17468.74	-8.021
17469.74	-8.024
17470.74	-8.022
17471.74	-8.022
17472.74	-8.024
17473.74	-8.024
17474.74	-8.025
17475.74	-8.022
17476.74	-8.024
17477.74	-8.024
17478.74	-8.025
17479.74	-8.025
17480.74	-8.024
17481.74	-8.026
17482.74	-8.023
17483.74	-8.022
17484.74	-8.024
17485.74	-8.023
17486.74	-8.022
17487.74	-8.023
17488.74	-8.022
17489.74	-8.025
17490.74	-8.026
17491.74	-8.023
17492.74	-8.023
17493.74	-8.022
17494.74	-8.024
17495.74	-8.023
17496.74	-8.023
17497.74	-8.025
17498.74	-8.022
17499.74	-8.024
17500.74	-8.024
17501.74	-8.021
17502.74	-8.025
17503.74	-8.024
17504.74	-8.022
17505.74	-8.023
17506.74	-8.02
17507.74	-8.025
17508.74	-8.022
17509.74	-8.022
17510.74	-8.022
17511.74	-8.026
17512.74	-8.025
17513.74	-8.022
17514.74	-8.025
17515.74	-8.025
17516.74	-8.024
17517.74	-8.024
17518.74	-8.022
17519.74	-8.024
17520.74	-8.02
17521.74	-8.024
17522.74	-8.023
17523.74	-8.026
17524.74	-8.021
17525.74	-8.023
17526.74	-8.026
17527.74	-8.024
17528.74	-8.023
17529.74	-8.024
17530.74	-8.025
17531.74	-8.022
17532.74	-8.022
17533.74	-8.026
17534.74	-8.022
17535.74	-8.021
17536.74	-8.025
17537.74	-8.022
17538.74	-8.025
17539.74	-8.023
17540.74	-8.028
17541.74	-8.022
17542.74	-8.026
17543.74	-8.025
17544.74	-8.025
17545.74	-8.025
17546.74	-8.023
17547.74	-8.022
17548.74	-8.023
17549.74	-8.023
17550.74	-8.024
17551.74	-8.022
17552.74	-8.021
17553.74	-8.024
17554.74	-8.021
17555.74	-8.022
17556.74	-8.022
17557.74	-8.022
17558.74	-8.023
17559.74	-8.025
17560.74	-8.023
17561.74	-8.019
17562.74	-8.024
17563.74	-8.024
17564.74	-8.022
17565.74	-8.022
17566.74	-8.024
17567.74	-8.02
17568.74	-8.022
17569.74	-8.026
17570.74	-8.02
17571.74	-8.022
17572.74	-8.024
17573.74	-8.023
17574.74	-8.021
17575.74	-8.024
17576.74	-8.023
17577.74	-8.023
17578.74	-8.027
17579.74	-8.025
17580.74	-8.023
17581.74	-8.023
17582.74	-8.022
17583.74	-8.024
17584.74	-8.023
17585.74	-8.022
17586.74	-8.023
17587.74	-8.024
17588.74	-8.023
17589.74	-8.025
17590.74	-8.022
17591.74	-8.027
17592.74	-8.026
17593.74	-8.023
17594.74	-8.023
17595.74	-8.024
17596.74	-8.023
17597.74	-8.023
17598.74	-8.023
17599.74	-8.025
17600.74	-8.023
17601.74	-8.023
17602.74	-8.025
17603.74	-8.024
17604.74	-8.024
17605.74	-8.022
17606.74	-8.023
17607.74	-8.024
17608.74	-8.024
17609.74	-8.026
17610.74	-8.025
17611.74	-8.024
17612.74	-8.023
17613.74	-8.022
17614.74	-8.023
17615.74	-8.025
17616.74	-8.025
17617.74	-8.023
17618.74	-8.024
17619.74	-8.022
17620.74	-8.024
17621.74	-8.022
17622.74	-8.025
17623.74	-8.022
17624.74	-8.023
17625.74	-8.023
17626.74	-8.022
17627.74	-8.023
17628.74	-8.022
17629.74	-8.023
17630.74	-8.027
17631.74	-8.02
17632.74	-8.024
17633.74	-8.021
17634.74	-8.022
17635.74	-8.023
17636.74	-8.023
17637.74	-8.024
17638.74	-8.025
17639.74	-8.023
17640.74	-8.021
17641.74	-8.021
17642.74	-8.025
17643.74	-8.024
17644.74	-8.025
17645.74	-8.024
17646.74	-8.028
17647.74	-8.024
17648.74	-8.023
17649.74	-8.024
17650.74	-8.025
17651.74	-8.024
17652.74	-8.024
17653.74	-8.027
17654.74	-8.024
17655.74	-8.022
17656.74	-8.021
17657.74	-8.024
17658.74	-8.026
17659.74	-8.025
17660.74	-8.021
17661.74	-8.029
17662.74	-8.023
17663.74	-8.024
17664.74	-8.021
17665.74	-8.026
17666.74	-8.023
17667.74	-8.027
17668.74	-8.021
17669.74	-8.024
17670.74	-8.023
17671.74	-8.025
17672.74	-8.024
17673.74	-8.024
17674.74	-8.025
17675.74	-8.023
17676.74	-8.022
17677.74	-8.025
17678.74	-8.023
17679.74	-8.022
17680.74	-8.023
17681.74	-8.028
17682.74	-8.024
17683.74	-8.024
17684.74	-8.023
17685.74	-8.021
17686.74	-8.023
17687.74	-8.024
17688.74	-8.024
17689.74	-8.024
17690.74	-8.023
17691.74	-8.023
17692.74	-8.024
17693.74	-8.025
17694.74	-8.025
17695.74	-8.022
17696.74	-8.025
17697.74	-8.026
17698.74	-8.023
17699.74	-8.025
17700.74	-8.027
17701.74	-8.026
17702.74	-8.024
17703.74	-8.026
17704.74	-8.025
17705.74	-8.025
17706.74	-8.025
17707.74	-8.024
17708.74	-8.024
17709.74	-8.027
17710.74	-8.026
17711.74	-8.024
17712.74	-8.022
17713.74	-8.026
17714.74	-8.024
17715.74	-8.024
17716.74	-8.025
17717.74	-8.024
17718.74	-8.021
17719.74	-8.025
17720.74	-8.025
17721.74	-8.022
17722.74	-8.025
17723.74	-8.023
17724.74	-8.022
17725.74	-8.023
17726.74	-8.024
17727.74	-8.025
17728.74	-8.023
17729.74	-8.023
17730.74	-8.024
17731.74	-8.023
17732.74	-8.025
17733.74	-8.025
17734.74	-8.026
17735.74	-8.025
17736.74	-8.022
17737.74	-8.025
17738.74	-8.023
17739.74	-8.025
17740.74	-8.023
17741.74	-8.027
17742.74	-8.023
17743.74	-8.024
17744.74	-8.023
17745.74	-8.024
17746.74	-8.023
17747.74	-8.024
17748.74	-8.023
17749.74	-8.022
17750.74	-8.023
17751.74	-8.023
17752.74	-8.025
17753.74	-8.025
17754.74	-8.024
17755.74	-8.024
17756.74	-8.026
17757.74	-8.025
17758.74	-8.024
17759.74	-8.024
17760.74	-8.026
17761.74	-8.024
17762.74	-8.025
17763.74	-8.025
17764.74	-8.025
17765.74	-8.024
17766.74	-8.026
17767.74	-8.023
17768.74	-8.022
17769.74	-8.025
17770.74	-8.024
17771.74	-8.024
17772.74	-8.025
17773.74	-8.026
17774.74	-8.024
17775.74	-8.023
17776.74	-8.021
17777.74	-8.025
17778.74	-8.025
17779.74	-8.023
17780.74	-8.021
17781.74	-8.023
17782.74	-8.025
17783.74	-8.025
17784.74	-8.024
17785.74	-8.022
17786.74	-8.022
17787.74	-8.022
17788.74	-8.023
17789.74	-8.026
17790.74	-8.022
17791.74	-8.025
17792.74	-8.021
17793.74	-8.024
17794.74	-8.025
17795.74	-8.027
17796.74	-8.024
17797.74	-8.024
17798.74	-8.025
17799.74	-8.026
17800.74	-8.023
17801.74	-8.027
17802.74	-8.023
17803.74	-8.024
17804.74	-8.021
17805.74	-8.024
17806.74	-8.022
17807.74	-8.024
17808.74	-8.024
17809.74	-8.025
17810.74	-8.021
17811.74	-8.026
17812.74	-8.025
17813.74	-8.025
17814.74	-8.022
17815.74	-8.021
17816.74	-8.024
17817.74	-8.024
17818.74	-8.025
17819.74	-8.021
17820.74	-8.025
17821.74	-8.021
17822.74	-8.021
17823.74	-8.022
17824.74	-8.023
17825.74	-8.022
17826.74	-8.023
17827.74	-8.024
17828.74	-8.026
17829.74	-8.024
17830.74	-8.023
17831.74	-8.024
17832.74	-8.025
17833.74	-8.025
17834.74	-8.023
17835.74	-8.026
17836.74	-8.025
17837.74	-8.024
17838.74	-8.025
17839.74	-8.029
17840.74	-8.021
17841.74	-8.022
17842.74	-8.026
17843.74	-8.023
17844.74	-8.025
17845.74	-8.022
17846.74	-8.023
17847.74	-8.023
17848.74	-8.025
17849.74	-8.024
17850.74	-8.023
17851.74	-8.027
17852.74	-8.023
17853.74	-8.024
17854.74	-8.022
17855.74	-8.023
17856.74	-8.024
17857.74	-8.027
17858.74	-8.019
17859.74	-8.024
17860.74	-8.022
17861.74	-8.023
17862.74	-8.024
17863.74	-8.026
17864.74	-8.023
17865.74	-8.023
17866.74	-8.025
17867.74	-8.023
17868.74	-8.026
17869.74	-8.026
17870.74	-8.022
17871.74	-8.022
17872.74	-8.022
17873.74	-8.026
17874.74	-8.022
17875.74	-8.023
17876.74	-8.021
17877.74	-8.024
17878.74	-8.027
17879.74	-8.025
17880.74	-8.021
17881.74	-8.021
17882.74	-8.024
17883.74	-8.023
17884.74	-8.022
17885.74	-8.025
17886.74	-8.025
17887.74	-8.023
17888.74	-8.024
17889.74	-8.024
17890.74	-8.025
17891.74	-8.025
17892.74	-8.02
17893.74	-8.024
17894.74	-8.023
17895.74	-8.024
17896.74	-8.024
17897.74	-8.026
17898.74	-8.022
17899.74	-8.023
17900.74	-8.025
17901.74	-8.02
17902.74	-8.024
17903.74	-8.024
17904.74	-8.023
17905.74	-8.024
17906.74	-8.026
17907.74	-8.023
17908.74	-8.023
17909.74	-8.022
17910.74	-8.024
17911.74	-8.024
17912.74	-8.025
17913.74	-8.024
17914.74	-8.022
17915.74	-8.025
17916.74	-8.022
17917.74	-8.024
17918.74	-8.024
17919.74	-8.024
17920.74	-8.025
17921.74	-8.026
17922.74	-8.024
17923.74	-8.025
17924.74	-8.023
17925.74	-8.026
17926.74	-8.025
17927.74	-8.023
17928.74	-8.025
17929.74	-8.025
17930.74	-8.025
17931.74	-8.024
17932.74	-8.025
17933.74	-8.024
17934.74	-8.024
17935.74	-8.026
17936.74	-8.023
17937.74	-8.029
17938.74	-8.025
17939.74	-8.025
17940.74	-8.022
17941.74	-8.024
17942.74	-8.023
17943.74	-8.025
17944.74	-8.025
17945.74	-8.026
17946.74	-8.025
17947.74	-8.025
17948.74	-8.025
17949.74	-8.024
17950.74	-8.025
17951.74	-8.025
17952.74	-8.027
17953.74	-8.022
17954.74	-8.025
17955.74	-8.024
17956.74	-8.023
17957.74	-8.025
17958.74	-8.026
17959.74	-8.025
17960.74	-8.024
17961.74	-8.023
17962.74	-8.026
17963.74	-8.025
17964.74	-8.024
17965.74	-8.024
17966.74	-8.025
17967.74	-8.024
17968.74	-8.027
17969.74	-8.026
17970.74	-8.023
17971.74	-8.023
17972.74	-8.025
17973.74	-8.024
17974.74	-8.023
17975.74	-8.025
17976.74	-8.023
17977.74	-8.023
17978.74	-8.02
17979.74	-8.022
17980.74	-8.025
17981.74	-8.025
17982.74	-8.021
17983.74	-8.023
17984.74	-8.024
17985.74	-8.024
17986.74	-8.023
17987.74	-8.026
17988.74	-8.022
17989.74	-8.023
17990.74	-8.024
17991.74	-8.02
17992.74	-8.024
17993.74	-8.023
17994.74	-8.021
17995.74	-8.022
17996.74	-8.026
17997.74	-8.024
17998.74	-8.023
17999.74	-8.024
18000.74	-8.026
18001.74	-8.023
18002.74	-8.025
18003.74	-8.025
18004.74	-8.023
18005.74	-8.025
18006.74	-8.024
18007.74	-8.02
18008.74	-8.025
18009.74	-8.023
18010.74	-8.023
18011.74	-8.023
18012.74	-8.024
18013.74	-8.027
18014.74	-8.024
18015.74	-8.026
18016.74	-8.026
18017.74	-8.023
18018.74	-8.022
18019.74	-8.024
18020.74	-8.024
18021.74	-8.022
18022.74	-8.021
18023.74	-8.022
18024.74	-8.022
18025.74	-8.025
18026.74	-8.023
18027.74	-8.025
18028.74	-8.021
18029.74	-8.023
18030.74	-8.023
18031.74	-8.023
18032.74	-8.022
18033.74	-8.023
18034.74	-8.023
18035.74	-8.023
18036.74	-8.024
18037.74	-8.022
18038.74	-8.023
18039.74	-8.025
18040.74	-8.02
18041.74	-8.02
18042.74	-8.023
18043.74	-8.023
18044.74	-8.021
18045.74	-8.022
18046.74	-8.022
18047.74	-8.022
18048.74	-8.017
18049.74	-8.012
18050.74	-8.017
18051.74	-8.014
18052.74	-8.017
18053.74	-8.018
18054.74	-8.018
18055.74	-8.017
18056.74	-8.014
18057.74	-8.017
18058.74	-8.017
18059.74	-8.015
18060.74	-8.017
18061.74	-8.016
18062.74	-8.018
18063.74	-8.017
18064.74	-8.017
18065.74	-8.017
18066.74	-8.016
18067.74	-8.018
18068.74	-8.018
18069.74	-8.018
18070.74	-8.019
18071.74	-8.014
18072.74	-8.016
18073.74	-8.017
18074.74	-8.018
18075.74	-8.017
18076.74	-8.015
18077.74	-8.018
18078.74	-8.015
18079.74	-8.018
18080.74	-8.016
18081.74	-8.016
18082.74	-8.017
18083.74	-8.017
18084.74	-8.017
18085.74	-8.018
18086.74	-8.017
18087.74	-8.008
18088.74	-8.019
18089.74	-8.018
18090.74	-8.017
18091.74	-8.017
18092.74	-8.018
18093.74	-8.017
18094.74	-8.016
18095.74	-8.017
18096.74	-8.016
18097.74	-8.016
18098.74	-8.017
18099.74	-8.015
18100.74	-8.014
18101.74	-8.015
18102.74	-8.017
18103.74	-8.018
18104.74	-8.016
18105.74	-8.019
18106.74	-8.017
18107.74	-8.017
18108.74	-8.017
18109.74	-8.018
18110.74	-8.016
18111.74	-8.018
18112.74	-8.015
18113.74	-8.017
18114.74	-8.018
18115.74	-8.014
18116.74	-8.017
18117.74	-8.017
18118.74	-8.018
18119.74	-8.017
18120.74	-8.016
18121.74	-8.015
18122.74	-8.017
18123.74	-8.016
18124.74	-8.017
18125.74	-8.015
18126.74	-8.019
18127.74	-8.019
18128.74	-8.016
18129.74	-8.016
18130.74	-8.018
18131.74	-8.017
18132.74	-8.018
18133.74	-8.017
18134.74	-8.018
18135.74	-8.015
18136.74	-8.019
18137.74	-8.017
18138.74	-8.015
18139.74	-8.017
18140.74	-8.018
18141.74	-8.018
18142.74	-8.017
18143.74	-8.018
18144.74	-8.018
18145.74	-8.018
18146.74	-8.016
18147.74	-8.016
18148.74	-8.021
18149.74	-8.017
18150.74	-8.018
18151.74	-8.018
18152.74	-8.017
18153.74	-8.016
18154.74	-8.019
18155.74	-8.016
18156.74	-8.016
18157.74	-8.02
18158.74	-8.019
18159.74	-8.018
18160.74	-8.017
18161.74	-8.017
18162.74	-8.018
18163.74	-8.016
18164.74	-8.016
18165.74	-8.018
18166.74	-8.017
18167.74	-8.016
18168.74	-8.018
18169.74	-8.016
18170.74	-8.017
18171.74	-8.017
18172.74	-8.017
18173.74	-8.019
18174.74	-8.017
18175.74	-8.017
18176.74	-8.018
18177.74	-8.016
18178.74	-8.017
18179.74	-8.015
18180.74	-8.017
18181.74	-8.016
18182.74	-8.018
18183.74	-8.017
18184.74	-8.019
18185.74	-8.017
18186.74	-8.017
18187.74	-8.016
18188.74	-8.016
18189.74	-8.015
18190.74	-8.013
18191.74	-8.016
18192.74	-8.019
18193.74	-8.02
18194.74	-8.02
18195.74	-8.014
18196.74	-8.019
18197.74	-8.017
18198.74	-8.019
18199.74	-8.016
18200.74	-8.018
18201.74	-8.021
18202.74	-8.019
18203.74	-8.02
18204.74	-8.019
18205.74	-8.023
18206.74	-8.025
18207.74	-8.022
18208.74	-8.021
18209.74	-8.024
18210.74	-8.024
18211.74	-8.02
18212.74	-8.025
18213.74	-8.021
18214.74	-8.022
18215.74	-8.023
18216.74	-8.022
18217.74	-8.024
18218.74	-8.02
18219.74	-8.023
18220.74	-8.022
18221.74	-8.023
18222.74	-8.026
18223.74	-8.022
18224.74	-8.025
18225.74	-8.023
18226.74	-8.02
18227.74	-8.023
18228.74	-8.024
18229.74	-8.024
18230.74	-8.022
18231.74	-8.023
18232.74	-8.024
18233.74	-8.021
18234.74	-8.026
18235.74	-8.023
18236.74	-8.022
18237.74	-8.024
18238.74	-8.022
18239.74	-8.022
18240.74	-8.026
18241.74	-8.021
18242.74	-8.023
18243.74	-8.023
18244.74	-8.022
18245.74	-8.023
18246.74	-8.022
18247.74	-8.02
18248.74	-8.021
18249.74	-8.022
18250.74	-8.022
18251.74	-8.022
18252.74	-8.025
18253.74	-8.023
18254.74	-8.023
18255.74	-8.022
18256.74	-8.019
18257.74	-8.023
18258.74	-8.021
18259.74	-8.02
18260.74	-8.022
18261.74	-8.022
18262.74	-8.024
18263.74	-8.022
18264.74	-8.02
18265.74	-8.021
18266.74	-8.023
18267.74	-8.022
18268.74	-8.021
18269.74	-8.021
18270.74	-8.025
18271.74	-8.023
18272.74	-8.021
18273.74	-8.018
18274.74	-8.019
18275.74	-8.02
18276.74	-8.022
18277.74	-8.023
18278.74	-8.025
18279.74	-8.023
18280.74	-8.022
18281.74	-8.023
18282.74	-8.022
18283.74	-8.02
18284.74	-8.023
18285.74	-8.023
18286.74	-8.02
18287.74	-8.02
18288.74	-8.022
18289.74	-8.021
18290.74	-8.023
18291.74	-8.024
18292.74	-8.02
18293.74	-8.024
18294.74	-8.024
18295.74	-8.022
18296.74	-8.026
18297.74	-8.023
18298.74	-8.024
18299.74	-8.021
18300.74	-8.021
18301.74	-8.02
18302.74	-8.02
18303.74	-8.022
18304.74	-8.024
18305.74	-8.023
18306.74	-8.023
18307.74	-8.024
18308.74	-8.022
18309.74	-8.024
18310.74	-8.023
18311.74	-8.025
18312.74	-8.021
18313.74	-8.02
18314.74	-8.025
18315.74	-8.02
18316.74	-8.023
18317.74	-8.02
18318.74	-8.023
18319.74	-8.02
18320.74	-8.022
18321.74	-8.023
18322.74	-8.023
18323.74	-8.021
18324.74	-8.023
18325.74	-8.021
18326.74	-8.025
18327.74	-8.024
18328.74	-8.021
18329.74	-8.026
18330.74	-8.023
18331.74	-8.021
18332.74	-8.022
18333.74	-8.022
18334.74	-8.021
18335.74	-8.022
18336.74	-8.022
18337.74	-8.02
18338.74	-8.023
18339.74	-8.021
18340.74	-8.023
18341.74	-8.024
18342.74	-8.025
18343.74	-8.022
18344.74	-8.022
18345.74	-8.022
18346.74	-8.022
18347.74	-8.021
18348.74	-8.021
18349.74	-8.024
18350.74	-8.019
18351.74	-8.02
18352.74	-8.023
18353.74	-8.021
18354.74	-8.02
18355.74	-8.023
18356.74	-8.024
18357.74	-8.022
18358.74	-8.023
18359.74	-8.02
18360.74	-8.022
18361.74	-8.021
18362.74	-8.023
18363.74	-8.02
18364.74	-8.024
18365.74	-8.025
18366.74	-8.024
18367.74	-8.022
18368.74	-8.022
18369.74	-8.025
18370.74	-8.026
18371.74	-8.02
18372.74	-8.02
18373.74	-8.024
18374.74	-8.024
18375.74	-8.024
18376.74	-8.022
18377.74	-8.024
18378.74	-8.02
18379.74	-8.023
18380.74	-8.021
18381.74	-8.021
18382.74	-8.021
18383.74	-8.024
18384.74	-8.022
18385.74	-8.023
18386.74	-8.022
18387.74	-8.023
18388.74	-8.023
18389.74	-8.022
18390.74	-8.024
18391.74	-8.019
18392.74	-8.022
18393.74	-8.02
18394.74	-8.021
18395.74	-8.022
18396.74	-8.024
18397.74	-8.028
18398.74	-8.023
18399.74	-8.024
18400.74	-8.025
18401.74	-8.022
18402.74	-8.023
18403.74	-8.019
18404.74	-8.023
18405.74	-8.024
18406.74	-8.019
18407.74	-8.023
18408.74	-8.024
18409.74	-8.021
18410.74	-8.025
18411.74	-8.025
18412.74	-8.021
18413.74	-8.021
18414.74	-8.023
18415.74	-8.022
18416.74	-8.022
18417.74	-8.022
18418.74	-8.02
18419.74	-8.023
18420.74	-8.023
18421.74	-8.022
18422.74	-8.02
18423.74	-8.024
18424.74	-8.02
18425.74	-8.022
18426.74	-8.024
18427.74	-8.022
18428.74	-8.025
18429.74	-8.023
18430.74	-8.021
18431.74	-8.022
18432.74	-8.023
18433.74	-8.023
18434.74	-8.02
18435.74	-8.022
18436.74	-8.02
18437.74	-8.021
18438.74	-8.02
18439.74	-8.024
18440.74	-8.022
18441.74	-8.02
18442.74	-8.022
18443.74	-8.023
18444.74	-8.021
18445.74	-8.019
18446.74	-8.023
18447.74	-8.023
18448.74	-8.02
18449.74	-8.023
18450.74	-8.025
18451.74	-8.022
18452.74	-8.021
18453.74	-8.022
18454.74	-8.024
18455.74	-8.022
18456.74	-8.023
18457.74	-8.025
18458.74	-8.021
18459.74	-8.023
18460.74	-8.022
18461.74	-8.021
18462.74	-8.023
18463.74	-8.019
18464.74	-8.025
18465.74	-8.021
18466.74	-8.021
18467.74	-8.021
18468.74	-8.022
18469.74	-8.024
18470.74	-8.021
18471.74	-8.023
18472.74	-8.025
18473.74	-8.022
18474.74	-8.024
18475.74	-8.023
18476.74	-8.025
18477.74	-8.026
18478.74	-8.024
18479.74	-8.022
18480.74	-8.022
18481.74	-8.022
18482.74	-8.022
18483.74	-8.023
18484.74	-8.02
18485.74	-8.025
18486.74	-8.021
18487.74	-8.024
18488.74	-8.023
18489.74	-8.026
18490.74	-8.023
18491.74	-8.025
18492.74	-8.024
18493.74	-8.024
18494.74	-8.022
18495.74	-8.023
18496.74	-8.027
18497.74	-8.022
18498.74	-8.023
18499.74	-8.022
18500.74	-8.021
18501.74	-8.026
18502.74	-8.021
18503.74	-8.021
18504.74	-8.024
18505.74	-8.026
18506.74	-8.021
18507.74	-8.021
18508.74	-8.021
18509.74	-8.021
18510.74	-8.026
18511.74	-8.024
18512.74	-8.02
18513.74	-8.023
18514.74	-8.024
18515.74	-8.023
18516.74	-8.023
18517.74	-8.024
18518.74	-8.024
18519.74	-8.022
18520.74	-8.023
18521.74	-8.023
18522.74	-8.023
18523.74	-8.023
18524.74	-8.02
18525.74	-8.024
18526.74	-8.024
18527.74	-8.022
18528.74	-8.023
18529.74	-8.024
18530.74	-8.022
18531.74	-8.023
18532.74	-8.022
18533.74	-8.024
18534.74	-8.026
18535.74	-8.023
18536.74	-8.022
18537.74	-8.022
18538.74	-8.022
18539.74	-8.022
18540.74	-8.025
18541.74	-8.024
18542.74	-8.02
18543.74	-8.021
18544.74	-8.022
18545.74	-8.02
18546.74	-8.024
18547.74	-8.023
18548.74	-8.023
18549.74	-8.022
18550.74	-8.023
18551.74	-8.02
18552.74	-8.026
18553.74	-8.022
18554.74	-8.024
18555.74	-8.024
18556.74	-8.024
18557.74	-8.022
18558.74	-8.022
18559.74	-8.024
18560.74	-8.023
18561.74	-8.023
18562.74	-8.025
18563.74	-8.023
18564.74	-8.023
18565.74	-8.025
18566.74	-8.025
18567.74	-8.02
18568.74	-8.025
18569.74	-8.021
18570.74	-8.021
18571.74	-8.024
18572.74	-8.024
18573.74	-8.025
18574.74	-8.023
18575.74	-8.025
18576.74	-8.023
18577.74	-8.023
18578.74	-8.023
18579.74	-8.021
18580.74	-8.025
18581.74	-8.023
18582.74	-8.021
18583.74	-8.022
18584.74	-8.022
18585.74	-8.022
18586.74	-8.021
18587.74	-8.023
18588.74	-8.023
18589.74	-8.02
18590.74	-8.02
18591.74	-8.023
18592.74	-8.023
18593.74	-8.019
18594.74	-8.022
18595.74	-8.022
18596.74	-8.023
18597.74	-8.023
18598.74	-8.024
18599.74	-8.023
18600.74	-8.021
18601.74	-8.023
18602.74	-8.022
18603.74	-8.021
18604.74	-8.023
18605.74	-8.023
18606.74	-8.026
18607.74	-8.024
18608.74	-8.023
18609.74	-8.022
18610.74	-8.022
18611.74	-8.023
18612.74	-8.022
18613.74	-8.022
18614.74	-8.023
18615.74	-8.023
18616.74	-8.026
18617.74	-8.024
18618.74	-8.023
18619.74	-8.023
18620.74	-8.025
18621.74	-8.024
18622.74	-8.025
18623.74	-8.025
18624.74	-8.024
18625.74	-8.023
18626.74	-8.022
18627.74	-8.023
18628.74	-8.025
18629.74	-8.024
18630.74	-8.023
18631.74	-8.024
18632.74	-8.024
18633.74	-8.023
18634.74	-8.027
18635.74	-8.024
18636.74	-8.025
18637.74	-8.025
18638.74	-8.023
18639.74	-8.025
18640.74	-8.024
18641.74	-8.023
18642.74	-8.023
18643.74	-8.026
18644.74	-8.025
18645.74	-8.025
18646.74	-8.023
18647.74	-8.025
18648.74	-8.024
18649.74	-8.024
18650.74	-8.024
18651.74	-8.026
18652.74	-8.024
18653.74	-8.021
18654.74	-8.023
18655.74	-8.023
18656.74	-8.021
18657.74	-8.025
18658.74	-8.026
18659.74	-8.022
18660.74	-8.022
18661.74	-8.024
18662.74	-8.022
18663.74	-8.024
18664.74	-8.022
18665.74	-8.022
18666.74	-8.024
18667.74	-8.025
18668.74	-8.021
18669.74	-8.022
18670.74	-8.025
18671.74	-8.023
18672.74	-8.024
18673.74	-8.022
18674.74	-8.022
18675.74	-8.022
18676.74	-8.021
18677.74	-8.025
18678.74	-8.024
18679.74	-8.021
18680.74	-8.021
18681.74	-8.024
18682.74	-8.025
18683.74	-8.023
18684.74	-8.024
18685.74	-8.026
18686.74	-8.023
18687.74	-8.024
18688.74	-8.022
18689.74	-8.023
18690.74	-8.022
18691.74	-8.022
18692.74	-8.028
18693.74	-8.023
18694.74	-8.022
18695.74	-8.025
18696.74	-8.021
18697.74	-8.022
18698.74	-8.024
18699.74	-8.021
18700.74	-8.025
18701.74	-8.023
18702.74	-8.024
18703.74	-8.023
18704.74	-8.023
18705.74	-8.022
18706.74	-8.021
18707.74	-8.021
18708.74	-8.021
18709.74	-8.023
18710.74	-8.025
18711.74	-8.024
18712.74	-8.022
18713.74	-8.023
18714.74	-8.025
18715.74	-8.024
18716.74	-8.023
18717.74	-8.021
18718.74	-8.026
18719.74	-8.022
18720.74	-8.024
18721.74	-8.024
18722.74	-8.022
18723.74	-8.025
18724.74	-8.024
18725.74	-8.023
18726.74	-8.022
18727.74	-8.022
18728.74	-8.025
18729.74	-8.023
18730.74	-8.022
18731.74	-8.021
18732.74	-8.023
18733.74	-8.024
18734.74	-8.021
18735.74	-8.022
18736.74	-8.021
18737.74	-8.023
18738.74	-8.025
18739.74	-8.022
18740.74	-8.02
18741.74	-8.023
18742.74	-8.02
18743.74	-8.023
18744.74	-8.023
18745.74	-8.024
18746.74	-8.027
18747.74	-8.022
18748.74	-8.022
18749.74	-8.023
18750.74	-8.022
18751.74	-8.022
18752.74	-8.024
18753.74	-8.023
18754.74	-8.022
18755.74	-8.024
18756.74	-8.02
18757.74	-8.025
18758.74	-8.024
18759.74	-8.022
18760.74	-8.023
18761.74	-8.024
18762.74	-8.025
18763.74	-8.022
18764.74	-8.023
18765.74	-8.025
18766.74	-8.021
18767.74	-8.024
18768.74	-8.022
18769.74	-8.024
18770.74	-8.023
18771.74	-8.022
18772.74	-8.023
18773.74	-8.026
18774.74	-8.025
18775.74	-8.022
18776.74	-8.022
18777.74	-8.024
18778.74	-8.023
18779.74	-8.023
18780.74	-8.022
18781.74	-8.025
18782.74	-8.025
18783.74	-8.022
18784.74	-8.022
18785.74	-8.022
18786.74	-8.021
18787.74	-8.02
18788.74	-8.023
18789.74	-8.023
18790.74	-8.02
18791.74	-8.025
18792.74	-8.022
18793.74	-8.024
18794.74	-8.023
18795.74	-8.023
18796.74	-8.021
18797.74	-8.022
18798.74	-8.02
18799.74	-8.025
18800.74	-8.024
18801.74	-8.022
18802.74	-8.022
18803.74	-8.02
18804.74	-8.023
18805.74	-8.024
18806.74	-8.024
18807.74	-8.021
18808.74	-8.022
18809.74	-8.024
18810.74	-8.023
18811.74	-8.025
18812.74	-8.022
18813.74	-8.022
18814.74	-8.022
18815.74	-8.023
18816.74	-8.024
18817.74	-8.023
18818.74	-8.023
18819.74	-8.021
18820.74	-8.024
18821.74	-8.022
18822.74	-8.024
18823.74	-8.022
18824.74	-8.022
18825.74	-8.025
18826.74	-8.023
18827.74	-8.022
18828.74	-8.022
18829.74	-8.024
18830.74	-8.026
18831.74	-8.026
18832.74	-8.022
18833.74	-8.021
18834.74	-8.023
18835.74	-8.024
18836.74	-8.022
18837.74	-8.022
18838.74	-8.023
18839.74	-8.021
18840.74	-8.021
18841.74	-8.024
18842.74	-8.021
18843.74	-8.025
18844.74	-8.025
18845.74	-8.023
18846.74	-8.021
18847.74	-8.022
18848.74	-8.022
18849.74	-8.023
18850.74	-8.024
18851.74	-8.026
18852.74	-8.024
18853.74	-8.024
18854.74	-8.024
18855.74	-8.023
18856.74	-8.025
18857.74	-8.023
18858.74	-8.025
18859.74	-8.021
18860.74	-8.022
18861.74	-8.021
18862.74	-8.023
18863.74	-8.025
18864.74	-8.021
18865.74	-8.022
18866.74	-8.022
18867.74	-8.02
18868.74	-8.025
18869.74	-8.02
18870.74	-8.022
18871.74	-8.026
18872.74	-8.024
18873.74	-8.023
18874.74	-8.02
18875.74	-8.024
18876.74	-8.023
18877.74	-8.022
18878.74	-8.02
18879.74	-8.023
18880.74	-8.021
18881.74	-8.023
18882.74	-8.023
18883.74	-8.021
18884.74	-8.021
18885.74	-8.02
18886.74	-8.022
18887.74	-8.025
18888.74	-8.022
18889.74	-8.026
18890.74	-8.02
18891.74	-8.023
18892.74	-8.021
18893.74	-8.024
18894.74	-8.025
18895.74	-8.024
18896.74	-8.027
18897.74	-8.024
18898.74	-8.021
18899.74	-8.024
18900.74	-8.024
18901.74	-8.024
18902.74	-8.023
18903.74	-8.021
18904.74	-8.023
18905.74	-8.021
18906.74	-8.025
18907.74	-8.021
18908.74	-8.022
18909.74	-8.022
18910.74	-8.022
18911.74	-8.023
18912.74	-8.022
18913.74	-8.024
18914.74	-8.021
18915.74	-8.023
18916.74	-8.021
18917.74	-8.025
18918.74	-8.02
18919.74	-8.022
18920.74	-8.024
18921.74	-8.024
18922.74	-8.023
18923.74	-8.022
18924.74	-8.023
18925.74	-8.026
18926.74	-8.023
18927.74	-8.026
18928.74	-8.023
18929.74	-8.023
18930.74	-8.025
18931.74	-8.023
18932.74	-8.022
18933.74	-8.02
18934.74	-8.024
18935.74	-8.022
18936.74	-8.024
18937.74	-8.023
18938.74	-8.026
18939.74	-8.02
18940.74	-8.026
18941.74	-8.025
18942.74	-8.022
18943.74	-8.022
18944.74	-8.025
18945.74	-8.022
18946.74	-8.021
18947.74	-8.024
18948.74	-8.022
18949.74	-8.024
18950.74	-8.024
18951.74	-8.021
18952.74	-8.023
18953.74	-8.028
18954.74	-8.027
18955.74	-8.022
18956.74	-8.024
18957.74	-8.026
18958.74	-8.023
18959.74	-8.02
18960.74	-8.023
18961.74	-8.02
18962.74	-8.023
18963.74	-8.023
18964.74	-8.02
18965.74	-8.023
18966.74	-8.023
18967.74	-8.024
18968.74	-8.024
18969.74	-8.023
18970.74	-8.024
18971.74	-8.022
18972.74	-8.023
18973.74	-8.022
18974.74	-8.025
18975.74	-8.022
18976.74	-8.021
18977.74	-8.024
18978.74	-8.021
18979.74	-8.021
18980.74	-8.024
18981.74	-8.024
18982.74	-8.022
18983.74	-8.022
18984.74	-8.021
18985.74	-8.025
18986.74	-8.024
18987.74	-8.023
18988.74	-8.021
18989.74	-8.022
18990.74	-8.024
18991.74	-8.022
18992.74	-8.023
18993.74	-8.024
18994.74	-8.025
18995.74	-8.019
18996.74	-8.022
18997.74	-8.022
18998.74	-8.024
18999.74	-8.025
19000.74	-8.02
19001.74	-8.021
19002.74	-8.023
19003.74	-8.02
19004.74	-8.021
19005.74	-8.019
19006.74	-8.024
19007.74	-8.024
19008.74	-8.022
19009.74	-8.023
19010.74	-8.022
19011.74	-8.023
19012.74	-8.022
19013.74	-8.025
19014.74	-8.025
19015.74	-8.024
19016.74	-8.023
19017.74	-8.024
19018.74	-8.023
19019.74	-8.023
19020.74	-8.024
19021.74	-8.023
19022.74	-8.021
19023.74	-8.024
19024.74	-8.023
19025.74	-8.023
19026.74	-8.022
19027.74	-8.022
19028.74	-8.022
19029.74	-8.025
19030.74	-8.023
19031.74	-8.024
19032.74	-8.022
19033.74	-8.024
19034.74	-8.021
19035.74	-8.021
19036.74	-8.026
19037.74	-8.02
19038.74	-8.023
19039.74	-8.023
19040.74	-8.023
19041.74	-8.023
19042.74	-8.025
19043.74	-8.023
19044.74	-8.022
19045.74	-8.021
19046.74	-8.025
19047.74	-8.023
19048.74	-8.024
19049.74	-8.023
19050.74	-8.022
19051.74	-8.025
19052.74	-8.023
19053.74	-8.023
19054.74	-8.024
19055.74	-8.025
19056.74	-8.024
19057.74	-8.024
19058.74	-8.022
19059.74	-8.022
19060.74	-8.023
19061.74	-8.024
19062.74	-8.023
19063.74	-8.024
19064.74	-8.025
19065.74	-8.024
19066.74	-8.025
19067.74	-8.024
19068.74	-8.025
19069.74	-8.021
19070.74	-8.021
19071.74	-8.025
19072.74	-8.023
19073.74	-8.022
19074.74	-8.026
19075.74	-8.023
19076.74	-8.024
19077.74	-8.026
19078.74	-8.025
19079.74	-8.019
19080.74	-8.018
19081.74	-8.023
19082.74	-8.022
19083.74	-8.023
19084.74	-8.022
19085.74	-8.025
19086.74	-8.02
19087.74	-8.019
19088.74	-8.026
19089.74	-8.025
19090.74	-8.02
19091.74	-8.023
19092.74	-8.022
19093.74	-8.023
19094.74	-8.021
19095.74	-8.024
19096.74	-8.023
19097.74	-8.027
19098.74	-8.025
19099.74	-8.026
19100.74	-8.025
19101.74	-8.025
19102.74	-8.023
19103.74	-8.023
19104.74	-8.022
19105.74	-8.023
19106.74	-8.021
19107.74	-8.025
19108.74	-8.023
19109.74	-8.021
19110.74	-8.023
19111.74	-8.022
19112.74	-8.024
19113.74	-8.025
19114.74	-8.023
19115.74	-8.026
19116.74	-8.024
19117.74	-8.023
19118.74	-8.022
19119.74	-8.024
19120.74	-8.023
19121.74	-8.022
19122.74	-8.022
19123.74	-8.024
19124.74	-8.025
19125.74	-8.024
19126.74	-8.028
19127.74	-8.023
19128.74	-8.026
19129.74	-8.024
19130.74	-8.026
19131.74	-8.024
19132.74	-8.023
19133.74	-8.023
19134.74	-8.025
19135.74	-8.025
19136.74	-8.023
19137.74	-8.021
19138.74	-8.021
19139.74	-8.02
19140.74	-8.021
19141.74	-8.025
19142.74	-8.024
19143.74	-8.025
19144.74	-8.025
19145.74	-8.023
19146.74	-8.022
19147.74	-8.023
19148.74	-8.024
19149.74	-8.025
19150.74	-8.023
19151.74	-8.024
19152.74	-8.025
19153.74	-8.023
19154.74	-8.023
19155.74	-8.022
19156.74	-8.023
19157.74	-8.022
19158.74	-8.025
19159.74	-8.022
19160.74	-8.024
19161.74	-8.023
19162.74	-8.026
19163.74	-8.023
19164.74	-8.024
19165.74	-8.024
19166.74	-8.026
19167.74	-8.022
19168.74	-8.024
19169.74	-8.023
19170.74	-8.022
19171.74	-8.022
19172.74	-8.024
19173.74	-8.026
19174.74	-8.022
19175.74	-8.022
19176.74	-8.026
19177.74	-8.023
19178.74	-8.021
19179.74	-8.024
19180.74	-8.022
19181.74	-8.025
19182.74	-8.026
19183.74	-8.025
19184.74	-8.027
19185.74	-8.025
19186.74	-8.023
19187.74	-8.022
19188.74	-8.025
19189.74	-8.021
19190.74	-8.022
19191.74	-8.024
19192.74	-8.023
19193.74	-8.024
19194.74	-8.024
19195.74	-8.025
19196.74	-8.02
19197.74	-8.023
19198.74	-8.027
19199.74	-8.023
19200.74	-8.022
19201.74	-8.023
19202.74	-8.021
19203.74	-8.026
19204.74	-8.027
19205.74	-8.023
19206.74	-8.027
19207.74	-8.024
19208.74	-8.022
19209.74	-8.023
19210.74	-8.023
19211.74	-8.022
19212.74	-8.024
19213.74	-8.023
19214.74	-8.02
19215.74	-8.023
19216.74	-8.024
19217.74	-8.023
19218.74	-8.027
19219.74	-8.022
19220.74	-8.022
19221.74	-8.021
19222.74	-8.021
19223.74	-8.022
19224.74	-8.023
19225.74	-8.022
19226.74	-8.024
19227.74	-8.023
19228.74	-8.024
19229.74	-8.026
19230.74	-8.022
19231.74	-8.026
19232.74	-8.025
19233.74	-8.023
19234.74	-8.024
19235.74	-8.022
19236.74	-8.027
19237.74	-8.024
19238.74	-8.026
19239.74	-8.026
19240.74	-8.019
19241.74	-8.022
19242.74	-8.024
19243.74	-8.023
19244.74	-8.025
19245.74	-8.025
19246.74	-8.024
19247.74	-8.022
19248.74	-8.024
19249.74	-8.024
19250.74	-8.02
19251.74	-8.023
19252.74	-8.022
19253.74	-8.024
19254.74	-8.023
19255.74	-8.024
19256.74	-8.022
19257.74	-8.024
19258.74	-8.025
19259.74	-8.023
19260.74	-8.023
19261.74	-8.024
19262.74	-8.025
19263.74	-8.021
19264.74	-8.022
19265.74	-8.021
19266.74	-8.026
19267.74	-8.024
19268.74	-8.023
19269.74	-8.023
19270.74	-8.023
19271.74	-8.024
19272.74	-8.024
19273.74	-8.02
19274.74	-8.022
19275.74	-8.02
19276.74	-8.022
19277.74	-8.025
19278.74	-8.024
19279.74	-8.023
19280.74	-8.02
19281.74	-8.024
19282.74	-8.027
19283.74	-8.023
19284.74	-8.022
19285.74	-8.022
19286.74	-8.023
19287.74	-8.025
19288.74	-8.024
19289.74	-8.023
19290.74	-8.023
19291.74	-8.022
19292.74	-8.024
19293.74	-8.022
19294.74	-8.025
19295.74	-8.025
19296.74	-8.024
19297.74	-8.023
19298.74	-8.026
19299.74	-8.02
19300.74	-8.025
19301.74	-8.022
19302.74	-8.024
19303.74	-8.023
19304.74	-8.025
19305.74	-8.025
19306.74	-8.025
19307.74	-8.025
19308.74	-8.025
19309.74	-8.025
19310.74	-8.024
19311.74	-8.026
19312.74	-8.023
19313.74	-8.024
19314.74	-8.022
19315.74	-8.024
19316.74	-8.022
19317.74	-8.025
19318.74	-8.026
19319.74	-8.029
19320.74	-8.026
19321.74	-8.022
19322.74	-8.023
19323.74	-8.021
19324.74	-8.023
19325.74	-8.025
19326.74	-8.025
19327.74	-8.023
19328.74	-8.024
19329.74	-8.022
19330.74	-8.025
19331.74	-8.026
19332.74	-8.024
19333.74	-8.024
19334.74	-8.022
19335.74	-8.023
19336.74	-8.024
19337.74	-8.022
19338.74	-8.023
19339.74	-8.023
19340.74	-8.025
19341.74	-8.024
19342.74	-8.025
19343.74	-8.023
19344.74	-8.026
19345.74	-8.024
19346.74	-8.023
19347.74	-8.026
19348.74	-8.024
19349.74	-8.022
19350.74	-8.027
19351.74	-8.022
19352.74	-8.025
19353.74	-8.021
19354.74	-8.021
19355.74	-8.022
19356.74	-8.021
19357.74	-8.023
19358.74	-8.023
19359.74	-8.027
19360.74	-8.024
19361.74	-8.026
19362.74	-8.024
19363.74	-8.023
19364.74	-8.024
19365.74	-8.022
19366.74	-8.024
19367.74	-8.026
19368.74	-8.022
19369.74	-8.021
19370.74	-8.023
19371.74	-8.025
19372.74	-8.022
19373.74	-8.022
19374.74	-8.025
19375.74	-8.024
19376.74	-8.025
19377.74	-8.024
19378.74	-8.023
19379.74	-8.023
19380.74	-8.022
19381.74	-8.023
19382.74	-8.023
19383.74	-8.023
19384.74	-8.024
19385.74	-8.024
19386.74	-8.02
19387.74	-8.025
19388.74	-8.026
19389.74	-8.025
19390.74	-8.024
19391.74	-8.024
19392.74	-8.025
19393.74	-8.024
19394.74	-8.025
19395.74	-8.027
19396.74	-8.023
19397.74	-8.024
19398.74	-8.024
19399.74	-8.024
19400.74	-8.025
19401.74	-8.026
19402.74	-8.024
19403.74	-8.023
19404.74	-8.024
19405.74	-8.025
19406.74	-8.024
19407.74	-8.021
19408.74	-8.022
19409.74	-8.024
19410.74	-8.025
19411.74	-8.023
19412.74	-8.024
19413.74	-8.023
19414.74	-8.027
19415.74	-8.023
19416.74	-8.025
19417.74	-8.027
19418.74	-8.022
19419.74	-8.024
19420.74	-8.024
19421.74	-8.024
19422.74	-8.026
19423.74	-8.025
19424.74	-8.023
19425.74	-8.021
19426.74	-8.026
19427.74	-8.024
19428.74	-8.026
19429.74	-8.023
19430.74	-8.023
19431.74	-8.025
19432.74	-8.024
19433.74	-8.026
19434.74	-8.026
19435.74	-8.023
19436.74	-8.021
19437.74	-8.023
19438.74	-8.026
19439.74	-8.024
19440.74	-8.024
19441.74	-8.025
19442.74	-8.024
19443.74	-8.027
19444.74	-8.025
19445.74	-8.022
19446.74	-8.024
19447.74	-8.023
19448.74	-8.024
19449.74	-8.023
19450.74	-8.025
19451.74	-8.026
19452.74	-8.022
19453.74	-8.024
19454.74	-8.03
19455.74	-8.023
19456.74	-8.026
19457.74	-8.025
19458.74	-8.03
19459.74	-8.023
19460.74	-8.022
19461.74	-8.024
19462.74	-8.026
19463.74	-8.023
19464.74	-8.021
19465.74	-8.022
19466.74	-8.024
19467.74	-8.022
19468.74	-8.027
19469.74	-8.024
19470.74	-8.024
19471.74	-8.023
19472.74	-8.023
19473.74	-8.023
19474.74	-8.025
19475.74	-8.022
19476.74	-8.021
19477.74	-8.023
19478.74	-8.023
19479.74	-8.023
19480.74	-8.026
19481.74	-8.021
19482.74	-8.024
19483.74	-8.026
19484.74	-8.023
19485.74	-8.023
19486.74	-8.024
19487.74	-8.022
19488.74	-8.021
19489.74	-8.022
19490.74	-8.02
19491.74	-8.022
19492.74	-8.022
19493.74	-8.021
19494.74	-8.021
19495.74	-8.022
19496.74	-8.021
19497.74	-8.021
19498.74	-8.024
19499.74	-8.022
19500.74	-8.023
19501.74	-8.025
19502.74	-8.022
19503.74	-8.019
19504.74	-8.022
19505.74	-8.022
19506.74	-8.019
19507.74	-8.016
19508.74	-8.015
19509.74	-8.018
19510.74	-8.016
19511.74	-8.018
19512.74	-8.017
19513.74	-8.017
19514.74	-8.017
19515.74	-8.015
19516.74	-8.018
19517.74	-8.015
19518.74	-8.015
19519.74	-8.018
19520.74	-8.018
19521.74	-8.018
19522.74	-8.018
19523.74	-8.018
19524.74	-8.019
19525.74	-8.017
19526.74	-8.019
19527.74	-8.017
19528.74	-8.017
19529.74	-8.016
19530.74	-8.017
19531.74	-8.018
19532.74	-8.014
19533.74	-8.02
19534.74	-8.016
19535.74	-8.016
19536.74	-8.017
19537.74	-8.016
19538.74	-8.018
19539.74	-8.016
19540.74	-8.017
19541.74	-8.017
19542.74	-8.019
19543.74	-8.016
19544.74	-8.018
19545.74	-8.018
19546.74	-8.014
19547.74	-8.018
19548.74	-8.014
19549.74	-8.018
19550.74	-8.016
19551.74	-8.019
19552.74	-8.016
19553.74	-8.016
19554.74	-8.019
19555.74	-8.017
19556.74	-8.018
19557.74	-8.016
19558.74	-8.014
19559.74	-8.016
19560.74	-8.019
19561.74	-8.017
19562.74	-8.017
19563.74	-8.017
19564.74	-8.019
19565.74	-8.017
19566.74	-8.019
19567.74	-8.017
19568.74	-8.018
19569.74	-8.016
19570.74	-8.018
19571.74	-8.018
19572.74	-8.017
19573.74	-8.018
19574.74	-8.019
19575.74	-8.018
19576.74	-8.019
19577.74	-8.019
19578.74	-8.017
19579.74	-8.019
19580.74	-8.014
19581.74	-8.015
19582.74	-8.017
19583.74	-8.02
19584.74	-8.017
19585.74	-8.016
19586.74	-8.015
19587.74	-8.018
19588.74	-8.017
19589.74	-8.017
19590.74	-8.018
19591.74	-8.018
19592.74	-8.016
19593.74	-8.02
19594.74	-8.01
19595.74	-8.019
19596.74	-8.018
19597.74	-8.018
19598.74	-8.018
19599.74	-8.018
19600.74	-8.014
19601.74	-8.018
19602.74	-8.016
19603.74	-8.017
19604.74	-8.017
19605.74	-8.018
19606.74	-8.018
19607.74	-8.018
19608.74	-8.016
19609.74	-8.02
19610.74	-8.017
19611.74	-8.017
19612.74	-8.017
19613.74	-8.018
19614.74	-8.019
19615.74	-8.017
19616.74	-8.016
19617.74	-8.02
19618.74	-8.018
19619.74	-8.01
19620.74	-8.017
19621.74	-8.019
19622.74	-8.015
19623.74	-8.017
19624.74	-8.019
19625.74	-8.017
19626.74	-8.016
19627.74	-8.017
19628.74	-8.02
19629.74	-8.02
19630.74	-8.018
19631.74	-8.02
19632.74	-8.017
19633.74	-8.018
19634.74	-8.019
19635.74	-8.016
19636.74	-8.017
19637.74	-8.019
19638.74	-8.016
19639.74	-8.017
19640.74	-8.019
19641.74	-8.017
19642.74	-8.019
19643.74	-8.02
19644.74	-8.022
19645.74	-8.026
19646.74	-8.02
19647.74	-8.021
19648.74	-8.019
19649.74	-8.021
19650.74	-8.019
19651.74	-8.022
19652.74	-8.023
19653.74	-8.023
19654.74	-8.022
19655.74	-8.02
19656.74	-8.022
19657.74	-8.023
19658.74	-8.02
19659.74	-8.024
19660.74	-8.022
19661.74	-8.022
19662.74	-8.02
19663.74	-8.021
19664.74	-8.024
19665.74	-8.023
19666.74	-8.024
19667.74	-8.024
19668.74	-8.02
19669.74	-8.022
19670.74	-8.023
19671.74	-8.021
19672.74	-8.024
19673.74	-8.022
19674.74	-8.025
19675.74	-8.019
19676.74	-8.024
19677.74	-8.02
19678.74	-8.023
19679.74	-8.02
19680.74	-8.021
19681.74	-8.023
19682.74	-8.022
19683.74	-8.025
19684.74	-8.025
19685.74	-8.023
19686.74	-8.023
19687.74	-8.02
19688.74	-8.024
19689.74	-8.021
19690.74	-8.023
19691.74	-8.022
19692.74	-8.025
19693.74	-8.028
19694.74	-8.023
19695.74	-8.021
19696.74	-8.021
19697.74	-8.024
19698.74	-8.021
19699.74	-8.023
19700.74	-8.025
19701.74	-8.024
19702.74	-8.025
19703.74	-8.023
19704.74	-8.019
19705.74	-8.022
19706.74	-8.023
19707.74	-8.021
19708.74	-8.023
19709.74	-8.022
19710.74	-8.024
19710.76	24.79
19711.74	25
19712.74	25
19713.74	25
19714.74	25
19715.74	25
19716.74	25
19717.74	25
19718.74	24.99
19719.74	25
19720.74	25
19721.74	25
19722.74	25
19723.74	25
19724.74	25
19725.74	25
19726.74	25
19727.74	24.99
19728.74	25
19729.74	25
19730.74	24.99
19731.74	24.99
19732.74	25
19733.74	25
19734.74	25
19735.74	24.99
19736.74	25
19737.74	25
19738.74	24.99
19739.74	25
19740.74	25
19741.74	25
19742.74	24.99
19743.74	25
19744.74	25
19745.74	25
19746.74	25
19747.74	24.99
19748.74	25
19749.74	25
19750.74	24.99
19751.74	25
19752.74	25
19753.74	25
19754.74	25
19755.74	25
19756.74	24.99
19757.74	25
19758.74	25
19759.74	25
19760.74	25
19761.74	25
19762.74	25
19763.74	25
19764.74	25
19765.74	25
19766.74	24.99
19767.74	25
19768.74	24.99
19769.74	25
19770.74	24.99
19771.74	24.99
19772.74	24.99
19773.74	24.99
19774.74	25
19775.74	25
19776.74	24.99
19777.74	25
19778.74	25
19779.74	25
19780.74	24.99
19781.74	25
19782.74	25
19783.74	25
19784.74	25
19785.74	25
19786.74	25
19787.74	25
19788.74	24.99
19789.74	25
19790.74	25
19791.74	24.99
19792.74	25
19793.74	25
19794.74	25
19795.74	25
19796.74	25
19797.74	24.99
19798.74	25
19799.74	24.99
19800.74	25
19801.74	24.99
19802.74	25
19803.74	25
19804.74	25
19805.74	24.99
19806.74	25
19807.74	24.99
19808.74	25
19809.74	25
19810.74	25
19811.74	24.99
19812.74	25
19813.74	25
19814.74	25
19815.74	25
19816.74	25
19817.74	25
19818.74	24.99
19819.74	24.99
19820.74	25
19821.74	25
19822.74	25
19823.74	24.99
19824.74	25
19825.74	24.99
19826.74	24.99
19827.74	25
19828.74	25
19829.74	24.99
19830.74	25
19831.74	25
19832.74	25
19833.74	24.99
19834.74	25
19835.74	25
19836.74	25
19837.74	24.99
19838.74	24.99
19839.74	24.99
19840.74	25
19841.74	25
19842.74	25
19843.74	25
19844.74	24.99
19845.74	25
19846.74	25
19847.74	25
19848.74	24.99
19849.74	25
19850.74	25
19851.74	24.99
19852.74	25
19853.74	24.99
19854.74	25
19855.74	25
19856.74	25
19857.74	25
19858.74	25
19859.74	25
19860.74	25
19861.74	25
19862.74	24.99
19863.74	25
19864.74	24.99
19865.74	25
19866.74	25
19867.74	25
19868.74	24.99
19869.74	25
19870.74	24.99
19871.74	25
19872.74	24.99
19873.74	25
19874.74	25
19875.74	24.99
19876.74	25
19877.74	25
19878.74	25
19879.74	25
19880.74	24.99
19881.74	25
19882.74	24.99
19883.74	25
19884.74	25
19885.74	25
19886.74	25
19887.74	25
19888.74	25
19889.74	25
19890.74	25
19891.74	25
19892.74	25
19893.74	24.99
19894.74	25
19895.74	25
19896.74	24.99
19897.74	25
19898.74	25
19899.74	25
19900.74	25
19901.74	25
19902.74	25
19903.74	24.99
19904.74	25
19905.74	25
19906.74	25
19907.74	24.99
19908.74	25
19909.74	25
19910.74	24.99
19911.74	25
19912.74	25
19913.74	25
19914.74	24.99
19915.74	25
19916.74	24.99
19917.74	25
19918.74	24.99
19919.74	24.99
19920.74	24.99
19921.74	25
19922.74	25
19923.74	25
19924.74	24.99
19925.74	25
19926.74	25
19927.74	25
19928.74	25
19929.74	24.99
19930.74	25
19931.74	25
19932.74	25
19933.74	24.99
19934.74	25
19935.74	25
19936.74	25
19937.74	25
19938.74	25
19939.74	25
19940.74	25
19941.74	25
19942.74	24.99
19943.74	24.99
19944.74	25
19945.74	24.99
19946.74	24.99
19947.74	25
19948.74	25
19949.74	25
19950.74	24.99
19951.74	24.99
19952.74	25
19953.74	25
19954.74	25
19955.74	25
19956.74	24.99
19957.74	24.99
19958.74	25
19959.74	25
19960.74	25
19961.74	25
19962.74	25
19963.74	25
19964.74	25
19965.74	25
19966.74	25
19967.74	25
19968.74	24.99
19969.74	25
19970.74	24.99
19971.74	25
19972.74	25
19973.74	25
19974.74	24.99
19975.74	24.99
19976.74	25
19977.74	24.99
19978.74	24.99
19979.74	25
19980.74	25
19981.74	25
19982.74	25
19983.74	25
19984.74	24.99
19985.74	25
19986.74	25
19987.74	24.99
19988.74	25
19989.74	25
19990.74	25
19991.74	25
19992.74	24.99
19993.74	25
19994.74	24.99
19995.74	25
19996.74	25
19997.74	25
19998.74	25
19999.74	25
20000.74	25
20001.74	24.99
20002.74	24.99
20003.74	25
20004.74	25
20005.74	24.99
20006.74	25
20007.74	25
20008.74	24.99
20009.74	24.99
20010.74	24.99
20011.74	25
20012.74	24.99
20013.74	24.99
20014.74	25
20015.74	24.99
20016.74	24.99
20017.74	24.99
20018.74	25
20019.74	25
20020.74	25
20021.74	24.99
20022.74	25
20023.74	25
20024.74	24.99
20025.74	25
20026.74	25
20027.74	24.99
20028.74	25
20029.74	25
20030.74	24.99
20031.74	24.99
20032.74	24.99
20033.74	24.99
20034.74	24.99
20035.74	24.99
20036.74	24.99
20037.74	25
20038.74	24.99
20039.74	25
20040.74	25
20041.74	25
20042.74	25
20043.74	25
20044.74	25
20045.74	24.99
20046.74	25
20047.74	25
20048.74	24.99
20049.74	25
20050.74	25
20051.74	25
20052.74	24.99
20053.74	24.99
20054.74	25
20055.74	25
20056.74	24.99
20057.74	24.99
20058.74	25
20059.74	25
20060.74	25
20061.74	25
20062.74	24.99
20063.74	24.99
20064.74	25
20065.74	25
20066.74	25
20067.74	24.99
20068.74	24.99
20069.74	24.99
20070.74	25
20071.74	25
20072.74	24.99
20073.74	24.99
20074.74	24.99
20075.74	25
20076.74	25
20077.74	25
20078.74	25
20079.74	24.99
20080.74	25
20081.74	25
20082.74	25
20083.74	25
20084.74	24.99
20085.74	25
20086.74	25
20087.74	24.99
20088.74	25
20089.74	24.99
20090.74	24.99
20091.74	24.99
20092.74	24.99
20093.74	24.99
20094.74	24.99
20095.74	25
20096.74	24.99
20097.74	24.99
20098.74	25
20099.74	24.99
20100.74	25
20101.74	25
20102.74	24.99
20103.74	25
20104.74	25
20105.74	24.99
20106.74	24.99
20107.74	24.99
20108.74	24.99
20109.74	25
20110.74	25
20111.74	24.99
20112.74	24.99
20113.74	25
20114.74	25
20115.74	24.99
20116.74	25
20117.74	24.99
20118.74	25
20119.74	24.99
20120.74	24.99
20121.74	25
20122.74	25
20123.74	25
20124.74	24.99
20125.74	24.99
20126.74	24.99
20127.74	24.99
20128.74	25
20129.74	24.99
20130.74	24.99
20131.74	25
20132.74	24.99
20133.74	24.99
20134.74	24.99
20135.74	25
20136.74	25
20137.74	25
20138.74	24.99
20139.74	25
20140.74	25
20141.74	25
20142.74	25
20143.74	24.99
20144.74	25
20145.74	24.99
20146.74	24.99
20147.74	24.99
20148.74	25
20149.74	24.99
20150.74	25
20151.74	24.99
20152.74	25
20153.74	25
20154.74	24.99
20155.74	24.99
20156.74	25
20157.74	24.99
20158.74	24.99
20159.74	24.99
20160.74	24.99
20161.74	24.99
20162.74	25
20163.74	25
20164.74	25
20165.74	24.99
20166.74	24.99
20167.74	25
20168.74	25
20169.74	24.99
20170.74	25
20171.74	24.99
20172.74	25
20173.74	25
20174.74	25
20175.74	25
20176.74	25
20177.74	25
20178.74	24.99
20179.74	25
20180.74	25
20181.74	25
20182.74	25
20183.74	24.99
20184.74	25
20185.74	25
20186.74	24.99
20187.74	25
20188.74	25
20189.74	25
20190.74	25
20191.74	24.99
20192.74	25
20193.74	25
20194.74	24.99
20195.74	25
20196.74	25
20197.74	25
20198.74	25
20199.74	25
20200.74	24.99
20201.74	25
20202.74	25
20203.74	25
20204.74	25
20205.74	24.99
20206.74	24.99
20207.74	25
20208.74	25
20209.74	25
20210.74	25
20211.74	25
20212.74	25
20213.74	25
20214.74	25
20215.74	25
20216.74	25
20217.74	25
20218.74	25
20219.74	25
20220.74	25
20221.74	25
20222.74	24.99
20223.74	25
20224.74	24.99
20225.74	25
20226.74	25
20227.74	25
20228.74	25
20229.74	25
20230.74	25
20231.74	25
20232.74	24.99
20233.74	24.99
20234.74	25
20235.74	24.99
20236.74	24.99
20237.74	25
20238.74	24.99
20239.74	25
20240.74	25
20241.74	25
20242.74	25
20243.74	25
20244.74	25
20245.74	25
20246.74	25
20247.74	25
20248.74	25
20249.74	25
20250.74	25
20251.74	24.99
20252.74	25
20253.74	25
20254.74	25
20255.74	25
20256.74	24.99
20257.74	25
20258.74	25
20259.74	25
20260.74	25
20261.74	25
20262.74	25
20263.74	25
20264.74	25
20265.74	25
20266.74	25
20267.74	25
20268.74	25
20269.74	24.99
20270.74	24.99
20271.74	25
20272.74	25
20273.74	25
20274.74	24.99
20275.74	25
20276.74	24.99
20277.74	25
20278.74	25
20279.74	25
20280.74	25
20281.74	25
20282.74	24.99
20283.74	24.99
20284.74	25
20285.74	25
20286.74	25
20287.74	25
20288.74	25
20289.74	25
20290.74	24.99
20291.74	24.99
20292.74	25
20293.74	24.99
20294.74	25
20295.74	25
20296.74	25
20297.74	25
20298.74	25
20299.74	25
20300.74	25
20301.74	24.99
20302.74	25
20303.74	25
20304.74	25
20305.74	25
20306.74	25
20307.74	25
20308.74	24.99
20309.74	25
20310.74	25
20311.74	24.99
20312.74	25
20313.74	25
20314.74	24.99
20315.74	24.99
20316.74	25
20317.74	25
20318.74	25
20319.74	24.99
20320.74	25
20321.74	25
20322.74	25
20323.74	24.99
20324.74	24.99
20325.74	25
20326.74	24.99
20327.74	25
20328.74	24.99
20329.74	24.99
20330.74	25
20331.74	25
20332.74	24.99
20333.74	25
20334.74	25
20335.74	25
20336.74	25
20337.74	24.99
20338.74	24.99
20339.74	25
20340.74	25
20341.74	25
20342.74	25
20343.74	25
20344.74	25
20345.74	24.99
20346.74	25
20347.74	25
20348.74	25
20349.74	25
20350.74	25
20351.74	25
20352.74	24.99
20353.74	25
20354.74	25
20355.74	25
20356.74	25
20357.74	24.99
20358.74	25
20359.74	25
20360.74	25
20361.74	25
20362.74	25
20363.74	24.99
20364.74	25
20365.74	25
20366.74	25
20367.74	24.99
20368.74	24.99
20369.74	25
20370.74	25
20371.74	24.99
20372.74	25
20373.74	24.99
20374.74	25
20375.74	25
20376.74	24.99
20377.74	25
20378.74	25
20379.74	25
20380.74	25
20381.74	24.99
20382.74	25
20383.74	24.99
20384.74	25
20385.74	25
20386.74	24.99
20387.74	25
20388.74	25
20389.74	24.99
20390.74	25
20391.74	24.99
20392.74	25
20393.74	24.99
20394.74	25
20395.74	25
20396.74	25
20397.74	25
20398.74	25
20399.74	24.99
20400.74	24.99
20401.74	24.99
20402.74	24.99
20403.74	24.99
20404.74	24.99
20405.74	24.99
20406.74	25
20407.74	24.99
20408.74	24.99
20409.74	24.99
20410.74	25
20411.74	24.99
20412.74	25
20413.74	25
20414.74	24.99
20415.74	24.99
20416.74	24.99
20417.74	24.99
20418.74	25
20419.74	25
20420.74	24.99
20421.74	25
20422.74	24.99
20423.74	24.99
20424.74	25
20425.74	24.99
20426.74	25
20427.74	24.99
20428.74	25
20429.74	25
20430.74	25
20431.74	24.99
20432.74	25
20433.74	25
20434.74	25
20435.74	24.99
20436.74	25
20437.74	25
20438.74	25
20439.74	25
20440.74	25
20441.74	24.99
20442.74	24.99
20443.74	25
20444.74	25
20445.74	25
20446.74	25
20447.74	25
20448.74	25
20449.74	25
20450.74	25
20451.74	25
20452.74	24.99
20453.74	24.99
20454.74	25
20455.74	24.99
20456.74	25
20457.74	25
20458.74	24.99
20459.74	25
20460.74	25
20461.74	25
20462.74	25
20463.74	25
20464.74	25
20465.74	25
20466.74	25
20467.74	25
20468.74	25
20469.74	25
20470.74	25
20471.74	24.99
20472.74	25
20473.74	24.99
20474.74	24.99
20475.74	25
20476.74	24.99
20477.74	25
20478.74	24.99
20479.74	25
20480.74	25
20481.74	25
20482.74	24.99
20483.74	25
20484.74	24.99
20485.74	25
20486.74	25
20487.74	25
20488.74	25
20489.74	25
20490.74	25
20491.74	25
20492.74	25
20493.74	25
20494.74	24.99
20495.74	25
20496.74	24.99
20497.74	25
20498.74	25
20499.74	24.99
20500.74	25
20501.74	24.99
20502.74	25
20503.74	24.99
20504.74	25
20505.74	25
20506.74	24.99
20507.74	25
20508.74	25
20509.74	25
20510.74	24.99
20511.74	25
20512.74	25
20513.74	25
20514.74	25
20515.74	25
20516.74	24.99
20517.74	25
20518.74	25
20519.74	25
20520.74	25
20521.74	24.99
20522.74	24.99
20523.74	25
20524.74	25
20525.74	25
20526.74	25
20527.74	24.99
20528.74	25
20529.74	25
20530.74	24.99
20531.74	24.99
20532.74	25
20533.74	25
20534.74	24.99
20535.74	25
20536.74	25
20537.74	25
20538.74	24.99
20539.74	24.99
20540.74	25
20541.74	24.99
20542.74	24.99
20543.74	24.99
20544.74	25
20545.74	25
20546.74	24.99
20547.74	25
20548.74	24.99
20549.74	25
20550.74	25
20551.74	25
20552.74	24.99
20553.74	25
20554.74	25
20555.74	25
20556.74	25
20557.74	24.99
20558.74	24.99
20559.74	24.99
20560.74	25
20561.74	25
20562.74	25
20563.74	25
20564.74	25
20565.74	25
20566.74	25
20567.74	25
20568.74	24.99
20569.74	24.99
20570.74	24.99
20571.74	24.99
20572.74	24.99
20573.74	24.99
20574.74	25
20575.74	25
20576.74	25
20577.74	24.99
20578.74	25
20579.74	24.99
20580.74	24.99
20581.74	24.99
20582.74	25
20583.74	25
20584.74	24.99
20585.74	25
20586.74	24.99
20587.74	24.99
20588.74	25
20589.74	25
20590.74	25
20591.74	25
20592.74	24.99
20593.74	24.99
20594.74	24.99
20595.74	25
20596.74	25
20597.74	24.99
20598.74	25
20599.74	24.99
20600.74	25
20601.74	24.99
20602.74	25
20603.74	24.99
20604.74	24.99
20605.74	24.99
20606.74	24.99
20607.74	24.99
20608.74	25
20609.74	24.99
20610.74	25
20611.74	25
20612.74	24.99
20613.74	24.99
20614.74	24.99
20615.74	24.99
20616.74	24.99
20617.74	24.99
20618.74	24.99
20619.74	25
20620.74	24.99
20621.74	24.99
20622.74	24.99
20623.74	25
20624.74	24.99
20625.74	25
20626.74	24.99
20627.74	25
20628.74	25
20629.74	24.99
20630.74	24.99
20631.74	24.99
20632.74	24.99
20633.74	25
20634.74	24.99
20635.74	24.99
20636.74	25
20637.74	25
20638.74	24.99
20639.74	24.99
20640.74	25
20641.74	24.99
20642.74	24.99
20643.74	25
20644.74	25
20645.74	25
20646.74	25
20647.74	25
20648.74	25
20649.74	24.99
20650.74	24.99
20651.74	25
20652.74	25
20653.74	25
20654.74	25
20655.74	25
20656.74	25
20657.74	25
20658.74	25
20659.74	25
20660.74	25
20661.74	24.99
20662.74	25
20663.74	25
20664.74	25
20665.74	25
20666.74	25
20667.74	25
20668.74	25
20669.74	24.99
20670.74	25
20671.74	25
20672.74	24.99
20673.74	24.99
20674.74	24.99
20675.74	25
20676.74	25
20677.74	25
20678.74	25
20679.74	25
20680.74	24.99
20681.74	25
20682.74	25
20683.74	25
20684.74	25
20685.74	25
20686.74	25
20687.74	25
20688.74	25
20689.74	25
20690.74	25
20691.74	25
20692.74	25
20693.74	25
20694.74	25
20695.74	25
20696.74	25
20697.74	25
20698.74	25
20699.74	25
20700.74	25
20701.74	25
20702.74	25
20703.74	25
20704.74	24.99
20705.74	24.99
20706.74	24.99
20707.74	25
20708.74	25
20709.74	25
20710.74	24.99
20711.74	25
20712.74	25
20713.74	25
20714.74	25
20715.74	24.99
20716.74	25
20717.74	25
20718.74	24.99
20719.74	25
20720.74	25
20721.74	25
20722.74	25
20723.74	25
20724.74	25
20725.74	25
20726.74	24.99
20727.74	24.99
20728.74	25
20729.74	25
20730.74	25
20731.74	25
20732.74	25
20733.74	25
20734.74	25
20735.74	24.99
20736.74	25
20737.74	24.99
20738.74	25
20739.74	25
20740.74	25
20741.74	25
20742.74	24.99
20743.74	25
20744.74	24.99
20745.74	25
20746.74	25
20747.74	25
20748.74	25
20749.74	25
20750.74	25
20751.74	25
20752.74	25
20753.74	24.99
20754.74	25
20755.74	25
20756.74	25
20757.74	25
20758.74	25
20759.74	25
20760.74	25
20761.74	25
20762.74	25
20763.74	25
20764.74	25
20765.74	25
20766.74	24.99
20767.74	25
20768.74	25
20769.74	25
20770.74	24.99
20771.74	25
20772.74	24.99
20773.74	24.99
20774.74	25
20775.74	24.99
20776.74	25
20777.74	25
20778.74	25
20779.74	25
20780.74	24.99
20781.74	25
20782.74	25
20783.74	25
20784.74	24.99
20785.74	25
20786.74	24.99
20787.74	24.99
20788.74	24.99
20789.74	25
20790.74	25
20791.74	25
20792.74	24.99
20793.74	25
20794.74	25
20795.74	25
20796.74	25
20797.74	24.99
20798.74	25
20799.74	25
20800.74	25
20801.74	25
20802.74	25
20803.74	25
20804.74	24.99
20805.74	25
20806.74	24.99
20807.74	25
20808.74	25
20809.74	25
20810.74	25
20811.74	24.99
20812.74	24.99
20813.74	24.99
20814.74	25
20815.74	24.99
20816.74	25
20817.74	25
20818.74	24.99
20819.74	24.99
20820.74	25
20821.74	25
20822.74	24.99
20823.74	24.99
20824.74	25
20825.74	25
20826.74	25
20827.74	25
20828.74	25
20829.74	24.99
20830.74	24.99
20831.74	25
20832.74	24.99
20833.74	24.99
20834.74	24.99
20835.74	24.99
20836.74	24.99
20837.74	24.99
20838.74	25
20839.74	25
20840.74	25
20841.74	25
20842.74	24.99
20843.74	25
20844.74	25
20845.74	25
20846.74	25
20847.74	25
20848.74	25
20849.74	25
20850.74	25
20851.74	24.99
20852.74	24.99
20853.74	25
20854.74	25
20855.74	25
20856.74	25
20857.74	24.99
20858.74	25
20859.74	24.99
20860.74	24.99
20861.74	25
20862.74	24.99
20863.74	24.99
20864.74	24.99
20865.74	24.99
20866.74	24.99
20867.74	24.99
20868.74	24.99
20869.74	24.99
20870.74	24.99
20871.74	24.99
20872.74	24.99
20873.74	25
20874.74	24.99
20875.74	24.99
20876.74	24.99
20877.74	24.99
20878.74	24.99
20879.74	24.99
20880.74	24.99
20881.74	25
20882.74	24.99
20883.74	25
20884.74	25
20885.74	24.99
20886.74	24.99
20887.74	25
20888.74	24.99
20889.74	24.99
20890.74	25
20891.74	24.99
20892.74	24.99
20893.74	25
20894.74	25
20895.74	25
20896.74	25
20897.74	25
20898.74	25
20899.74	24.99
20900.74	24.99
20901.74	24.99
20902.74	25
20903.74	25
20904.74	24.99
20905.74	24.99
20906.74	24.99
20907.74	24.99
20908.74	24.99
20909.74	24.99
20910.74	24.99
20911.74	24.99
20912.74	24.99
20913.74	24.99
20914.74	24.99
20915.74	24.99
20916.74	24.99
20917.74	25
20918.74	24.99
20919.74	25
20920.74	24.99
20921.74	24.99
20922.74	25
20923.74	25
20924.74	24.99
20925.74	24.99
20926.74	25
20927.74	24.99
20928.74	25
20929.74	24.99
20930.74	25
20931.74	25
20932.74	24.99
20933.74	25
20934.74	24.99
20935.74	24.99
20936.74	24.99
20937.74	25
20938.74	25
20939.74	25
20940.74	25
20941.74	25
20942.74	25
20943.74	25
20944.74	24.99
20945.74	25
20946.74	25
20947.74	25
20948.74	25
20949.74	25
20950.74	25
20951.74	25
20952.74	25
20953.74	25
20954.74	25
20955.74	25
20956.74	25
20957.74	25
20958.74	25
20959.74	24.99
20960.74	25
20961.74	25
20962.74	25
20963.74	25
20964.74	25
20965.74	24.99
20966.74	25
20967.74	25
20968.74	25
20969.74	24.99
20970.74	25
20971.74	24.99
20972.74	24.99
20973.74	25
20974.74	24.99
20975.74	25
20976.74	25
20977.74	25
20978.74	25
20979.74	24.99
20980.74	25
20981.74	25
20982.74	24.99
20983.74	25
20984.74	25
20985.74	25
20986.74	24.99
20987.74	25
20988.74	24.99
20989.74	25
20990.74	25
20991.74	25
20992.74	25
20993.74	25
20994.74	25
20995.74	25
20996.74	25
20997.74	24.99
20998.74	25
20999.74	24.99
21000.74	25
21001.74	25
21002.74	24.99
21003.74	25
21004.74	24.99
21005.74	25
21006.74	24.99
21007.74	24.99
21008.74	25
21009.74	24.99
21010.74	24.99
21011.74	25
21012.74	24.99
21013.74	25
21014.74	25
21015.74	24.99
21016.74	24.99
21017.74	24.99
21018.74	25
21019.74	25
21020.74	24.99
21021.74	24.99
21022.74	25
21023.74	24.99
21024.74	25
21025.74	25
21026.74	24.99
21027.74	25
21028.74	25
21029.74	24.99
21030.74	24.99
21031.74	25
21032.74	24.99
21033.74	25
21034.74	25
21035.74	25
21036.74	24.99
21037.74	24.99
21038.74	25
21039.74	25
21040.74	24.99
21041.74	25
21042.74	24.99
21043.74	25
21044.74	24.99
21045.74	25
21046.74	25
21047.74	24.99
21048.74	24.99
21049.74	24.99
21050.74	25
21051.74	25
21052.74	24.99
21053.74	24.99
21054.74	25
21055.74	24.99
21056.74	24.99
21057.74	24.99
21058.74	24.99
21059.74	25
21060.74	24.99
21061.74	24.99
21062.74	25
21063.74	24.99
21064.74	25
21065.74	25
21066.74	24.99
21067.74	25
21068.74	24.99
21069.74	25
21070.74	25
21071.74	24.99
21072.74	24.99
21073.74	24.99
21074.74	25
21075.74	25
21076.74	24.99
21077.74	25
21078.74	25
21079.74	24.99
21080.74	25
21081.74	24.99
21082.74	25
21083.74	25
21084.74	25
21085.74	24.99
21086.74	25
21087.74	24.99
21088.74	25
21089.74	24.99
21090.74	24.99
21091.74	25
21092.74	24.99
21093.74	25
21094.74	25
21095.74	25
21096.74	24.99
21097.74	25
21098.74	25
21099.74	24.99
21100.74	25
21101.74	25
21102.74	25
21103.74	24.99
21104.74	25
21105.74	24.99
21106.74	24.99
21107.74	25
21108.74	24.99
21109.74	25
21110.74	24.99
21111.74	24.99
21112.74	25
21113.74	24.99
21114.74	25
21115.74	24.99
21116.74	24.99
21117.74	24.99
21118.74	24.99
21119.74	24.99
21120.74	24.99
21121.74	25
21122.74	24.99
21123.74	24.99
21124.74	24.99
21125.74	25
21126.74	24.99
21127.74	24.99
21128.74	24.99
21129.74	24.99
21130.74	24.99
21131.74	24.99
21132.74	24.99
21133.74	25
21134.74	24.99
21135.74	24.99
21136.74	24.99
21137.74	24.99
21138.74	24.99
21139.74	24.99
21140.74	24.99
21141.74	24.99
21142.74	24.99
21143.74	24.99
21144.74	24.99
21145.74	25
21146.74	24.99
21147.74	24.99
21148.74	25
21149.74	24.99
21150.74	25
21151.74	24.99
21152.74	24.99
21153.74	25
21154.74	24.99
21155.74	24.99
21156.74	24.99
21157.74	25
21158.74	24.99
21159.74	24.99
21160.74	25
21161.74	24.99
21162.74	24.99
21163.74	24.99
21164.74	25
21165.74	25
21166.74	25
21167.74	24.99
21168.74	24.99
21169.74	24.99
21170.74	25
21171.74	25
21172.74	24.99
21173.74	25
21174.74	25
21175.74	24.99
21176.74	24.99
21177.74	25
21178.74	25
21179.74	25
21180.74	25
21181.74	25
21182.74	24.99
21183.74	24.99
21184.74	25
21185.74	25
21186.74	25
21187.74	25
21188.74	25
21189.74	25
21190.74	25
21191.74	25
21192.74	25
21193.74	25
21194.74	24.99
21195.74	25
21196.74	25
21197.74	25
21198.74	25
21199.74	25
21200.74	25
21201.74	24.99
21202.74	25
21203.74	25
21204.74	25
21205.74	25
21206.74	25
21207.74	25
21208.74	25
21209.74	25
21210.74	25
21211.74	25
21212.74	25
21213.74	25
21214.74	25
21215.74	25
21216.74	25
21217.74	25
21218.74	25
21219.74	25
21220.74	25
21221.74	24.99
21222.74	25
21223.74	24.99
21224.74	25
21225.74	25
21226.74	25
21227.74	25
21228.74	25
21229.74	25
21230.74	25
21231.74	25
21232.74	25
21233.74	25
21234.74	25
21235.74	25
21236.74	25
21237.74	25
21238.74	25
21239.74	24.99
21240.74	25
21241.74	25
21242.74	24.99
21243.74	24.99
21244.74	25
21245.74	24.99
21246.74	25
21247.74	25
21248.74	25
21249.74	24.99
21250.74	24.99
21251.74	25
21252.74	25
21253.74	24.99
21254.74	24.99
21255.74	25
21256.74	25
21257.74	25
21258.74	24.99
21259.74	24.99
21260.74	25
21261.74	25
21262.74	24.99
21263.74	25
21264.74	24.99
21265.74	24.99
21266.74	25
21267.74	24.99
21268.74	24.99
21269.74	25
21270.74	25
21271.74	25
21272.74	25
21273.74	25
21274.74	25
21275.74	24.99
21276.74	24.99
21277.74	25
21278.74	25
21279.74	25
21280.74	25
21281.74	24.99
21282.74	25
21283.74	25
21284.74	24.99
21285.74	25
21286.74	24.99
21287.74	24.99
21288.74	25
21289.74	24.99
21290.74	25
21291.74	24.99
21292.74	24.99
21293.74	25
21294.74	25
21295.74	25
21296.74	24.99
21297.74	24.99
21298.74	25
21299.74	24.99
21300.74	25
21301.74	25
21302.74	24.99
21303.74	24.99
21304.74	24.99
21305.74	25
21306.74	25
21307.74	24.99
21308.74	25
21309.74	25
21310.74	25
21311.74	24.99
21312.74	24.99
21313.74	25
21314.74	25
21315.74	25
21316.74	25
21317.74	25
21318.74	24.99
21319.74	24.99
21320.74	25
21321.74	25
21322.74	25
21323.74	24.99
21324.74	25
21325.74	24.99
21326.74	25
21327.74	25
21328.74	25
21329.74	25
21330.74	24.99
21331.74	25
21332.74	25
21333.74	25
21334.74	25
21335.74	25
21336.74	24.99
21337.74	24.99
21338.74	25
21339.74	25
21340.74	24.99
21341.74	25
21342.74	24.99
21343.74	25
21344.74	25
21345.74	24.99
21346.74	24.99
21347.74	25
21348.74	24.99
21349.74	24.99
21350.74	24.99
21351.74	24.99
21352.74	25
21353.74	24.99
21354.74	24.99
21355.74	24.99
21356.74	24.99
21357.74	25
21358.74	25
21359.74	24.99
21360.74	24.99
21361.74	24.99
21362.74	24.99
21363.74	24.99
21364.74	25
21365.74	24.99
21366.74	24.99
21367.74	25
21368.74	25
21369.74	24.99
21370.74	24.99
21371.74	24.99
21372.74	24.99
21373.74	24.99
21374.74	25
21375.74	24.99
21376.74	25
21377.74	24.99
21378.74	24.99
21379.74	24.99
21380.74	24.99
21381.74	25
21382.74	25
21383.74	24.99
21384.74	24.99
21385.74	25
21386.74	24.99
21387.74	25
21388.74	24.99
21389.74	24.99
21390.74	25
21391.74	24.99
21392.74	24.99
21393.74	25
21394.74	25
21395.74	25
21396.74	25
21397.74	25
21398.74	24.99
21399.74	25
21400.74	25
21401.74	24.99
21402.74	25
21403.74	25
21404.74	24.99
21405.74	25
21406.74	25
21407.74	24.99
21408.74	25
21409.74	25
21410.74	25
21411.74	25
21412.74	25
21413.74	25
21414.74	24.99
21415.74	24.99
21416.74	24.99
21417.74	24.99
21418.74	25
21419.74	24.99
21420.74	24.99
21421.74	25
21422.74	25
21423.74	24.99
21424.74	24.99
21425.74	25
21426.74	25
21427.74	25
21428.74	24.99
21429.74	25
21430.74	24.99
21431.74	25
21432.74	25
21433.74	24.99
21434.74	24.99
21435.74	24.99
21436.74	25
21437.74	25
21438.74	24.99
21439.74	24.99
21440.74	25
21441.74	25
21442.74	24.99
21443.74	25
21444.74	25
21445.74	25
21446.74	25
21447.74	24.99
21448.74	24.99
21449.74	25
21450.74	25
21451.74	25
21452.74	25
21453.74	24.99
21454.74	25
21455.74	25
21456.74	25
21457.74	24.99
21458.74	25
21459.74	25
21460.74	25
21461.74	25
21462.74	24.99
21463.74	24.99
21464.74	25
21465.74	25
21466.74	24.99
21467.74	25
21468.74	24.99
21469.74	24.99
21470.74	24.99
21471.74	25
21472.74	25
21473.74	24.99
21474.74	25
21475.74	25
21476.74	25
21477.74	24.99
21478.74	25
21479.74	25
21480.74	25
21481.74	25
21482.74	25
21483.74	25
21484.74	25
21485.74	25
21486.74	25
21487.74	25
21488.74	25
21489.74	25
21490.74	25
21491.74	25
21492.74	25
21493.74	25
21494.74	25
21495.74	25
21496.74	25
21497.74	25
21498.74	25
21499.74	25
21500.74	25
21501.74	25
21502.74	25
21503.74	25
21504.74	25
21505.74	25
21506.74	25
21507.74	25
21508.74	25
21509.74	25
21510.74	25
21510.76	25
21511.74	-8.02
21512.74	-8.019
21513.74	-8.024
21514.74	-8.021
21515.74	-8.022
21516.74	-8.021
21517.74	-8.024
21518.74	-8.021
21519.74	-8.021
21520.74	-8.023
21521.74	-8.021
21522.74	-8.022
21523.74	-8.024
21524.74	-8.023
21525.74	-8.023
21526.74	-8.023
21527.74	-8.023
21528.74	-8.018
21529.74	-8.022
21530.74	-8.022
21531.74	-8.02
21532.74	-8.022
21533.74	-8.022
21534.74	-8.022
21535.74	-8.02
21536.74	-8.021
21537.74	-8.022
21538.74	-8.023
21539.74	-8.02
21540.74	-8.022
21541.74	-8.022
21542.74	-8.02
21543.74	-8.021
21544.74	-8.021
21545.74	-8.02
21546.74	-8.02
21547.74	-8.025
21548.74	-8.023
21549.74	-8.021
21550.74	-8.024
21551.74	-8.023
21552.74	-8.022
21553.74	-8.024
21554.74	-8.02
21555.74	-8.022
21556.74	-8.022
21557.74	-8.021
21558.74	-8.021
21559.74	-8.023
21560.74	-8.022
21561.74	-8.019
21562.74	-8.021
21563.74	-8.023
21564.74	-8.027
21565.74	-8.024
21566.74	-8.021
21567.74	-8.024
21568.74	-8.022
21569.74	-8.019
21570.74	-8.021
21571.74	-8.02
21572.74	-8.02
21573.74	-8.021
21574.74	-8.02
21575.74	-8.019
21576.74	-8.02
21577.74	-8.019
21578.74	-8.021
21579.74	-8.022
21580.74	-8.021
21581.74	-8.021
21582.74	-8.021
21583.74	-8.019
21584.74	-8.02
21585.74	-8.021
21586.74	-8.021
21587.74	-8.024
21588.74	-8.02
21589.74	-8.021
21590.74	-8.024
21591.74	-8.021
21592.74	-8.022
21593.74	-8.021
21594.74	-8.021
21595.74	-8.021
21596.74	-8.02
21597.74	-8.02
21598.74	-8.021
21599.74	-8.019
21600.74	-8.022
21601.74	-8.022
21602.74	-8.021
21603.74	-8.019
21604.74	-8.021
21605.74	-8.022
21606.74	-8.021
21607.74	-8.023
21608.74	-8.025
21609.74	-8.024
21610.74	-8.021
21611.74	-8.021
21612.74	-8.022
21613.74	-8.021
21614.74	-8.022
21615.74	-8.02
21616.74	-8.02
21617.74	-8.021
21618.74	-8.018
21619.74	-8.021
21620.74	-8.022
21621.74	-8.025
21622.74	-8.023
21623.74	-8.021
21624.74	-8.022
21625.74	-8.022
21626.74	-8.021
21627.74	-8.02
21628.74	-8.022
21629.74	-8.021
21630.74	-8.018
21631.74	-8.022
21632.74	-8.021
21633.74	-8.021
21634.74	-8.022
21635.74	-8.022
21636.74	-8.02
21637.74	-8.019
21638.74	-8.026
21639.74	-8.019
21640.74	-8.021
21641.74	-8.019
21642.74	-8.024
21643.74	-8.022
21644.74	-8.021
21645.74	-8.02
21646.74	-8.022
21647.74	-8.024
21648.74	-8.02
21649.74	-8.023
21650.74	-8.025
21651.74	-8.023
21652.74	-8.022
21653.74	-8.019
21654.74	-8.021
21655.74	-8.026
21656.74	-8.018
21657.74	-8.022
21658.74	-8.024
21659.74	-8.022
21660.74	-8.021
21661.74	-8.021
21662.74	-8.025
21663.74	-8.023
21664.74	-8.024
21665.74	-8.019
21666.74	-8.024
21667.74	-8.021
21668.74	-8.021
21669.74	-8.026
21670.74	-8.02
21671.74	-8.02
21672.74	-8.02
21673.74	-8.021
21674.74	-8.023
21675.74	-8.02
21676.74	-8.023
21677.74	-8.024
21678.74	-8.024
21679.74	-8.023
21680.74	-8.02
21681.74	-8.02
21682.74	-8.021
21683.74	-8.022
21684.74	-8.023
21685.74	-8.021
21686.74	-8.025
21687.74	-8.023
21688.74	-8.028
21689.74	-8.023
21690.74	-8.024
21691.74	-8.023
21692.74	-8.019
21693.74	-8.019
21694.74	-8.021
21695.74	-8.023
21696.74	-8.025
21697.74	-8.024
21698.74	-8.024
21699.74	-8.023
21700.74	-8.026
21701.74	-8.02
21702.74	-8.02
21703.74	-8.022
21704.74	-8.023
21705.74	-8.024
21706.74	-8.022
21707.74	-8.019
21708.74	-8.022
21709.74	-8.024
21710.74	-8.024
21711.74	-8.024
21712.74	-8.021
21713.74	-8.022
21714.74	-8.02
21715.74	-8.019
21716.74	-8.024
21717.74	-8.022
21718.74	-8.024
21719.74	-8.023
21720.74	-8.024
21721.74	-8.022
21722.74	-8.023
21723.74	-8.02
21724.74	-8.022
21725.74	-8.023
21726.74	-8.019
21727.74	-8.024
21728.74	-8.022
21729.74	-8.021
21730.74	-8.023
21731.74	-8.024
21732.74	-8.022
21733.74	-8.02
21734.74	-8.023
21735.74	-8.02
21736.74	-8.024
21737.74	-8.02
21738.74	-8.021
21739.74	-8.021
21740.74	-8.024
21741.74	-8.021
21742.74	-8.022
21743.74	-8.02
21744.74	-8.021
21745.74	-8.021
21746.74	-8.02
21747.74	-8.017
21748.74	-8.024
21749.74	-8.02
21750.74	-8.02
21751.74	-8.022
21752.74	-8.027
21753.74	-8.022
21754.74	-8.018
21755.74	-8.02
21756.74	-8.022
21757.74	-8.02
21758.74	-8.022
21759.74	-8.021
21760.74	-8.023
21761.74	-8.022
21762.74	-8.02
21763.74	-8.024
21764.74	-8.022
21765.74	-8.022
21766.74	-8.022
21767.74	-8.021
21768.74	-8.024
21769.74	-8.022
21770.74	-8.021
21771.74	-8.022
21772.74	-8.024
21773.74	-8.02
21774.74	-8.022
21775.74	-8.021
21776.74	-8.024
21777.74	-8.022
21778.74	-8.019
21779.74	-8.023
21780.74	-8.02
21781.74	-8.019
21782.74	-8.022
21783.74	-8.02
21784.74	-8.021
21785.74	-8.02
21786.74	-8.021
21787.74	-8.024
21788.74	-8.019
21789.74	-8.022
21790.74	-8.02
21791.74	-8.022
21792.74	-8.021
21793.74	-8.02
21794.74	-8.021
21795.74	-8.021
21796.74	-8.02
21797.74	-8.02
21798.74	-8.02
21799.74	-8.02
21800.74	-8.023
21801.74	-8.02
21802.74	-8.023
21803.74	-8.02
21804.74	-8.017
21805.74	-8.024
21806.74	-8.024
21807.74	-8.025
21808.74	-8.024
21809.74	-8.023
21810.74	-8.021
21811.74	-8.023
21812.74	-8.025
21813.74	-8.021
21814.74	-8.025
21815.74	-8.024
21816.74	-8.022
21817.74	-8.025
21818.74	-8.023
21819.74	-8.022
21820.74	-8.023
21821.74	-8.025
21822.74	-8.02
21823.74	-8.022
21824.74	-8.023
21825.74	-8.02
21826.74	-8.023
21827.74	-8.022
21828.74	-8.022
21829.74	-8.023
21830.74	-8.025
21831.74	-8.021
21832.74	-8.022
21833.74	-8.021
21834.74	-8.018
21835.74	-8.024
21836.74	-8.022
21837.74	-8.021
21838.74	-8.024
21839.74	-8.024
21840.74	-8.023
21841.74	-8.023
21842.74	-8.019
21843.74	-8.021
21844.74	-8.024
21845.74	-8.026
21846.74	-8.022
21847.74	-8.02
21848.74	-8.019
21849.74	-8.02
21850.74	-8.022
21851.74	-8.024
21852.74	-8.02
21853.74	-8.02
21854.74	-8.026
21855.74	-8.022
21856.74	-8.02
21857.74	-8.019
21858.74	-8.022
21859.74	-8.02
21860.74	-8.019
21861.74	-8.021
21862.74	-8.024
21863.74	-8.023
21864.74	-8.022
21865.74	-8.021
21866.74	-8.023
21867.74	-8.02
21868.74	-8.023
21869.74	-8.024
21870.74	-8.022
21871.74	-8.024
21872.74	-8.023
21873.74	-8.021
21874.74	-8.02
21875.74	-8.022
21876.74	-8.022
21877.74	-8.017
21878.74	-8.023
21879.74	-8.021
21880.74	-8.021
21881.74	-8.022
21882.74	-8.019
21883.74	-8.021
21884.74	-8.022
21885.74	-8.023
21886.74	-8.024
21887.74	-8.021
21888.74	-8.022
21889.74	-8.022
21890.74	-8.024
21891.74	-8.021
21892.74	-8.023
21893.74	-8.024
21894.74	-8.024
21895.74	-8.021
21896.74	-8.024
21897.74	-8.024
21898.74	-8.019
21899.74	-8.024
21900.74	-8.021
21901.74	-8.022
21902.74	-8.022
21903.74	-8.023
21904.74	-8.023
21905.74	-8.021
21906.74	-8.024
21907.74	-8.023
21908.74	-8.021
21909.74	-8.023
21910.74	-8.025
21911.74	-8.021
21912.74	-8.022
21913.74	-8.022
21914.74	-8.022
21915.74	-8.02
21916.74	-8.023
21917.74	-8.024
21918.74	-8.023
21919.74	-8.02
21920.74	-8.022
21921.74	-8.023
21922.74	-8.022
21923.74	-8.023
21924.74	-8.023
21925.74	-8.021
21926.74	-8.021
21927.74	-8.021
21928.74	-8.019
21929.74	-8.022
21930.74	-8.026
21931.74	-8.021
21932.74	-8.02
21933.74	-8.024
21934.74	-8.019
21935.74	-8.022
21936.74	-8.022
21937.74	-8.02
21938.74	-8.019
21939.74	-8.02
21940.74	-8.021
21941.74	-8.023
21942.74	-8.02
21943.74	-8.022
21944.74	-8.024
21945.74	-8.025
21946.74	-8.02
21947.74	-8.021
21948.74	-8.021
21949.74	-8.02
21950.74	-8.023
21951.74	-8.022
21952.74	-8.02
21953.74	-8.019
21954.74	-8.023
21955.74	-8.023
21956.74	-8.025
21957.74	-8.025
21958.74	-8.023
21959.74	-8.025
21960.74	-8.026
21961.74	-8.021
21962.74	-8.022
21963.74	-8.024
21964.74	-8.022
21965.74	-8.023
21966.74	-8.023
21967.74	-8.022
21968.74	-8.02
21969.74	-8.023
21970.74	-8.028
21971.74	-8.024
21972.74	-8.024
21973.74	-8.022
21974.74	-8.023
21975.74	-8.02
21976.74	-8.021
21977.74	-8.02
21978.74	-8.021
21979.74	-8.02
21980.74	-8.021
21981.74	-8.021
21982.74	-8.022
21983.74	-8.024
21984.74	-8.021
21985.74	-8.019
21986.74	-8.022
21987.74	-8.02
21988.74	-8.023
21989.74	-8.023
21990.74	-8.022
21991.74	-8.022
21992.74	-8.022
21993.74	-8.024
21994.74	-8.022
21995.74	-8.024
21996.74	-8.022
21997.74	-8.021
21998.74	-8.024
21999.74	-8.022
22000.74	-8.022
22001.74	-8.021
22002.74	-8.021
22003.74	-8.019
22004.74	-8.021
22005.74	-8.019
22006.74	-8.026
22007.74	-8.026
22008.74	-8.021
22009.74	-8.021
22010.74	-8.023
22011.74	-8.022
22012.74	-8.023
22013.74	-8.022
22014.74	-8.024
22015.74	-8.022
22016.74	-8.024
22017.74	-8.02
22018.74	-8.022
22019.74	-8.021
22020.74	-8.02
22021.74	-8.019
22022.74	-8.023
22023.74	-8.021
22024.74	-8.023
22025.74	-8.022
22026.74	-8.023
22027.74	-8.022
22028.74	-8.023
22029.74	-8.021
22030.74	-8.023
22031.74	-8.026
22032.74	-8.024
22033.74	-8.023
22034.74	-8.025
22035.74	-8.023
22036.74	-8.021
22037.74	-8.023
22038.74	-8.023
22039.74	-8.02
22040.74	-8.025
22041.74	-8.023
22042.74	-8.018
22043.74	-8.021
22044.74	-8.02
22045.74	-8.023
22046.74	-8.026
22047.74	-8.022
22048.74	-8.028
22049.74	-8.022
22050.74	-8.024
22051.74	-8.021
22052.74	-8.02
22053.74	-8.02
22054.74	-8.02
22055.74	-8.023
22056.74	-8.023
22057.74	-8.024
22058.74	-8.022
22059.74	-8.023
22060.74	-8.023
22061.74	-8.024
22062.74	-8.023
22063.74	-8.026
22064.74	-8.027
22065.74	-8.02
22066.74	-8.022
22067.74	-8.022
22068.74	-8.022
22069.74	-8.024
22070.74	-8.022
22071.74	-8.017
22072.74	-8.023
22073.74	-8.024
22074.74	-8.022
22075.74	-8.021
22076.74	-8.024
22077.74	-8.019
22078.74	-8.022
22079.74	-8.022
22080.74	-8.024
22081.74	-8.023
22082.74	-8.023
22083.74	-8.02
22084.74	-8.022
22085.74	-8.021
22086.74	-8.022
22087.74	-8.023
22088.74	-8.023
22089.74	-8.019
22090.74	-8.024
22091.74	-8.024
22092.74	-8.021
22093.74	-8.02
22094.74	-8.023
22095.74	-8.025
22096.74	-8.021
22097.74	-8.022
22098.74	-8.023
22099.74	-8.022
22100.74	-8.022
22101.74	-8.021
22102.74	-8.026
22103.74	-8.021
22104.74	-8.024
22105.74	-8.021
22106.74	-8.02
22107.74	-8.022
22108.74	-8.022
22109.74	-8.023
22110.74	-8.026
22111.74	-8.021
22112.74	-8.024
22113.74	-8.024
22114.74	-8.02
22115.74	-8.024
22116.74	-8.022
22117.74	-8.021
22118.74	-8.021
22119.74	-8.021
22120.74	-8.022
22121.74	-8.023
22122.74	-8.02
22123.74	-8.023
22124.74	-8.023
22125.74	-8.024
22126.74	-8.023
22127.74	-8.022
22128.74	-8.024
22129.74	-8.021
22130.74	-8.024
22131.74	-8.024
22132.74	-8.022
22133.74	-8.022
22134.74	-8.019
22135.74	-8.025
22136.74	-8.024
22137.74	-8.022
22138.74	-8.025
22139.74	-8.024
22140.74	-8.023
22141.74	-8.019
22142.74	-8.021
22143.74	-8.019
22144.74	-8.025
22145.74	-8.026
22146.74	-8.024
22147.74	-8.023
22148.74	-8.023
22149.74	-8.025
22150.74	-8.024
22151.74	-8.025
22152.74	-8.022
22153.74	-8.022
22154.74	-8.021
22155.74	-8.021
22156.74	-8.024
22157.74	-8.022
22158.74	-8.021
22159.74	-8.024
22160.74	-8.023
22161.74	-8.025
22162.74	-8.026
22163.74	-8.026
22164.74	-8.021
22165.74	-8.023
22166.74	-8.021
22167.74	-8.025
22168.74	-8.024
22169.74	-8.023
22170.74	-8.026
22171.74	-8.025
22172.74	-8.024
22173.74	-8.026
22174.74	-8.025
22175.74	-8.022
22176.74	-8.022
22177.74	-8.023
22178.74	-8.023
22179.74	-8.024
22180.74	-8.026
22181.74	-8.025
22182.74	-8.022
22183.74	-8.025
22184.74	-8.024
22185.74	-8.021
22186.74	-8.023
22187.74	-8.022
22188.74	-8.024
22189.74	-8.02
22190.74	-8.023
22191.74	-8.023
22192.74	-8.023
22193.74	-8.024
22194.74	-8.024
22195.74	-8.025
22196.74	-8.021
22197.74	-8.023
22198.74	-8.024
22199.74	-8.023
22200.74	-8.026
22201.74	-8.024
22202.74	-8.023
22203.74	-8.02
22204.74	-8.025
22205.74	-8.021
22206.74	-8.024
22207.74	-8.023
22208.74	-8.022
22209.74	-8.019
22210.74	-8.02
22211.74	-8.023
22212.74	-8.02
22213.74	-8.026
22214.74	-8.023
22215.74	-8.023
22216.74	-8.019
22217.74	-8.02
22218.74	-8.02
22219.74	-8.022
22220.74	-8.023
22221.74	-8.02
22222.74	-8.026
22223.74	-8.021
22224.74	-8.018
22225.74	-8.025
22226.74	-8.021
22227.74	-8.025
22228.74	-8.025
22229.74	-8.023
22230.74	-8.02
22231.74	-8.026
22232.74	-8.022
22233.74	-8.025
22234.74	-8.024
22235.74	-8.02
22236.74	-8.021
22237.74	-8.023
22238.74	-8.025
22239.74	-8.022
22240.74	-8.022
22241.74	-8.022
22242.74	-8.024
22243.74	-8.023
22244.74	-8.02
22245.74	-8.021
22246.74	-8.021
22247.74	-8.022
22248.74	-8.023
22249.74	-8.021
22250.74	-8.021
22251.74	-8.025
22252.74	-8.023
22253.74	-8.023
22254.74	-8.022
22255.74	-8.021
22256.74	-8.024
22257.74	-8.024
22258.74	-8.024
22259.74	-8.021
22260.74	-8.024
22261.74	-8.022
22262.74	-8.02
22263.74	-8.027
22264.74	-8.021
22265.74	-8.023
22266.74	-8.026
22267.74	-8.025
22268.74	-8.022
22269.74	-8.025
22270.74	-8.022
22271.74	-8.024
22272.74	-8.021
22273.74	-8.022
22274.74	-8.022
22275.74	-8.024
22276.74	-8.026
22277.74	-8.02
22278.74	-8.026
22279.74	-8.022
22280.74	-8.024
22281.74	-8.021
22282.74	-8.022
22283.74	-8.024
22284.74	-8.019
22285.74	-8.02
22286.74	-8.024
22287.74	-8.024
22288.74	-8.023
22289.74	-8.024
22290.74	-8.022
22291.74	-8.021
22292.74	-8.025
22293.74	-8.021
22294.74	-8.022
22295.74	-8.02
22296.74	-8.024
22297.74	-8.02
22298.74	-8.024
22299.74	-8.023
22300.74	-8.024
22301.74	-8.021
22302.74	-8.023
22303.74	-8.024
22304.74	-8.023
22305.74	-8.021
22306.74	-8.023
22307.74	-8.023
22308.74	-8.019
22309.74	-8.024
22310.74	-8.022
22311.74	-8.025
22312.74	-8.021
22313.74	-8.02
22314.74	-8.022
22315.74	-8.02
22316.74	-8.018
22317.74	-8.022
22318.74	-8.022
22319.74	-8.021
22320.74	-8.024
22321.74	-8.024
22322.74	-8.022
22323.74	-8.019
22324.74	-8.023
22325.74	-8.026
22326.74	-8.023
22327.74	-8.021
22328.74	-8.021
22329.74	-8.021
22330.74	-8.019
22331.74	-8.025
22332.74	-8.018
22333.74	-8.022
22334.74	-8.024
22335.74	-8.023
22336.74	-8.023
22337.74	-8.02
22338.74	-8.022
22339.74	-8.025
22340.74	-8.022
22341.74	-8.026
22342.74	-8.025
22343.74	-8.022
22344.74	-8.024
22345.74	-8.023
22346.74	-8.026
22347.74	-8.023
22348.74	-8.022
22349.74	-8.021
22350.74	-8.021
22351.74	-8.023
22352.74	-8.023
22353.74	-8.023
22354.74	-8.022
22355.74	-8.019
22356.74	-8.023
22357.74	-8.024
22358.74	-8.02
22359.74	-8.026
22360.74	-8.02
22361.74	-8.021
22362.74	-8.024
22363.74	-8.022
22364.74	-8.025
22365.74	-8.023
22366.74	-8.023
22367.74	-8.023
22368.74	-8.025
22369.74	-8.02
22370.74	-8.024
22371.74	-8.022
22372.74	-8.022
22373.74	-8.021
22374.74	-8.019
22375.74	-8.027
22376.74	-8.021
22377.74	-8.021
22378.74	-8.021
22379.74	-8.021
22380.74	-8.024
22381.74	-8.024
22382.74	-8.021
22383.74	-8.019
22384.74	-8.023
22385.74	-8.023
22386.74	-8.021
22387.74	-8.026
22388.74	-8.026
22389.74	-8.027
22390.74	-8.023
22391.74	-8.025
22392.74	-8.022
22393.74	-8.022
22394.74	-8.022
22395.74	-8.023
22396.74	-8.024
22397.74	-8.024
22398.74	-8.023
22399.74	-8.022
22400.74	-8.022
22401.74	-8.021
22402.74	-8.024
22403.74	-8.024
22404.74	-8.02
22405.74	-8.022
22406.74	-8.025
22407.74	-8.024
22408.74	-8.025
22409.74	-8.021
22410.74	-8.022
22411.74	-8.025
22412.74	-8.023
22413.74	-8.027
22414.74	-8.023
22415.74	-8.023
22416.74	-8.019
22417.74	-8.02
22418.74	-8.022
22419.74	-8.026
22420.74	-8.021
22421.74	-8.024
22422.74	-8.027
22423.74	-8.027
22424.74	-8.022
22425.74	-8.02
22426.74	-8.026
22427.74	-8.021
22428.74	-8.022
22429.74	-8.021
22430.74	-8.023
22431.74	-8.023
22432.74	-8.025
22433.74	-8.022
22434.74	-8.022
22435.74	-8.024
22436.74	-8.022
22437.74	-8.023
22438.74	-8.026
22439.74	-8.024
22440.74	-8.024
22441.74	-8.024
22442.74	-8.023
22443.74	-8.024
22444.74	-8.021
22445.74	-8.022
22446.74	-8.025
22447.74	-8.021
22448.74	-8.019
22449.74	-8.023
22450.74	-8.02
22451.74	-8.023
22452.74	-8.02
22453.74	-8.025
22454.74	-8.024
22455.74	-8.022
22456.74	-8.025
22457.74	-8.02
22458.74	-8.023
22459.74	-8.025
22460.74	-8.023
22461.74	-8.025
22462.74	-8.022
22463.74	-8.023
22464.74	-8.024
22465.74	-8.023
22466.74	-8.023
22467.74	-8.024
22468.74	-8.023
22469.74	-8.026
22470.74	-8.021
22471.74	-8.023
22472.74	-8.025
22473.74	-8.022
22474.74	-8.02
22475.74	-8.024
22476.74	-8.02
22477.74	-8.024
22478.74	-8.021
22479.74	-8.024
22480.74	-8.022
22481.74	-8.023
22482.74	-8.02
22483.74	-8.024
22484.74	-8.022
22485.74	-8.026
22486.74	-8.022
22487.74	-8.021
22488.74	-8.025
22489.74	-8.026
22490.74	-8.025
22491.74	-8.021
22492.74	-8.022
22493.74	-8.021
22494.74	-8.021
22495.74	-8.022
22496.74	-8.022
22497.74	-8.023
22498.74	-8.022
22499.74	-8.022
22500.74	-8.026
22501.74	-8.028
22502.74	-8.021
22503.74	-8.026
22504.74	-8.025
22505.74	-8.025
22506.74	-8.022
22507.74	-8.026
22508.74	-8.022
22509.74	-8.026
22510.74	-8.023
22511.74	-8.025
22512.74	-8.022
22513.74	-8.019
22514.74	-8.022
22515.74	-8.023
22516.74	-8.024
22517.74	-8.025
22518.74	-8.024
22519.74	-8.021
22520.74	-8.028
22521.74	-8.024
22522.74	-8.024
22523.74	-8.023
22524.74	-8.022
22525.74	-8.019
22526.74	-8.024
22527.74	-8.027
22528.74	-8.023
22529.74	-8.022
22530.74	-8.024
22531.74	-8.024
22532.74	-8.022
22533.74	-8.022
22534.74	-8.025
22535.74	-8.025
22536.74	-8.023
22537.74	-8.02
22538.74	-8.025
22539.74	-8.023
22540.74	-8.024
22541.74	-8.023
22542.74	-8.024
22543.74	-8.021
22544.74	-8.026
22545.74	-8.025
22546.74	-8.021
22547.74	-8.022
22548.74	-8.02
22549.74	-8.022
22550.74	-8.024
22551.74	-8.023
22552.74	-8.02
22553.74	-8.025
22554.74	-8.024
22555.74	-8.022
22556.74	-8.025
22557.74	-8.022
22558.74	-8.022
22559.74	-8.025
22560.74	-8.022
22561.74	-8.023
22562.74	-8.021
22563.74	-8.023
22564.74	-8.024
22565.74	-8.023
22566.74	-8.025
22567.74	-8.023
22568.74	-8.026
22569.74	-8.023
22570.74	-8.023
22571.74	-8.026
22572.74	-8.022
22573.74	-8.025
22574.74	-8.026
22575.74	-8.023
22576.74	-8.025
22577.74	-8.024
22578.74	-8.028
22579.74	-8.023
22580.74	-8.025
22581.74	-8.024
22582.74	-8.023
22583.74	-8.025
22584.74	-8.021
22585.74	-8.024
22586.74	-8.024
22587.74	-8.024
22588.74	-8.023
22589.74	-8.025
22590.74	-8.024
22591.74	-8.022
22592.74	-8.024
22593.74	-8.025
22594.74	-8.031
22595.74	-8.026
22596.74	-8.026
22597.74	-8.027
22598.74	-8.023
22599.74	-8.026
22600.74	-8.023
22601.74	-8.021
22602.74	-8.024
22603.74	-8.024
22604.74	-8.025
22605.74	-8.021
22606.74	-8.022
22607.74	-8.023
22608.74	-8.024
22609.74	-8.025
22610.74	-8.022
22611.74	-8.022
22612.74	-8.026
22613.74	-8.024
22614.74	-8.024
22615.74	-8.023
22616.74	-8.022
22617.74	-8.022
22618.74	-8.024
22619.74	-8.026
22620.74	-8.023
22621.74	-8.027
22622.74	-8.026
22623.74	-8.022
22624.74	-8.025
22625.74	-8.023
22626.74	-8.027
22627.74	-8.024
22628.74	-8.023
22629.74	-8.022
22630.74	-8.026
22631.74	-8.026
22632.74	-8.024
22633.74	-8.026
22634.74	-8.027
22635.74	-8.022
22636.74	-8.026
22637.74	-8.022
22638.74	-8.022
22639.74	-8.024
22640.74	-8.021
22641.74	-8.024
22642.74	-8.025
22643.74	-8.021
22644.74	-8.023
22645.74	-8.023
22646.74	-8.023
22647.74	-8.023
22648.74	-8.025
22649.74	-8.024
22650.74	-8.024
22651.74	-8.022
22652.74	-8.026
22653.74	-8.02
22654.74	-8.022
22655.74	-8.021
22656.74	-8.021
22657.74	-8.024
22658.74	-8.022
22659.74	-8.024
22660.74	-8.024
22661.74	-8.027
22662.74	-8.024
22663.74	-8.023
22664.74	-8.023
22665.74	-8.021
22666.74	-8.024
22667.74	-8.023
22668.74	-8.024
22669.74	-8.02
22670.74	-8.022
22671.74	-8.023
22672.74	-8.023
22673.74	-8.025
22674.74	-8.023
22675.74	-8.021
22676.74	-8.019
22677.74	-8.024
22678.74	-8.024
22679.74	-8.022
22680.74	-8.023
22681.74	-8.021
22682.74	-8.024
22683.74	-8.023
22684.74	-8.021
22685.74	-8.026
22686.74	-8.023
22687.74	-8.022
22688.74	-8.024
22689.74	-8.021
22690.74	-8.022
22691.74	-8.023
22692.74	-8.025
22693.74	-8.02
22694.74	-8.023
22695.74	-8.026
22696.74	-8.024
22697.74	-8.022
22698.74	-8.023
22699.74	-8.024
22700.74	-8.023
22701.74	-8.021
22702.74	-8.024
22703.74	-8.021
22704.74	-8.022
22705.74	-8.023
22706.74	-8.027
22707.74	-8.022
22708.74	-8.025
22709.74	-8.025
22710.74	-8.022
22711.74	-8.024
22712.74	-8.025
22713.74	-8.023
22714.74	-8.023
22715.74	-8.026
22716.74	-8.024
22717.74	-8.023
22718.74	-8.022
22719.74	-8.022
22720.74	-8.026
22721.74	-8.026
22722.74	-8.021
22723.74	-8.023
22724.74	-8.024
22725.74	-8.025
22726.74	-8.026
22727.74	-8.024
22728.74	-8.023
22729.74	-8.023
22730.74	-8.024
22731.74	-8.026
22732.74	-8.022
22733.74	-8.025
22734.74	-8.023
22735.74	-8.023
22736.74	-8.025
22737.74	-8.025
22738.74	-8.024
22739.74	-8.023
22740.74	-8.023
22741.74	-8.025
22742.74	-8.024
22743.74	-8.024
22744.74	-8.023
22745.74	-8.025
22746.74	-8.024
22747.74	-8.023
22748.74	-8.024
22749.74	-8.025
22750.74	-8.023
22751.74	-8.023
22752.74	-8.025
22753.74	-8.026
22754.74	-8.024
22755.74	-8.024
22756.74	-8.024
22757.74	-8.023
22758.74	-8.028
22759.74	-8.025
22760.74	-8.022
22761.74	-8.023
22762.74	-8.02
22763.74	-8.021
22764.74	-8.023
22765.74	-8.023
22766.74	-8.027
22767.74	-8.022
22768.74	-8.02
22769.74	-8.023
22770.74	-8.02
22771.74	-8.023
22772.74	-8.025
22773.74	-8.022
22774.74	-8.024
22775.74	-8.02
22776.74	-8.024
22777.74	-8.022
22778.74	-8.021
22779.74	-8.021
22780.74	-8.025
22781.74	-8.021
22782.74	-8.022
22783.74	-8.025
22784.74	-8.026
22785.74	-8.022
22786.74	-8.021
22787.74	-8.023
22788.74	-8.026
22789.74	-8.024
22790.74	-8.021
22791.74	-8.021
22792.74	-8.022
22793.74	-8.023
22794.74	-8.023
22795.74	-8.023
22796.74	-8.023
22797.74	-8.019
22798.74	-8.022
22799.74	-8.023
22800.74	-8.021
22801.74	-8.022
22802.74	-8.025
22803.74	-8.02
22804.74	-8.022
22805.74	-8.019
22806.74	-8.021
22807.74	-8.024
22808.74	-8.02
22809.74	-8.021
22810.74	-8.017
22811.74	-8.016
22812.74	-8.015
22813.74	-8.017
22814.74	-8.017
22815.74	-8.017
22816.74	-8.017
22817.74	-8.018
22818.74	-8.016
22819.74	-8.016
22820.74	-8.016
22821.74	-8.016
22822.74	-8.015
22823.74	-8.016
22824.74	-8.017
22825.74	-8.016
22826.74	-8.017
22827.74	-8.015
22828.74	-8.016
22829.74	-8.015
22830.74	-8.014
22831.74	-8.017
22832.74	-8.012
22833.74	-8.017
22834.74	-8.015
22835.74	-8.017
22836.74	-8.017
22837.74	-8.013
22838.74	-8.018
22839.74	-8.012
22840.74	-8.017
22841.74	-8.019
22842.74	-8.02
22843.74	-8.018
22844.74	-8.017
22845.74	-8.016
22846.74	-8.02
22847.74	-8.017
22848.74	-8.015
22849.74	-8.017
22850.74	-8.018
22851.74	-8.012
22852.74	-8.016
22853.74	-8.019
22854.74	-8.019
22855.74	-8.019
22856.74	-8.015
22857.74	-8.018
22858.74	-8.018
22859.74	-8.016
22860.74	-8.015
22861.74	-8.018
22862.74	-8.014
22863.74	-8.013
22864.74	-8.017
22865.74	-8.015
22866.74	-8.018
22867.74	-8.017
22868.74	-8.016
22869.74	-8.018
22870.74	-8.019
22871.74	-8.017
22872.74	-8.016
22873.74	-8.017
22874.74	-8.017
22875.74	-8.017
22876.74	-8.011
22877.74	-8.014
22878.74	-8.02
22879.74	-8.017
22880.74	-8.015
22881.74	-8.018
22882.74	-8.015
22883.74	-8.015
22884.74	-8.015
22885.74	-8.017
22886.74	-8.017
22887.74	-8.013
22888.74	-8.018
22889.74	-8.017
22890.74	-8.017
22891.74	-8.017
22892.74	-8.015
22893.74	-8.018
22894.74	-8.019
22895.74	-8.02
22896.74	-8.017
22897.74	-8.016
22898.74	-8.016
22899.74	-8.019
22900.74	-8.018
22901.74	-8.019
22902.74	-8.017
22903.74	-8.015
22904.74	-8.014
22905.74	-8.018
22906.74	-8.014
22907.74	-8.019
22908.74	-8.018
22909.74	-8.019
22910.74	-8.015
22911.74	-8.017
22912.74	-8.015
22913.74	-8.017
22914.74	-8.019
22915.74	-8.018
22916.74	-8.02
22917.74	-8.019
22918.74	-8.017
22919.74	-8.014
22920.74	-8.018
22921.74	-8.018
22922.74	-8.019
22923.74	-8.017
22924.74	-8.013
22925.74	-8.017
22926.74	-8.015
22927.74	-8.014
22928.74	-8.018
22929.74	-8.017
22930.74	-8.016
22931.74	-8.017
22932.74	-8.016
22933.74	-8.018
22934.74	-8.016
22935.74	-8.018
22936.74	-8.015
22937.74	-8.017
22938.74	-8.017
22939.74	-8.019
22940.74	-8.016
22941.74	-8.016
22942.74	-8.017
22943.74	-8.019
22944.74	-8.017
22945.74	-8.017
22946.74	-8.018
22947.74	-8.017
22948.74	-8.013
22949.74	-8.017
22950.74	-8.017
22951.74	-8.018
22952.74	-8.018
22953.74	-8.018
22954.74	-8.017
22955.74	-8.018
22956.74	-8.013
22957.74	-8.017
22958.74	-8.017
22959.74	-8.018
22960.74	-8.02
22961.74	-8.013
22962.74	-8.015
22963.74	-8.018
22964.74	-8.018
22965.74	-8.015
22966.74	-8.017
22967.74	-8.015
22968.74	-8.017
22969.74	-8.017
22970.74	-8.018
22971.74	-8.017
22972.74	-8.018
22973.74	-8.018
22974.74	-8.016
22975.74	-8.017
22976.74	-8.017
22977.74	-8.018
22978.74	-8.011
22979.74	-8.018
22980.74	-8.018
22981.74	-8.018
22982.74	-8.015
22983.74	-8.018
22984.74	-8.014
22985.74	-8.019
22986.74	-8.018
22987.74	-8.019
22988.74	-8.019
22989.74	-8.018
22990.74	-8.02
22991.74	-8.019
22992.74	-8.017
22993.74	-8.017
22994.74	-8.019
22995.74	-8.017
22996.74	-8.017
22997.74	-8.016
22998.74	-8.015
22999.74	-8.017
23000.74	-8.019
23001.74	-8.015
23002.74	-8.016
23003.74	-8.019
23004.74	-8.015
23005.74	-8.02
23006.74	-8.017
23007.74	-8.018
23008.74	-8.016
23009.74	-8.017
23010.74	-8.016
23011.74	-8.018
23012.74	-8.013
23013.74	-8.02
23014.74	-8.019
23015.74	-8.02
23016.74	-8.021
23017.74	-8.022
23018.74	-8.018
23019.74	-8.023
23020.74	-8.02
23021.74	-8.023
23022.74	-8.02
23023.74	-8.024
23024.74	-8.023
23025.74	-8.022
23026.74	-8.024
23027.74	-8.023
23028.74	-8.022
23029.74	-8.022
23030.74	-8.021
23031.74	-8.023
23032.74	-8.024
23033.74	-8.022
23034.74	-8.025
23035.74	-8.023
23036.74	-8.023
23037.74	-8.023
23038.74	-8.021
23039.74	-8.023
23040.74	-8.023
23041.74	-8.022
23042.74	-8.024
23043.74	-8.022
23044.74	-8.023
23045.74	-8.021
23046.74	-8.024
23047.74	-8.02
23048.74	-8.021
23049.74	-8.023
23050.74	-8.021
23051.74	-8.02
23052.74	-8.023
23053.74	-8.02
23054.74	-8.023
23055.74	-8.022
23056.74	-8.021
23057.74	-8.022
23058.74	-8.021
23059.74	-8.02
23060.74	-8.021
23061.74	-8.024
23062.74	-8.022
23063.74	-8.023
23064.74	-8.019
23065.74	-8.021
23066.74	-8.022
23067.74	-8.024
23068.74	-8.022
23069.74	-8.023
23070.74	-8.024
23071.74	-8.024
23072.74	-8.023
23073.74	-8.022
23074.74	-8.021
23075.74	-8.021
23076.74	-8.02
23077.74	-8.02
23078.74	-8.021
23079.74	-8.021
23080.74	-8.021
23081.74	-8.019
23082.74	-8.022
23083.74	-8.022
23084.74	-8.02
23085.74	-8.025
23086.74	-8.024
23087.74	-8.024
23088.74	-8.02
23089.74	-8.022
23090.74	-8.021
23091.74	-8.022
23092.74	-8.021
23093.74	-8.019
23094.74	-8.02
23095.74	-8.023
23096.74	-8.02
23097.74	-8.022
23098.74	-8.023
23099.74	-8.021
23100.74	-8.024
23101.74	-8.021
23102.74	-8.024
23103.74	-8.021
23104.74	-8.023
23105.74	-8.024
23106.74	-8.023
23107.74	-8.022
23108.74	-8.023
23109.74	-8.022
23110.74	-8.021
23111.74	-8.025
23112.74	-8.021
23113.74	-8.022
23114.74	-8.019
23115.74	-8.02
23116.74	-8.022
23117.74	-8.022
23118.74	-8.021
23119.74	-8.02
23120.74	-8.023
23121.74	-8.023
23122.74	-8.024
23123.74	-8.021
23124.74	-8.021
23125.74	-8.024
23126.74	-8.018
23127.74	-8.02
23128.74	-8.024
23129.74	-8.023
23130.74	-8.022
23131.74	-8.018
23132.74	-8.02
23133.74	-8.02
23134.74	-8.023
23135.74	-8.02
23136.74	-8.019
23137.74	-8.019
23138.74	-8.021
23139.74	-8.02
23140.74	-8.02
23141.74	-8.025
23142.74	-8.024
23143.74	-8.024
23144.74	-8.022
23145.74	-8.021
23146.74	-8.021
23147.74	-8.019
23148.74	-8.022
23149.74	-8.021
23150.74	-8.022
23151.74	-8.024
23152.74	-8.023
23153.74	-8.02
23154.74	-8.023
23155.74	-8.025
23156.74	-8.022
23157.74	-8.025
23158.74	-8.021
23159.74	-8.023
23160.74	-8.023
23161.74	-8.019
23162.74	-8.024
23163.74	-8.023
23164.74	-8.019
23165.74	-8.021
23166.74	-8.02
23167.74	-8.022
23168.74	-8.022
23169.74	-8.021
23170.74	-8.021
23171.74	-8.02
23172.74	-8.021
23173.74	-8.02
23174.74	-8.023
23175.74	-8.021
23176.74	-8.021
23177.74	-8.021
23178.74	-8.023
23179.74	-8.019
23180.74	-8.02
23181.74	-8.022
23182.74	-8.022
23183.74	-8.022
23184.74	-8.022
23185.74	-8.021
23186.74	-8.021
23187.74	-8.025
23188.74	-8.023
23189.74	-8.023
23190.74	-8.022
23191.74	-8.022
23192.74	-8.023
23193.74	-8.022
23194.74	-8.02
23195.74	-8.021
23196.74	-8.023
23197.74	-8.026
23198.74	-8.024
23199.74	-8.022
23200.74	-8.021
23201.74	-8.023
23202.74	-8.021
23203.74	-8.021
23204.74	-8.022
23205.74	-8.021
23206.74	-8.019
23207.74	-8.023
23208.74	-8.021
23209.74	-8.021
23210.74	-8.022
23211.74	-8.025
23212.74	-8.022
23213.74	-8.02
23214.74	-8.023
23215.74	-8.022
23216.74	-8.021
23217.74	-8.023
23218.74	-8.023
23219.74	-8.019
23220.74	-8.021
23221.74	-8.021
23222.74	-8.021
23223.74	-8.022
23224.74	-8.023
23225.74	-8.023
23226.74	-8.025
23227.74	-8.02
23228.74	-8.021
23229.74	-8.02
23230.74	-8.021
23231.74	-8.021
23232.74	-8.022
23233.74	-8.023
23234.74	-8.025
23235.74	-8.026
23236.74	-8.022
23237.74	-8.021
23238.74	-8.021
23239.74	-8.024
23240.74	-8.023
23241.74	-8.021
23242.74	-8.023
23243.74	-8.023
23244.74	-8.024
23245.74	-8.026
23246.74	-8.022
23247.74	-8.022
23248.74	-8.022
23249.74	-8.019
23250.74	-8.023
23251.74	-8.021
23252.74	-8.025
23253.74	-8.024
23254.74	-8.022
23255.74	-8.022
23256.74	-8.019
23257.74	-8.025
23258.74	-8.021
23259.74	-8.02
23260.74	-8.021
23261.74	-8.019
23262.74	-8.022
23263.74	-8.02
23264.74	-8.022
23265.74	-8.025
23266.74	-8.021
23267.74	-8.022
23268.74	-8.023
23269.74	-8.02
23270.74	-8.022
23271.74	-8.021
23272.74	-8.024
23273.74	-8.024
23274.74	-8.023
23275.74	-8.022
23276.74	-8.021
23277.74	-8.022
23278.74	-8.019
23279.74	-8.024
23280.74	-8.023
23281.74	-8.02
23282.74	-8.023
23283.74	-8.023
23284.74	-8.023
23285.74	-8.022
23286.74	-8.02
23287.74	-8.024
23288.74	-8.022
23289.74	-8.022
23290.74	-8.021
23291.74	-8.021
23292.74	-8.021
23293.74	-8.018
23294.74	-8.024
23295.74	-8.022
23296.74	-8.02
23297.74	-8.019
23298.74	-8.021
23299.74	-8.02
23300.74	-8.022
23301.74	-8.024
23302.74	-8.024
23303.74	-8.021
23304.74	-8.026
23305.74	-8.023
23306.74	-8.021
23307.74	-8.022
23308.74	-8.023
23309.74	-8.023
23310.74	-8.023
23310.76	14.8
23311.74	25
23312.74	25
23313.74	25
23314.74	25
23315.74	25
23316.74	25
23317.74	25
23318.74	25
23319.74	25
23320.74	25
23321.74	25
23322.74	25
23323.74	24.99
23324.74	25
23325.74	25
23326.74	25
23327.74	25
23328.74	25
23329.74	25
23330.74	25
23331.74	25
23332.74	25
23333.74	25
23334.74	25
23335.74	25
23336.74	25
23337.74	25
23338.74	25
23339.74	25
23340.74	25
23341.74	24.99
23342.74	25
23343.74	25
23344.74	25
23345.74	25
23346.74	25
23347.74	25
23348.74	25
23349.74	25
23350.74	25
23351.74	25
23352.74	25
23353.74	25
23354.74	25
23355.74	25
23356.74	25
23357.74	25
23358.74	25
23359.74	25
23360.74	25
23361.74	25
23362.74	25
23363.74	25
23364.74	24.99
23365.74	25
23366.74	24.99
23367.74	25
23368.74	25
23369.74	25
23370.74	25
23371.74	25
23372.74	25
23373.74	25
23374.74	25
23375.74	25
23376.74	25
23377.74	24.99
23378.74	24.99
23379.74	25
23380.74	25
23381.74	24.99
23382.74	25
23383.74	25
23384.74	25
23385.74	25
23386.74	25
23387.74	25
23388.74	25
23389.74	24.99
23390.74	25
23391.74	25
23392.74	25
23393.74	25
23394.74	25
23395.74	25
23396.74	25
23397.74	25
23398.74	25
23399.74	25
23400.74	24.99
23401.74	25
23402.74	25
23403.74	25
23404.74	25
23405.74	24.99
23406.74	24.99
23407.74	25
23408.74	25
23409.74	25
23410.74	25
23411.74	25
23412.74	25
23413.74	24.99
23414.74	25
23415.74	24.99
23416.74	24.99
23417.74	25
23418.74	24.99
23419.74	25
23420.74	24.99
23421.74	25
23422.74	24.99
23423.74	24.99
23424.74	24.99
23425.74	24.99
23426.74	25
23427.74	24.99
23428.74	24.99
23429.74	25
23430.74	24.99
23431.74	24.99
23432.74	24.99
23433.74	24.99
23434.74	24.99
23435.74	25
23436.74	24.99
23437.74	24.99
23438.74	25
23439.74	25
23440.74	25
23441.74	25
23442.74	25
23443.74	25
23444.74	24.99
23445.74	25
23446.74	25
23447.74	25
23448.74	24.99
23449.74	24.99
23450.74	25
23451.74	25
23452.74	25
23453.74	25
23454.74	25
23455.74	25
23456.74	25
23457.74	25
23458.74	25
23459.74	25
23460.74	25
23461.74	25
23462.74	25
23463.74	25
23464.74	25
23465.74	25
23466.74	24.99
23467.74	25
23468.74	25
23469.74	25
23470.74	24.99
23471.74	25
23472.74	25
23473.74	25
23474.74	25
23475.74	25
23476.74	25
23477.74	25
23478.74	25
23479.74	24.99
23480.74	25
23481.74	25
23482.74	25
23483.74	25
23484.74	25
23485.74	25
23486.74	25
23487.74	25
23488.74	25
23489.74	25
23490.74	25
23491.74	25
23492.74	25
23493.74	25
23494.74	25
23495.74	25
23496.74	25
23497.74	25
23498.74	25
23499.74	25
23500.74	25
23501.74	25
23502.74	25
23503.74	25
23504.74	24.99
23505.74	25
23506.74	25
23507.74	24.99
23508.74	25
23509.74	25
23510.74	25
23511.74	25
23512.74	25
23513.74	25
23514.74	25
23515.74	25
23516.74	25
23517.74	25
23518.74	25
23519.74	25
23520.74	25
23521.74	25
23522.74	25
23523.74	24.99
23524.74	25
23525.74	25
23526.74	25
23527.74	25
23528.74	25
23529.74	25
23530.74	25
23531.74	25
23532.74	25
23533.74	25
23534.74	25
23535.74	25
23536.74	25
23537.74	25
23538.74	25
23539.74	24.99
23540.74	24.99
23541.74	25
23542.74	25
23543.74	25
23544.74	25
23545.74	25
23546.74	25
23547.74	25
23548.74	24.99
23549.74	25
23550.74	25
23551.74	25
23552.74	25
23553.74	25
23554.74	25
23555.74	25
23556.74	25
23557.74	25
23558.74	25
23559.74	25
23560.74	25
23561.74	25
23562.74	25
23563.74	25
23564.74	25
23565.74	25
23566.74	25
23567.74	25
23568.74	25
23569.74	24.99
23570.74	25
23571.74	25
23572.74	25
23573.74	25
23574.74	25
23575.74	25
23576.74	25
23577.74	25
23578.74	24.99
23579.74	25
23580.74	25
23581.74	24.99
23582.74	25
23583.74	25
23584.74	25
23585.74	25
23586.74	25
23587.74	25
23588.74	25
23589.74	25
23590.74	24.99
23591.74	25
23592.74	25
23593.74	25
23594.74	25
23595.74	25
23596.74	25
23597.74	24.99
23598.74	24.99
23599.74	25
23600.74	25
23601.74	25
23602.74	24.99
23603.74	24.99
23604.74	25
23605.74	25
23606.74	25
23607.74	25
23608.74	25
23609.74	25
23610.74	24.99
23611.74	24.99
23612.74	25
23613.74	25
23614.74	25
23615.74	25
23616.74	25
23617.74	25
23618.74	25
23619.74	25
23620.74	25
23621.74	25
23622.74	25
23623.74	25
23624.74	25
23625.74	24.99
23626.74	25
23627.74	25
23628.74	25
23629.74	25
23630.74	25
23631.74	25
23632.74	25
23633.74	25
23634.74	25
23635.74	25
23636.74	25
23637.74	25
23638.74	25
23639.74	25
23640.74	25
23641.74	25
23642.74	25
23643.74	25
23644.74	25
23645.74	25
23646.74	24.99
23647.74	25
23648.74	25
23649.74	25
23650.74	24.99
23651.74	25
23652.74	25
23653.74	24.99
23654.74	25
23655.74	25
23656.74	24.99
23657.74	25
23658.74	25
23659.74	25
23660.74	25
23661.74	24.99
23662.74	25
23663.74	25
23664.74	25
23665.74	25
23666.74	25
23667.74	24.99
23668.74	25
23669.74	25
23670.74	25
23671.74	24.99
23672.74	25
23673.74	24.99
23674.74	25
23675.74	25
23676.74	24.99
23677.74	25
23678.74	24.99
23679.74	25
23680.74	25
23681.74	24.99
23682.74	25
23683.74	25
23684.74	25
23685.74	25
23686.74	24.99
23687.74	25
23688.74	25
23689.74	25
23690.74	25
23691.74	25
23692.74	25
23693.74	25
23694.74	24.99
23695.74	25
23696.74	25
23697.74	25
23698.74	24.99
23699.74	25
23700.74	25
23701.74	25
23702.74	25
23703.74	25
23704.74	25
23705.74	25
23706.74	25
23707.74	25
23708.74	25
23709.74	25
23710.74	25
23711.74	25
23712.74	25
23713.74	25
23714.74	25
23715.74	25
23716.74	25
23717.74	25
23718.74	25
23719.74	25
23720.74	25
23721.74	25
23722.74	25
23723.74	25
23724.74	25
23725.74	25
23726.74	25
23727.74	25
23728.74	25
23729.74	25
23730.74	25
23731.74	25
23732.74	24.99
23733.74	25
23734.74	25
23735.74	25
23736.74	25
23737.74	25
23738.74	25
23739.74	25
23740.74	25
23741.74	25
23742.74	25
23743.74	25
23744.74	25
23745.74	25
23746.74	25
23747.74	25
23748.74	25
23749.74	25
23750.74	25
23751.74	25
23752.74	25
23753.74	25
23754.74	25
23755.74	25
23756.74	25
23757.74	25
23758.74	25
23759.74	25
23760.74	25
23761.74	25
23762.74	24.99
23763.74	25
23764.74	25
23765.74	25
23766.74	25
23767.74	25
23768.74	25
23769.74	25
23770.74	25
23771.74	25
23772.74	25
23773.74	24.99
23774.74	25
23775.74	25
23776.74	25
23777.74	25
23778.74	25
23779.74	25
23780.74	25
23781.74	25
23782.74	25
23783.74	25
23784.74	25
23785.74	25
23786.74	24.99
23787.74	25
23788.74	25
23789.74	25
23790.74	25
23791.74	25
23792.74	25
23793.74	25
23794.74	25
23795.74	25
23796.74	25
23797.74	25
23798.74	25
23799.74	25
23800.74	25
23801.74	25
23802.74	25
23803.74	24.99
23804.74	25
23805.74	25
23806.74	25
23807.74	25
23808.74	24.99
23809.74	25
23810.74	24.99
23811.74	25
23812.74	25
23813.74	24.99
23814.74	25
23815.74	25
23816.74	25
23817.74	24.99
23818.74	25
23819.74	25
23820.74	25
23821.74	25
23822.74	25
23823.74	25
23824.74	25
23825.74	25
23826.74	25
23827.74	25
23828.74	25
23829.74	24.99
23830.74	25
23831.74	24.99
23832.74	25
23833.74	25
23834.74	24.99
23835.74	24.99
23836.74	25
23837.74	25
23838.74	25
23839.74	24.99
23840.74	25
23841.74	25
23842.74	24.99
23843.74	25
23844.74	25
23845.74	24.99
23846.74	25
23847.74	25
23848.74	24.99
23849.74	25
23850.74	25
23851.74	25
23852.74	24.99
23853.74	25
23854.74	25
23855.74	24.99
23856.74	24.99
23857.74	25
23858.74	25
23859.74	24.99
23860.74	25
23861.74	25
23862.74	25
23863.74	25
23864.74	25
23865.74	25
23866.74	25
23867.74	25
23868.74	25
23869.74	25
23870.74	25
23871.74	24.99
23872.74	24.99
23873.74	25
23874.74	25
23875.74	25
23876.74	25
23877.74	25
23878.74	25
23879.74	25
23880.74	25
23881.74	25
23882.74	25
23883.74	25
23884.74	25
23885.74	25
23886.74	25
23887.74	25
23888.74	24.99
23889.74	25
23890.74	25
23891.74	25
23892.74	25
23893.74	25
23894.74	25
23895.74	25
23896.74	25
23897.74	25
23898.74	25
23899.74	25
23900.74	25
23901.74	24.99
23902.74	25
23903.74	25
23904.74	24.99
23905.74	25
23906.74	25
23907.74	25
23908.74	25
23909.74	25
23910.74	25
23911.74	25
23912.74	25
23913.74	25
23914.74	25
23915.74	25
23916.74	25
23917.74	24.99
23918.74	25
23919.74	25
23920.74	25
23921.74	24.99
23922.74	25
23923.74	24.99
23924.74	25
23925.74	25
23926.74	25
23927.74	25
23928.74	25
23929.74	24.99
23930.74	25
23931.74	24.99
23932.74	25
23933.74	25
23934.74	25
23935.74	25
23936.74	25
23937.74	25
23938.74	25
23939.74	25
23940.74	25
23941.74	25
23942.74	25
23943.74	25
23944.74	25
23945.74	25
23946.74	25
23947.74	25
23948.74	25
23949.74	24.99
23950.74	25
23951.74	25
23952.74	25
23953.74	25
23954.74	25
23955.74	25
23956.74	25
23957.74	25
23958.74	25
23959.74	25
23960.74	25
23961.74	25
23962.74	25
23963.74	25
23964.74	25
23965.74	25
23966.74	25
23967.74	25
23968.74	25
23969.74	25
23970.74	25
23971.74	25
23972.74	25
23973.74	25
23974.74	25
23975.74	25
23976.74	25
23977.74	25
23978.74	25
23979.74	24.99
23980.74	25
23981.74	25
23982.74	25
23983.74	25
23984.74	25
23985.74	25
23986.74	25
23987.74	24.99
23988.74	25
23989.74	25
23990.74	25
23991.74	25
23992.74	25
23993.74	25
23994.74	25
23995.74	24.99
23996.74	25
23997.74	25
23998.74	25
23999.74	25
24000.74	24.99
24001.74	25
24002.74	25
24003.74	25
24004.74	25
24005.74	25
24006.74	25
24007.74	25
24008.74	25
24009.74	24.99
24010.74	25
24011.74	25
24012.74	25
24013.74	25
24014.74	25
24015.74	24.99
24016.74	25
24017.74	25
24018.74	25
24019.74	25
24020.74	25
24021.74	25
24022.74	25
24023.74	25
24024.74	25
24025.74	25
24026.74	25
24027.74	25
24028.74	25
24029.74	25
24030.74	25
24031.74	25
24032.74	25
24033.74	25
24034.74	25
24035.74	24.99
24036.74	25
24037.74	25
24038.74	25
24039.74	25
24040.74	25
24041.74	25
24042.74	25
24043.74	25
24044.74	25
24045.74	25
24046.74	24.99
24047.74	24.99
24048.74	24.99
24049.74	25
24050.74	24.99
24051.74	25
24052.74	25
24053.74	25
24054.74	25
24055.74	25
24056.74	25
24057.74	24.99
24058.74	25
24059.74	24.99
24060.74	25
24061.74	25
24062.74	24.99
24063.74	25
24064.74	25
24065.74	24.99
24066.74	25
24067.74	25
24068.74	25
24069.74	25
24070.74	24.99
24071.74	25
24072.74	24.99
24073.74	24.99
24074.74	25
24075.74	25
24076.74	24.99
24077.74	25
24078.74	24.99
24079.74	25
24080.74	24.99
24081.74	25
24082.74	25
24083.74	25
24084.74	24.99
24085.74	25
24086.74	25
24087.74	24.99
24088.74	25
24089.74	25
24090.74	25
24091.74	24.99
24092.74	25
24093.74	25
24094.74	25
24095.74	25
24096.74	25
24097.74	24.99
24098.74	25
24099.74	24.99
24100.74	25
24101.74	24.99
24102.74	25
24103.74	25
24104.74	25
24105.74	25
24106.74	25
24107.74	25
24108.74	25
24109.74	24.99
24110.74	24.99
24111.74	24.99
24112.74	25
24113.74	25
24114.74	25
24115.74	25
24116.74	24.99
24117.74	24.99
24118.74	25
24119.74	25
24120.74	25
24121.74	24.99
24122.74	24.99
24123.74	25
24124.74	25
24125.74	25
24126.74	25
24127.74	25
24128.74	25
24129.74	25
24130.74	24.99
24131.74	25
24132.74	25
24133.74	24.99
24134.74	25
24135.74	25
24136.74	25
24137.74	25
24138.74	25
24139.74	25
24140.74	24.99
24141.74	24.99
24142.74	24.99
24143.74	25
24144.74	25
24145.74	24.99
24146.74	25
24147.74	25
24148.74	24.99
24149.74	25
24150.74	25
24151.74	25
24152.74	25
24153.74	25
24154.74	25
24155.74	25
24156.74	25
24157.74	25
24158.74	25
24159.74	25
24160.74	25
24161.74	25
24162.74	24.99
24163.74	25
24164.74	25
24165.74	25
24166.74	25
24167.74	25
24168.74	25
24169.74	24.99
24170.74	24.99
24171.74	25
24172.74	24.99
24173.74	25
24174.74	25
24175.74	25
24176.74	24.99
24177.74	25
24178.74	24.99
24179.74	25
24180.74	25
24181.74	25
24182.74	25
24183.74	24.99
24184.74	25
24185.74	25
24186.74	25
24187.74	25
24188.74	25
24189.74	25
24190.74	25
24191.74	25
24192.74	25
24193.74	25
24194.74	25
24195.74	25
24196.74	25
24197.74	25
24198.74	24.99
24199.74	24.99
24200.74	24.99
24201.74	25
24202.74	24.99
24203.74	25
24204.74	24.99
24205.74	25
24206.74	25
24207.74	25
24208.74	24.99
24209.74	25
24210.74	24.99
24211.74	24.99
24212.74	25
24213.74	25
24214.74	25
24215.74	25
24216.74	25
24217.74	25
24218.74	25
24219.74	25
24220.74	25
24221.74	25
24222.74	25
24223.74	25
24224.74	25
24225.74	25
24226.74	24.99
24227.74	24.99
24228.74	25
24229.74	25
24230.74	25
24231.74	25
24232.74	24.99
24233.74	25
24234.74	25
24235.74	25
24236.74	25
24237.74	25
24238.74	25
24239.74	25
24240.74	25
24241.74	25
24242.74	25
24243.74	25
24244.74	25
24245.74	25
24246.74	25
24247.74	25
24248.74	25
24249.74	24.99
24250.74	25
24251.74	25
24252.74	25
24253.74	25
24254.74	25
24255.74	24.99
24256.74	25
24257.74	25
24258.74	25
24259.74	25
24260.74	25
24261.74	25
24262.74	25
24263.74	25
24264.74	24.99
24265.74	24.99
24266.74	25
24267.74	24.99
24268.74	25
24269.74	25
24270.74	25
24271.74	25
24272.74	25
24273.74	25
24274.74	25
24275.74	25
24276.74	25
24277.74	25
24278.74	25
24279.74	25
24280.74	25
24281.74	25
24282.74	25
24283.74	25
24284.74	25
24285.74	25
24286.74	24.99
24287.74	25
24288.74	25
24289.74	25
24290.74	24.99
24291.74	24.99
24292.74	25
24293.74	25
24294.74	25
24295.74	25
24296.74	25
24297.74	25
24298.74	25
24299.74	25
24300.74	25
24301.74	25
24302.74	25
24303.74	25
24304.74	25
24305.74	25
24306.74	25
24307.74	25
24308.74	25
24309.74	25
24310.74	25
24311.74	25
24312.74	25
24313.74	25
24314.74	25
24315.74	25
24316.74	25
24317.74	25
24318.74	25
24319.74	25
24320.74	25
24321.74	25
24322.74	25
24323.74	25
24324.74	25
24325.74	25
24326.74	25
24327.74	25
24328.74	25
24329.74	25
24330.74	25
24331.74	24.99
24332.74	25
24333.74	25
24334.74	25
24335.74	24.99
24336.74	25
24337.74	25
24338.74	25
24339.74	25
24340.74	25
24341.74	25
24342.74	25
24343.74	25
24344.74	25
24345.74	25
24346.74	25
24347.74	24.99
24348.74	25
24349.74	25
24350.74	25
24351.74	25
24352.74	25
24353.74	25
24354.74	25
24355.74	25
24356.74	25
24357.74	25
24358.74	25
24359.74	25
24360.74	24.99
24361.74	25
24362.74	25
24363.74	25
24364.74	25
24365.74	25
24366.74	25
24367.74	25
24368.74	25
24369.74	25
24370.74	25
24371.74	25
24372.74	25
24373.74	25
24374.74	25
24375.74	25
24376.74	25
24377.74	25
24378.74	25
24379.74	25
24380.74	24.99
24381.74	25
24382.74	24.99
24383.74	25
24384.74	25
24385.74	25
24386.74	25
24387.74	24.99
24388.74	25
24389.74	25
24390.74	25
24391.74	25
24392.74	25
24393.74	25
24394.74	25
24395.74	25
24396.74	24.99
24397.74	25
24398.74	25
24399.74	25
24400.74	25
24401.74	25
24402.74	25
24403.74	25
24404.74	25
24405.74	25
24406.74	25
24407.74	25
24408.74	24.99
24409.74	25
24410.74	25
24411.74	25
24412.74	25
24413.74	25
24414.74	25
24415.74	24.99
24416.74	25
24417.74	25
24418.74	24.99
24419.74	25
24420.74	25
24421.74	25
24422.74	24.99
24423.74	24.99
24424.74	25
24425.74	25
24426.74	24.99
24427.74	24.99
24428.74	25
24429.74	25
24430.74	25
24431.74	25
24432.74	25
24433.74	25
24434.74	24.99
24435.74	25
24436.74	25
24437.74	24.99
24438.74	25
24439.74	25
24440.74	24.99
24441.74	24.99
24442.74	24.99
24443.74	25
24444.74	24.99
24445.74	25
24446.74	25
24447.74	25
24448.74	25
24449.74	25
24450.74	25
24451.74	25
24452.74	24.99
24453.74	25
24454.74	25
24455.74	25
24456.74	25
24457.74	24.99
24458.74	24.99
24459.74	24.99
24460.74	25
24461.74	25
24462.74	25
24463.74	25
24464.74	25
24465.74	25
24466.74	25
24467.74	24.99
24468.74	25
24469.74	25
24470.74	25
24471.74	25
24472.74	25
24473.74	25
24474.74	24.99
24475.74	25
24476.74	25
24477.74	25
24478.74	25
24479.74	25
24480.74	25
24481.74	25
24482.74	24.99
24483.74	25
24484.74	25
24485.74	25
24486.74	25
24487.74	25
24488.74	25
24489.74	25
24490.74	25
24491.74	24.99
24492.74	25
24493.74	25
24494.74	25
24495.74	25
24496.74	25
24497.74	25
24498.74	25
24499.74	25
24500.74	25
24501.74	25
24502.74	25
24503.74	25
24504.74	25
24505.74	25
24506.74	25
24507.74	25
24508.74	25
24509.74	25
24510.74	25
24511.74	25
24512.74	25
24513.74	25
24514.74	25
24515.74	25
24516.74	25
24517.74	25
24518.74	25
24519.74	25
24520.74	25
24521.74	25
24522.74	25
24523.74	24.99
24524.74	25
24525.74	25
24526.74	25
24527.74	25
24528.74	25
24529.74	25
24530.74	25
24531.74	25
24532.74	25
24533.74	25
24534.74	25
24535.74	25
24536.74	25
24537.74	25
24538.74	25
24539.74	25
24540.74	25
24541.74	25
24542.74	25
24543.74	25
24544.74	25
24545.74	25
24546.74	25
24547.74	25
24548.74	25
24549.74	25
24550.74	25
24551.74	24.99
24552.74	25
24553.74	25
24554.74	25
24555.74	25
24556.74	25
24557.74	25
24558.74	25
24559.74	25
24560.74	25
24561.74	25
24562.74	25
24563.74	25
24564.74	25
24565.74	25
24566.74	25
24567.74	25
24568.74	25
24569.74	25
24570.74	25
24571.74	25
24572.74	25
24573.74	25
24574.74	25
24575.74	25
24576.74	25
24577.74	25
24578.74	25
24579.74	25
24580.74	25
24581.74	25
24582.74	25
24583.74	25
24584.74	25
24585.74	25
24586.74	25
24587.74	24.99
24588.74	25
24589.74	25
24590.74	24.99
24591.74	25
24592.74	25
24593.74	25
24594.74	25
24595.74	24.99
24596.74	25
24597.74	25
24598.74	25
24599.74	24.99
24600.74	25
24601.74	24.99
24602.74	25
24603.74	24.99
24604.74	24.99
24605.74	25
24606.74	24.99
24607.74	24.99
24608.74	25
24609.74	25
24610.74	25
24611.74	25
24612.74	25
24613.74	24.99
24614.74	25
24615.74	25
24616.74	24.99
24617.74	24.99
24618.74	25
24619.74	25
24620.74	24.99
24621.74	25
24622.74	24.99
24623.74	25
24624.74	25
24625.74	25
24626.74	25
24627.74	25
24628.74	25
24629.74	25
24630.74	25
24631.74	25
24632.74	25
24633.74	25
24634.74	24.99
24635.74	25
24636.74	25
24637.74	25
24638.74	25
24639.74	25
24640.74	25
24641.74	25
24642.74	25
24643.74	25
24644.74	25
24645.74	25
24646.74	24.99
24647.74	25
24648.74	24.99
24649.74	25
24650.74	25
24651.74	24.99
24652.74	25
24653.74	24.99
24654.74	24.99
24655.74	24.99
24656.74	25
24657.74	25
24658.74	25
24659.74	25
24660.74	25
24661.74	25
24662.74	25
24663.74	25
24664.74	25
24665.74	24.99
24666.74	24.99
24667.74	24.99
24668.74	25
24669.74	24.99
24670.74	24.99
24671.74	24.99
24672.74	24.99
24673.74	25
24674.74	24.99
24675.74	25
24676.74	25
24677.74	25
24678.74	25
24679.74	24.99
24680.74	25
24681.74	25
24682.74	24.99
24683.74	24.99
24684.74	25
24685.74	25
24686.74	24.99
24687.74	25
24688.74	25
24689.74	24.99
24690.74	24.99
24691.74	24.99
24692.74	25
24693.74	24.99
24694.74	25
24695.74	25
24696.74	25
24697.74	25
24698.74	25
24699.74	25
24700.74	25
24701.74	25
24702.74	25
24703.74	25
24704.74	25
24705.74	25
24706.74	25
24707.74	25
24708.74	25
24709.74	25
24710.74	24.99
24711.74	25
24712.74	25
24713.74	25
24714.74	25
24715.74	24.99
24716.74	25
24717.74	24.99
24718.74	25
24719.74	25
24720.74	25
24721.74	25
24722.74	25
24723.74	25
24724.74	25
24725.74	25
24726.74	25
24727.74	25
24728.74	25
24729.74	25
24730.74	25
24731.74	25
24732.74	25
24733.74	25
24734.74	25
24735.74	25
24736.74	25
24737.74	25
24738.74	25
24739.74	25
24740.74	24.99
24741.74	25
24742.74	25
24743.74	25
24744.74	25
24745.74	25
24746.74	25
24747.74	24.99
24748.74	25
24749.74	25
24750.74	25
24751.74	25
24752.74	25
24753.74	25
24754.74	24.99
24755.74	25
24756.74	25
24757.74	25
24758.74	25
24759.74	25
24760.74	25
24761.74	25
24762.74	25
24763.74	25
24764.74	25
24765.74	25
24766.74	25
24767.74	25
24768.74	25
24769.74	25
24770.74	25
24771.74	25
24772.74	25
24773.74	25
24774.74	25
24775.74	25
24776.74	25
24777.74	25
24778.74	25
24779.74	25
24780.74	25
24781.74	25
24782.74	25
24783.74	25
24784.74	25
24785.74	25
24786.74	25
24787.74	25
24788.74	25
24789.74	25
24790.74	25
24791.74	25
24792.74	25
24793.74	25
24794.74	25
24795.74	25
24796.74	25
24797.74	25
24798.74	25
24799.74	25
24800.74	25
24801.74	25
24802.74	25
24803.74	24.99
24804.74	25
24805.74	25
24806.74	25
24807.74	25
24808.74	25
24809.74	25
24810.74	25
24811.74	25
24812.74	25
24813.74	25
24814.74	25
24815.74	25
24816.74	25
24817.74	25
24818.74	25
24819.74	25
24820.74	25
24821.74	25
24822.74	25
24823.74	25
24824.74	25
24825.74	25
24826.74	25
24827.74	25
24828.74	24.99
24829.74	25
24830.74	25
24831.74	25
24832.74	25
24833.74	24.99
24834.74	24.99
24835.74	25
24836.74	25
24837.74	25
24838.74	25
24839.74	25
24840.74	25
24841.74	25
24842.74	25
24843.74	25
24844.74	25
24845.74	24.99
24846.74	25
24847.74	25
24848.74	25
24849.74	24.99
24850.74	25
24851.74	25
24852.74	25
24853.74	25
24854.74	25
24855.74	25
24856.74	25
24857.74	25
24858.74	25
24859.74	25
24860.74	25
24861.74	24.99
24862.74	25
24863.74	25
24864.74	25
24865.74	24.99
24866.74	25
24867.74	25
24868.74	25
24869.74	25
24870.74	25
24871.74	25
24872.74	25
24873.74	25
24874.74	25
24875.74	24.99
24876.74	25
24877.74	25
24878.74	25
24879.74	25
24880.74	25
24881.74	25
24882.74	25
24883.74	25
24884.74	25
24885.74	25
24886.74	25
24887.74	25
24888.74	25
24889.74	24.99
24890.74	24.99
24891.74	25
24892.74	25
24893.74	25
24894.74	25
24895.74	25
24896.74	25
24897.74	25
24898.74	24.99
24899.74	25
24900.74	25
24901.74	25
24902.74	24.99
24903.74	25
24904.74	25
24905.74	25
24906.74	25
24907.74	25
24908.74	25
24909.74	25
24910.74	24.99
24911.74	25
24912.74	24.99
24913.74	25
24914.74	25
24915.74	25
24916.74	25
24917.74	25
24918.74	25
24919.74	25
24920.74	25
24921.74	25
24922.74	25
24923.74	25
24924.74	25
24925.74	25
24926.74	25
24927.74	25
24928.74	25
24929.74	25
24930.74	25
24931.74	25
24932.74	25
24933.74	25
24934.74	25
24935.74	25
24936.74	25
24937.74	25
24938.74	25
24939.74	25
24940.74	25
24941.74	24.99
24942.74	25
24943.74	25
24944.74	25
24945.74	25
24946.74	25
24947.74	25
24948.74	25
24949.74	25
24950.74	25
24951.74	25
24952.74	24.99
24953.74	25
24954.74	25
24955.74	25
24956.74	25
24957.74	25
24958.74	24.99
24959.74	25
24960.74	25
24961.74	25
24962.74	25
24963.74	25
24964.74	25
24965.74	24.99
24966.74	25
24967.74	25
24968.74	25
24969.74	25
24970.74	25
24971.74	24.99
24972.74	25
24973.74	25
24974.74	25
24975.74	25
24976.74	25
24977.74	25
24978.74	25
24979.74	25
24980.74	25
24981.74	25
24982.74	25
24983.74	24.99
24984.74	25
24985.74	24.99
24986.74	25
24987.74	25
24988.74	24.99
24989.74	25
24990.74	25
24991.74	25
24992.74	25
24993.74	25
24994.74	24.99
24995.74	25
24996.74	25
24997.74	24.99
24998.74	24.99
24999.74	24.99
25000.74	24.99
25001.74	24.99
25002.74	25
25003.74	25
25004.74	24.99
25005.74	25
25006.74	25
25007.74	25
25008.74	25
25009.74	24.99
25010.74	25
25011.74	24.99
25012.74	25
25013.74	25
25014.74	25
25015.74	25
25016.74	25
25017.74	25
25018.74	25
25019.74	25
25020.74	25
25021.74	25
25022.74	25
25023.74	25
25024.74	25
25025.74	25
25026.74	25
25027.74	25
25028.74	25
25029.74	25
25030.74	24.99
25031.74	25
25032.74	25
25033.74	25
25034.74	25
25035.74	25
25036.74	25
25037.74	25
25038.74	25
25039.74	25
25040.74	25
25041.74	25
25042.74	25
25043.74	25
25044.74	25
25045.74	25
25046.74	25
25047.74	25
25048.74	25
25049.74	25
25050.74	25
25051.74	25
25052.74	25
25053.74	25
25054.74	25
25055.74	25
25056.74	25
25057.74	25
25058.74	25
25059.74	25
25060.74	25
25061.74	25
25062.74	25
25063.74	25
25064.74	25
25065.74	25
25066.74	25
25067.74	25
25068.74	25
25069.74	25
25070.74	25
25071.74	24.99
25072.74	25
25073.74	25
25074.74	25
25075.74	25
25076.74	25
25077.74	25
25078.74	25
25079.74	25
25080.74	25
25081.74	25
25082.74	25
25083.74	25
25084.74	25
25085.74	25
25086.74	25
25087.74	25
25088.74	25
25089.74	25
25090.74	24.99
25091.74	25
25092.74	25
25093.74	25
25094.74	25
25095.74	25
25096.74	25
25097.74	25
25098.74	25
25099.74	25
25100.74	24.99
25101.74	25
25102.74	25
25103.74	25
25104.74	25
25105.74	25
25106.74	25
25107.74	25
25108.74	25
25109.74	25
25110.74	25
25111.74	25
25112.74	25
25113.74	25
25114.74	25
25115.74	25
25116.74	25
25117.74	25
25118.74	25
25119.74	25
25120.74	25
25121.74	25
25122.74	25
25123.74	25
25124.74	25
25125.74	25
25126.74	25
25127.74	25
25128.74	25
25129.74	25
25130.74	25
25131.74	25
25132.74	25
25133.74	25
25134.74	25
25135.74	25
25136.74	25
25137.74	25
25138.74	25
25139.74	25
25140.74	25
25141.74	24.99
25142.74	25
25143.74	25
25144.74	25
25145.74	25
25146.74	25
25147.74	25
25148.74	25
25149.74	25
25150.74	25
25151.74	25
25152.74	25
25153.74	25
25154.74	25
25155.74	25
25156.74	25
25157.74	24.99
25158.74	25
25159.74	25
25160.74	25
25161.74	25
25162.74	25
25163.74	25
25164.74	24.99
25165.74	24.99
25166.74	25
25167.74	25
25168.74	24.99
25169.74	25
25170.74	25
25171.74	24.99
25172.74	25
25173.74	25
25174.74	24.99
25175.74	24.99
25176.74	25
25177.74	24.99
25178.74	25
25179.74	25
25180.74	25
25181.74	24.99
25182.74	25
25183.74	25
25184.74	25
25185.74	25
25186.74	25
25187.74	25
25188.74	25
25189.74	25
25190.74	25
25191.74	24.99
25192.74	24.99
25193.74	24.99
25194.74	25
25195.74	25
25196.74	25
25197.74	25
25198.74	25
25199.74	25
25200.74	25
25201.74	24.99
25202.74	25
25203.74	25
25204.74	25
25205.74	25
25206.74	24.99
25207.74	24.99
25208.74	25
25209.74	24.99
25210.74	25
25211.74	25
25212.74	25
25213.74	25
25214.74	25
25215.74	25
25216.74	25
25217.74	25
25218.74	25
25219.74	25
25220.74	25
25221.74	25
25222.74	25
25223.74	25
25224.74	25
25225.74	25
25226.74	24.99
25227.74	25
25228.74	25
25229.74	25
25230.74	25
25231.74	25
25232.74	25
25233.74	25
25234.74	24.99
25235.74	25
25236.74	25
25237.74	25
25238.74	25
25239.74	25
25240.74	24.99
25241.74	25
25242.74	24.99
25243.74	25
25244.74	24.99
25245.74	25
25246.74	24.99
25247.74	24.99
25248.74	25
25249.74	25
25250.74	25
25251.74	25
25252.74	24.99
25253.74	25
25254.74	24.99
25255.74	25
25256.74	25
25257.74	24.99
25258.74	25
25259.74	25
25260.74	25
25261.74	25
25262.74	25
25263.74	25
25264.74	25
25265.74	25
25266.74	25
25267.74	25
25268.74	25
25269.74	25
25270.74	25
25271.74	25
25272.74	25
25273.74	25
25274.74	25
25275.74	25
25276.74	25
25277.74	25
25278.74	25
25279.74	25
25280.74	25
25281.74	25
25282.74	25
25283.74	25
25284.74	25
25285.74	25
25286.74	25
25287.74	25
25288.74	25
25289.74	25
25290.74	25
25291.74	25
25292.74	25
25293.74	25
25294.74	25
25295.74	25
25296.74	25
25297.74	25
25298.74	25
25299.74	25
25300.74	25
25301.74	25
25302.74	25
25303.74	25
25304.74	25
25305.74	25
25306.74	25
25307.74	25
25308.74	25
25309.74	25
25310.74	25
25311.74	25
25312.74	25
25313.74	25
25314.74	25
25315.74	25
25316.74	25
25317.74	25
25318.74	25
25319.74	25
25320.74	25
25321.74	25
25322.74	25
25323.74	25
25324.74	25
25325.74	25
25326.74	25
25327.74	25
25328.74	25
25329.74	25
25330.74	25
25331.74	25
25332.74	25
25333.74	25
25334.74	25
25335.74	25
25336.74	25
25337.74	25
25338.74	25
25339.74	25
25340.74	25
25341.74	25
25342.74	25
25343.74	25
25344.74	25
25345.74	25
25346.74	25
25347.74	25
25348.74	25
25349.74	25
25350.74	25
25351.74	25
25352.74	25
25353.74	25
25354.74	25
25355.74	25
25356.74	25
25357.74	25
25358.74	25
25359.74	25
25360.74	25
25361.74	25
25362.74	25
25363.74	25
25364.74	25
25365.74	25
25366.74	25
25367.74	25
25368.74	25
25369.74	25
25370.74	25
25371.74	25
25372.74	25
25373.74	25
25374.74	25
25375.74	25
25376.74	25
25377.74	25
25378.74	25
25379.74	24.99
25380.74	25
25381.74	25
25382.74	25
25383.74	25
25384.74	25
25385.74	24.99
25386.74	25
25387.74	25
25388.74	25
25389.74	25
25390.74	25
25391.74	25
25392.74	25
25393.74	25
25394.74	25
25395.74	25
25396.74	25
25397.74	25
25398.74	25
25399.74	25
25400.74	25
25401.74	25
25402.74	25
25403.74	25
25404.74	25
25405.74	25
25406.74	25
25407.74	25
25408.74	25
25409.74	24.99
25410.74	25
25411.74	25
25412.74	25
25413.74	25
25414.74	25
25415.74	25
25416.74	25
25417.74	25
25418.74	25
25419.74	24.99
25420.74	25
25421.74	25
25422.74	25
25423.74	25
25424.74	25
25425.74	25
25426.74	25
25427.74	25
25428.74	25
25429.74	25
25430.74	25
25431.74	25
25432.74	25
25433.74	25
25434.74	24.99
25435.74	25
25436.74	24.99
25437.74	25
25438.74	25
25439.74	25
25440.74	25
25441.74	25
25442.74	25
25443.74	25
25444.74	25
25445.74	25
25446.74	25
25447.74	25
25448.74	25
25449.74	25
25450.74	25
25451.74	25
25452.74	24.99
25453.74	25
25454.74	24.99
25455.74	25
25456.74	25
25457.74	25
25458.74	25
25459.74	25
25460.74	24.99
25461.74	25
25462.74	25
25463.74	25
25464.74	25
25465.74	24.99
25466.74	25
25467.74	25
25468.74	25
25469.74	25
25470.74	24.99
25471.74	25
25472.74	25
25473.74	25
25474.74	25
25475.74	25
25476.74	25
25477.74	25
25478.74	25
25479.74	25
25480.74	25
25481.74	25
25482.74	25
25483.74	25
25484.74	25
25485.74	25
25486.74	25
25487.74	25
25488.74	25
25489.74	25
25490.74	25
25491.74	25
25492.74	25
25493.74	25
25494.74	25
25495.74	25
25496.74	25
25497.74	25
25498.74	25
25499.74	25
25500.74	25
25501.74	25
25502.74	25
25503.74	25
25504.74	25
25505.74	25
25506.74	25
25507.74	25
25508.74	25
25509.74	25
25510.74	25
25511.74	25
25512.74	25
25513.74	25
25514.74	24.99
25515.74	24.99
25516.74	24.99
25517.74	24.99
25518.74	25
25519.74	25
25520.74	25
25521.74	25
25522.74	25
25523.74	25
25524.74	25
25525.74	25
25526.74	25
25527.74	25
25528.74	25
25529.74	24.99
25530.74	25
25531.74	25
25532.74	25
25533.74	25
25534.74	25
25535.74	25
25536.74	25
25537.74	24.99
25538.74	24.99
25539.74	25
25540.74	25
25541.74	24.99
25542.74	25
25543.74	25
25544.74	25
25545.74	25
25546.74	25
25547.74	25
25548.74	25
25549.74	25
25550.74	24.99
25551.74	25
25552.74	25
25553.74	25
25554.74	24.99
25555.74	25
25556.74	25
25557.74	25
25558.74	25
25559.74	25
25560.74	25
25561.74	24.99
25562.74	25
25563.74	25
25564.74	25
25565.74	24.99
25566.74	25
25567.74	25
25568.74	25
25569.74	24.99
25570.74	25
25571.74	25
25572.74	25
25573.74	24.99
25574.74	25
25575.74	25
25576.74	25
25577.74	25
25578.74	25
25579.74	25
25580.74	25
25581.74	25
25582.74	25
25583.74	25
25584.74	25
25585.74	25
25586.74	25
25587.74	25
25588.74	25
25589.74	25
25590.74	25
25591.74	25
25592.74	24.99
25593.74	25
25594.74	25
25595.74	25
25596.74	25
25597.74	25
25598.74	25
25599.74	25
25600.74	25
25601.74	25
25602.74	25
25603.74	25
25604.74	25
25605.74	25
25606.74	25
25607.74	25
25608.74	25
25609.74	25
25610.74	25
25611.74	25
25612.74	25
25613.74	25
25614.74	25
25615.74	25
25616.74	25
25617.74	24.99
25618.74	25
25619.74	25
25620.74	25
25621.74	25
25622.74	25
25623.74	25
25624.74	25
25625.74	25
25626.74	25
25627.74	25
25628.74	25
25629.74	25
25630.74	25
25631.74	25
25632.74	25
25633.74	25
25634.74	25
25635.74	25
25636.74	25
25637.74	25
25638.74	25
25639.74	25
25640.74	25
25641.74	25
25642.74	25
25643.74	25
25644.74	25
25645.74	25
25646.74	25
25647.74	24.99
25648.74	25
25649.74	24.99
25650.74	24.99
25651.74	25
25652.74	25
25653.74	25
25654.74	25
25655.74	25
25656.74	25
25657.74	25
25658.74	25
25659.74	25
25660.74	25
25661.74	25
25662.74	24.99
25663.74	25
25664.74	25
25665.74	25
25666.74	25
25667.74	25
25668.74	24.99
25669.74	25
25670.74	25
25671.74	25
25672.74	25
25673.74	25
25674.74	25
25675.74	25
25676.74	25
25677.74	25
25678.74	25
25679.74	25
25680.74	25
25681.74	25
25682.74	25
25683.74	25
25684.74	25
25685.74	25
25686.74	25
25687.74	25
25688.74	25
25689.74	25
25690.74	25
25691.74	25
25692.74	25
25693.74	25
25694.74	25
25695.74	25
25696.74	25
25697.74	25
25698.74	25
25699.74	25
25700.74	24.99
25701.74	25
25702.74	25
25703.74	25
25704.74	25
25705.74	25
25706.74	25
25707.74	25
25708.74	25
25709.74	25
25710.74	25
25710.76	-7.569
25711.74	-8.024
25712.74	-8.02
25713.74	-8.022
25714.74	-8.021
25715.74	-8.024
25716.74	-8.023
25717.74	-8.025
25718.74	-8.022
25719.74	-8.02
25720.74	-8.023
25721.74	-8.024
25722.74	-8.025
25723.74	-8.023
25724.74	-8.021
25725.74	-8.022
25726.74	-8.02
25727.74	-8.024
25728.74	-8.025
25729.74	-8.021
25730.74	-8.024
25731.74	-8.024
25732.74	-8.024
25733.74	-8.022
25734.74	-8.024
25735.74	-8.025
25736.74	-8.022
25737.74	-8.022
25738.74	-8.022
25739.74	-8.022
25740.74	-8.024
25741.74	-8.021
25742.74	-8.023
25743.74	-8.025
25744.74	-8.023
25745.74	-8.023
25746.74	-8.025
25747.74	-8.023
25748.74	-8.022
25749.74	-8.02
25750.74	-8.023
25751.74	-8.023
25752.74	-8.023
25753.74	-8.024
25754.74	-8.02
25755.74	-8.02
25756.74	-8.022
25757.74	-8.023
25758.74	-8.021
25759.74	-8.023
25760.74	-8.021
25761.74	-8.024
25762.74	-8.025
25763.74	-8.021
25764.74	-8.025
25765.74	-8.02
25766.74	-8.024
25767.74	-8.023
25768.74	-8.02
25769.74	-8.019
25770.74	-8.024
25771.74	-8.022
25772.74	-8.022
25773.74	-8.022
25774.74	-8.022
25775.74	-8.024
25776.74	-8.021
25777.74	-8.021
25778.74	-8.021
25779.74	-8.022
25780.74	-8.021
25781.74	-8.021
25782.74	-8.023
25783.74	-8.021
25784.74	-8.02
25785.74	-8.025
25786.74	-8.022
25787.74	-8.022
25788.74	-8.022
25789.74	-8.021
25790.74	-8.024
25791.74	-8.024
25792.74	-8.023
25793.74	-8.025
25794.74	-8.023
25795.74	-8.023
25796.74	-8.024
25797.74	-8.022
25798.74	-8.022
25799.74	-8.021
25800.74	-8.021
25801.74	-8.022
25802.74	-8.02
25803.74	-8.023
25804.74	-8.023
25805.74	-8.021
25806.74	-8.023
25807.74	-8.022
25808.74	-8.024
25809.74	-8.021
25810.74	-8.022
25811.74	-8.021
25812.74	-8.023
25813.74	-8.021
25814.74	-8.02
25815.74	-8.022
25816.74	-8.022
25817.74	-8.022
25818.74	-8.022
25819.74	-8.019
25820.74	-8.023
25821.74	-8.023
25822.74	-8.022
25823.74	-8.022
25824.74	-8.02
25825.74	-8.022
25826.74	-8.025
25827.74	-8.024
25828.74	-8.026
25829.74	-8.024
25830.74	-8.02
25831.74	-8.021
25832.74	-8.024
25833.74	-8.022
25834.74	-8.022
25835.74	-8.02
25836.74	-8.023
25837.74	-8.02
25838.74	-8.022
25839.74	-8.022
25840.74	-8.023
25841.74	-8.025
25842.74	-8.027
25843.74	-8.024
25844.74	-8.024
25845.74	-8.021
25846.74	-8.022
25847.74	-8.022
25848.74	-8.021
25849.74	-8.02
25850.74	-8.02
25851.74	-8.022
25852.74	-8.021
25853.74	-8.025
25854.74	-8.023
25855.74	-8.021
25856.74	-8.022
25857.74	-8.021
25858.74	-8.02
25859.74	-8.021
25860.74	-8.024
25861.74	-8.023
25862.74	-8.021
25863.74	-8.025
25864.74	-8.02
25865.74	-8.023
25866.74	-8.022
25867.74	-8.022
25868.74	-8.02
25869.74	-8.022
25870.74	-8.021
25871.74	-8.026
25872.74	-8.021
25873.74	-8.02
25874.74	-8.023
25875.74	-8.021
25876.74	-8.023
25877.74	-8.023
25878.74	-8.023
25879.74	-8.025
25880.74	-8.023
25881.74	-8.019
25882.74	-8.019
25883.74	-8.022
25884.74	-8.02
25885.74	-8.021
25886.74	-8.022
25887.74	-8.019
25888.74	-8.025
25889.74	-8.021
25890.74	-8.026
25891.74	-8.019
25892.74	-8.022
25893.74	-8.023
25894.74	-8.026
25895.74	-8.021
25896.74	-8.022
25897.74	-8.021
25898.74	-8.022
25899.74	-8.023
25900.74	-8.02
25901.74	-8.023
25902.74	-8.022
25903.74	-8.022
25904.74	-8.024
25905.74	-8.022
25906.74	-8.023
25907.74	-8.021
25908.74	-8.022
25909.74	-8.022
25910.74	-8.024
25911.74	-8.023
25912.74	-8.022
25913.74	-8.023
25914.74	-8.026
25915.74	-8.023
25916.74	-8.023
25917.74	-8.024
25918.74	-8.021
25919.74	-8.021
25920.74	-8.022
25921.74	-8.02
25922.74	-8.023
25923.74	-8.021
25924.74	-8.023
25925.74	-8.025
25926.74	-8.024
25927.74	-8.025
25928.74	-8.018
25929.74	-8.02
25930.74	-8.026
25931.74	-8.023
25932.74	-8.024
25933.74	-8.022
25934.74	-8.023
25935.74	-8.022
25936.74	-8.023
25937.74	-8.022
25938.74	-8.022
25939.74	-8.024
25940.74	-8.025
25941.74	-8.021
25942.74	-8.025
25943.74	-8.022
25944.74	-8.022
25945.74	-8.023
25946.74	-8.021
25947.74	-8.025
25948.74	-8.022
25949.74	-8.021
25950.74	-8.023
25951.74	-8.024
25952.74	-8.023
25953.74	-8.024
25954.74	-8.022
25955.74	-8.022
25956.74	-8.026
25957.74	-8.023
25958.74	-8.023
25959.74	-8.019
25960.74	-8.021
25961.74	-8.024
25962.74	-8.022
25963.74	-8.025
25964.74	-8.025
25965.74	-8.024
25966.74	-8.024
25967.74	-8.023
25968.74	-8.022
25969.74	-8.024
25970.74	-8.027
25971.74	-8.022
25972.74	-8.024
25973.74	-8.024
25974.74	-8.03
25975.74	-8.023
25976.74	-8.021
25977.74	-8.024
25978.74	-8.022
25979.74	-8.021
25980.74	-8.022
25981.74	-8.024
25982.74	-8.022
25983.74	-8.023
25984.74	-8.022
25985.74	-8.022
25986.74	-8.024
25987.74	-8.023
25988.74	-8.02
25989.74	-8.021
25990.74	-8.027
25991.74	-8.02
25992.74	-8.024
25993.74	-8.025
25994.74	-8.023
25995.74	-8.021
25996.74	-8.027
25997.74	-8.022
25998.74	-8.026
25999.74	-8.025
26000.74	-8.02
26001.74	-8.021
26002.74	-8.023
26003.74	-8.021
26004.74	-8.021
26005.74	-8.022
26006.74	-8.023
26007.74	-8.024
26008.74	-8.023
26009.74	-8.022
26010.74	-8.019
26011.74	-8.019
26012.74	-8.023
26013.74	-8.023
26014.74	-8.022
26015.74	-8.021
26016.74	-8.022
26017.74	-8.021
26018.74	-8.021
26019.74	-8.021
26020.74	-8.02
26021.74	-8.024
26022.74	-8.022
26023.74	-8.022
26024.74	-8.02
26025.74	-8.021
26026.74	-8.022
26027.74	-8.02
26028.74	-8.024
26029.74	-8.026
26030.74	-8.024
26031.74	-8.022
26032.74	-8.023
26033.74	-8.021
26034.74	-8.022
26035.74	-8.022
26036.74	-8.02
26037.74	-8.022
26038.74	-8.022
26039.74	-8.022
26040.74	-8.021
26041.74	-8.026
26042.74	-8.02
26043.74	-8.024
26044.74	-8.02
26045.74	-8.021
26046.74	-8.024
26047.74	-8.025
26048.74	-8.02
26049.74	-8.021
26050.74	-8.023
26051.74	-8.021
26052.74	-8.019
26053.74	-8.02
26054.74	-8.02
26055.74	-8.021
26056.74	-8.019
26057.74	-8.024
26058.74	-8.024
26059.74	-8.021
26060.74	-8.022
26061.74	-8.023
26062.74	-8.022
26063.74	-8.021
26064.74	-8.024
26065.74	-8.023
26066.74	-8.02
26067.74	-8.021
26068.74	-8.022
26069.74	-8.025
26070.74	-8.023
26071.74	-8.024
26072.74	-8.022
26073.74	-8.024
26074.74	-8.023
26075.74	-8.019
26076.74	-8.021
26077.74	-8.023
26078.74	-8.025
26079.74	-8.022
26080.74	-8.022
26081.74	-8.027
26082.74	-8.023
26083.74	-8.024
26084.74	-8.023
26085.74	-8.023
26086.74	-8.026
26087.74	-8.023
26088.74	-8.02
26089.74	-8.022
26090.74	-8.024
26091.74	-8.026
26092.74	-8.024
26093.74	-8.024
26094.74	-8.021
26095.74	-8.021
26096.74	-8.026
26097.74	-8.022
26098.74	-8.025
26099.74	-8.023
26100.74	-8.021
26101.74	-8.023
26102.74	-8.022
26103.74	-8.021
26104.74	-8.019
26105.74	-8.022
26106.74	-8.022
26107.74	-8.021
26108.74	-8.024
26109.74	-8.02
26110.74	-8.023
26111.74	-8.021
26112.74	-8.019
26113.74	-8.022
26114.74	-8.023
26115.74	-8.023
26116.74	-8.025
26117.74	-8.02
26118.74	-8.023
26119.74	-8.025
26120.74	-8.023
26121.74	-8.024
26122.74	-8.021
26123.74	-8.023
26124.74	-8.025
26125.74	-8.025
26126.74	-8.021
26127.74	-8.021
26128.74	-8.023
26129.74	-8.023
26130.74	-8.027
26131.74	-8.021
26132.74	-8.024
26133.74	-8.026
26134.74	-8.021
26135.74	-8.023
26136.74	-8.02
26137.74	-8.022
26138.74	-8.019
26139.74	-8.024
26140.74	-8.023
26141.74	-8.022
26142.74	-8.023
26143.74	-8.027
26144.74	-8.02
26145.74	-8.022
26146.74	-8.017
26147.74	-8.026
26148.74	-8.021
26149.74	-8.022
26150.74	-8.022
26151.74	-8.019
26152.74	-8.022
26153.74	-8.021
26154.74	-8.022
26155.74	-8.023
26156.74	-8.021
26157.74	-8.026
26158.74	-8.02
26159.74	-8.023
26160.74	-8.023
26161.74	-8.023
26162.74	-8.022
26163.74	-8.018
26164.74	-8.021
26165.74	-8.019
26166.74	-8.025
26167.74	-8.024
26168.74	-8.022
26169.74	-8.026
26170.74	-8.025
26171.74	-8.019
26172.74	-8.018
26173.74	-8.025
26174.74	-8.021
26175.74	-8.021
26176.74	-8.024
26177.74	-8.024
26178.74	-8.024
26179.74	-8.02
26180.74	-8.021
26181.74	-8.026
26182.74	-8.023
26183.74	-8.023
26184.74	-8.022
26185.74	-8.026
26186.74	-8.026
26187.74	-8.024
26188.74	-8.024
26189.74	-8.022
26190.74	-8.022
26191.74	-8.024
26192.74	-8.02
26193.74	-8.019
26194.74	-8.023
26195.74	-8.021
26196.74	-8.025
26197.74	-8.023
26198.74	-8.022
26199.74	-8.02
26200.74	-8.022
26201.74	-8.025
26202.74	-8.024
26203.74	-8.019
26204.74	-8.024
26205.74	-8.019
26206.74	-8.021
26207.74	-8.025
26208.74	-8.02
26209.74	-8.023
26210.74	-8.022
26211.74	-8.023
26212.74	-8.022
26213.74	-8.022
26214.74	-8.024
26215.74	-8.025
26216.74	-8.021
26217.74	-8.025
26218.74	-8.022
26219.74	-8.022
26220.74	-8.021
26221.74	-8.023
26222.74	-8.023
26223.74	-8.02
26224.74	-8.025
26225.74	-8.022
26226.74	-8.022
26227.74	-8.026
26228.74	-8.024
26229.74	-8.022
26230.74	-8.023
26231.74	-8.024
26232.74	-8.021
26233.74	-8.021
26234.74	-8.023
26235.74	-8.022
26236.74	-8.022
26237.74	-8.023
26238.74	-8.021
26239.74	-8.027
26240.74	-8.023
26241.74	-8.022
26242.74	-8.023
26243.74	-8.024
26244.74	-8.022
26245.74	-8.025
26246.74	-8.02
26247.74	-8.027
26248.74	-8.021
26249.74	-8.022
26250.74	-8.025
26251.74	-8.02
26252.74	-8.023
26253.74	-8.025
26254.74	-8.024
26255.74	-8.021
26256.74	-8.025
26257.74	-8.024
26258.74	-8.025
26259.74	-8.022
26260.74	-8.022
26261.74	-8.021
26262.74	-8.022
26263.74	-8.025
26264.74	-8.025
26265.74	-8.021
26266.74	-8.021
26267.74	-8.023
26268.74	-8.022
26269.74	-8.022
26270.74	-8.028
26271.74	-8.024
26272.74	-8.025
26273.74	-8.021
26274.74	-8.021
26275.74	-8.021
26276.74	-8.022
26277.74	-8.021
26278.74	-8.022
26279.74	-8.025
26280.74	-8.025
26281.74	-8.022
26282.74	-8.023
26283.74	-8.023
26284.74	-8.026
26285.74	-8.02
26286.74	-8.024
26287.74	-8.021
26288.74	-8.023
26289.74	-8.024
26290.74	-8.022
26291.74	-8.022
26292.74	-8.022
26293.74	-8.022
26294.74	-8.025
26295.74	-8.021
26296.74	-8.025
26297.74	-8.023
26298.74	-8.021
26299.74	-8.021
26300.74	-8.022
26301.74	-8.022
26302.74	-8.022
26303.74	-8.028
26304.74	-8.023
26305.74	-8.024
26306.74	-8.024
26307.74	-8.021
26308.74	-8.022
26309.74	-8.022
26310.74	-8.021
26311.74	-8.026
26312.74	-8.026
26313.74	-8.022
26314.74	-8.023
26315.74	-8.023
26316.74	-8.024
26317.74	-8.02
26318.74	-8.021
26319.74	-8.021
26320.74	-8.02
26321.74	-8.02
26322.74	-8.02
26323.74	-8.018
26324.74	-8.02
26325.74	-8.021
26326.74	-8.024
26327.74	-8.021
26328.74	-8.022
26329.74	-8.021
26330.74	-8.025
26331.74	-8.021
26332.74	-8.02
26333.74	-8.02
26334.74	-8.021
26335.74	-8.019
26336.74	-8.02
26337.74	-8.021
26338.74	-8.022
26339.74	-8.019
26340.74	-8.017
26341.74	-8.017
26342.74	-8.015
26343.74	-8.017
26344.74	-8.018
26345.74	-8.016
26346.74	-8.015
26347.74	-8.016
26348.74	-8.017
26349.74	-8.014
26350.74	-8.014
26351.74	-8.015
26352.74	-8.018
26353.74	-8.017
26354.74	-8.015
26355.74	-8.01
26356.74	-8.016
26357.74	-8.017
26358.74	-8.019
26359.74	-8.016
26360.74	-8.016
26361.74	-8.018
26362.74	-8.015
26363.74	-8.015
26364.74	-8.018
26365.74	-8.017
26366.74	-8.015
26367.74	-8.016
26368.74	-8.02
26369.74	-8.016
26370.74	-8.017
26371.74	-8.016
26372.74	-8.016
26373.74	-8.015
26374.74	-8.015
26375.74	-8.016
26376.74	-8.015
26377.74	-8.015
26378.74	-8.013
26379.74	-8.014
26380.74	-8.017
26381.74	-8.013
26382.74	-8.013
26383.74	-8.013
26384.74	-8.015
26385.74	-8.017
26386.74	-8.014
26387.74	-8.015
26388.74	-8.014
26389.74	-8.016
26390.74	-8.014
26391.74	-8.015
26392.74	-8.019
26393.74	-8.017
26394.74	-8.016
26395.74	-8.017
26396.74	-8.015
26397.74	-8.018
26398.74	-8.018
26399.74	-8.016
26400.74	-8.015
26401.74	-8.014
26402.74	-8.016
26403.74	-8.016
26404.74	-8.017
26405.74	-8.015
26406.74	-8.019
26407.74	-8.016
26408.74	-8.013
26409.74	-8.014
26410.74	-8.018
26411.74	-8.015
26412.74	-8.017
26413.74	-8.016
26414.74	-8.015
26415.74	-8.015
26416.74	-8.017
26417.74	-8.016
26418.74	-8.017
26419.74	-8.017
26420.74	-8.018
26421.74	-8.012
26422.74	-8.017
26423.74	-8.018
26424.74	-8.015
26425.74	-8.016
26426.74	-8.017
26427.74	-8.017
26428.74	-8.014
26429.74	-8.015
26430.74	-8.012
26431.74	-8.013
26432.74	-8.018
26433.74	-8.018
26434.74	-8.016
26435.74	-8.019
26436.74	-8.018
26437.74	-8.014
26438.74	-8.018
26439.74	-8.018
26440.74	-8.015
26441.74	-8.017
26442.74	-8.017
26443.74	-8.019
26444.74	-8.016
26445.74	-8.017
26446.74	-8.019
26447.74	-8.018
26448.74	-8.018
26449.74	-8.017
26450.74	-8.018
26451.74	-8.02
26452.74	-8.016
26453.74	-8.017
26454.74	-8.018
26455.74	-8.021
26456.74	-8.024
26457.74	-8.021
26458.74	-8.02
26459.74	-8.02
26460.74	-8.024
26461.74	-8.021
26462.74	-8.02
26463.74	-8.023
26464.74	-8.021
26465.74	-8.018
26466.74	-8.017
26467.74	-8.022
26468.74	-8.023
26469.74	-8.02
26470.74	-8.019
26471.74	-8.022
26472.74	-8.021
26473.74	-8.021
26474.74	-8.022
26475.74	-8.022
26476.74	-8.024
26477.74	-8.026
26478.74	-8.021
26479.74	-8.025
26480.74	-8.02
26481.74	-8.019
26482.74	-8.022
26483.74	-8.025
26484.74	-8.024
26485.74	-8.018
26486.74	-8.026
26487.74	-8.02
26488.74	-8.021
26489.74	-8.022
26490.74	-8.023
26491.74	-8.019
26492.74	-8.018
26493.74	-8.022
26494.74	-8.02
26495.74	-8.021
26496.74	-8.02
26497.74	-8.02
26498.74	-8.023
26499.74	-8.02
26500.74	-8.018
26501.74	-8.019
26502.74	-8.022
26503.74	-8.018
26504.74	-8.02
26505.74	-8.021
26506.74	-8.019
26507.74	-8.019
26508.74	-8.022
26509.74	-8.02
26510.74	-8.022
26511.74	-8.022
26512.74	-8.024
26513.74	-8.023
26514.74	-8.018
26515.74	-8.021
26516.74	-8.024
26517.74	-8.018
26518.74	-8.021
26519.74	-8.02
26520.74	-8.025
26521.74	-8.02
26522.74	-8.022
26523.74	-8.02
26524.74	-8.021
26525.74	-8.024
26526.74	-8.021
26527.74	-8.022
26528.74	-8.025
26529.74	-8.022
26530.74	-8.019
26531.74	-8.021
26532.74	-8.019
26533.74	-8.019
26534.74	-8.018
26535.74	-8.022
26536.74	-8.023
26537.74	-8.023
26538.74	-8.022
26539.74	-8.02
26540.74	-8.023
26541.74	-8.021
26542.74	-8.026
26543.74	-8.023
26544.74	-8.02
26545.74	-8.02
26546.74	-8.023
26547.74	-8.023
26548.74	-8.02
26549.74	-8.022
26550.74	-8.021
26551.74	-8.022
26552.74	-8.022
26553.74	-8.023
26554.74	-8.022
26555.74	-8.018
26556.74	-8.021
26557.74	-8.019
26558.74	-8.021
26559.74	-8.018
26560.74	-8.021
26561.74	-8.022
26562.74	-8.022
26563.74	-8.025
26564.74	-8.023
26565.74	-8.024
26566.74	-8.024
26567.74	-8.019
26568.74	-8.021
26569.74	-8.021
26570.74	-8.018
26571.74	-8.02
26572.74	-8.02
26573.74	-8.021
26574.74	-8.022
26575.74	-8.02
26576.74	-8.022
26577.74	-8.021
26578.74	-8.025
26579.74	-8.018
26580.74	-8.022
26581.74	-8.022
26582.74	-8.02
26583.74	-8.019
26584.74	-8.021
26585.74	-8.022
26586.74	-8.02
26587.74	-8.021
26588.74	-8.024
26589.74	-8.022
26590.74	-8.021
26591.74	-8.021
26592.74	-8.023
26593.74	-8.021
26594.74	-8.019
26595.74	-8.019
26596.74	-8.02
26597.74	-8.023
26598.74	-8.021
26599.74	-8.021
26600.74	-8.025
26601.74	-8.019
26602.74	-8.019
26603.74	-8.022
26604.74	-8.022
26605.74	-8.017
26606.74	-8.021
26607.74	-8.021
26608.74	-8.019
26609.74	-8.019
26610.74	-8.022
26611.74	-8.022
26612.74	-8.021
26613.74	-8.02
26614.74	-8.021
26615.74	-8.023
26616.74	-8.024
26617.74	-8.023
26618.74	-8.019
26619.74	-8.022
26620.74	-8.02
26621.74	-8.023
26622.74	-8.022
26623.74	-8.02
26624.74	-8.025
26625.74	-8.019
26626.74	-8.021
26627.74	-8.024
26628.74	-8.022
26629.74	-8.019
26630.74	-8.024
26631.74	-8.024
26632.74	-8.018
26633.74	-8.021
26634.74	-8.021
26635.74	-8.021
26636.74	-8.021
26637.74	-8.026
26638.74	-8.018
26639.74	-8.021
26640.74	-8.024
26641.74	-8.021
26642.74	-8.021
26643.74	-8.023
26644.74	-8.024
26645.74	-8.025
26646.74	-8.023
26647.74	-8.024
26648.74	-8.021
26649.74	-8.02
26650.74	-8.023
26651.74	-8.023
26652.74	-8.024
26653.74	-8.022
26654.74	-8.021
26655.74	-8.023
26656.74	-8.02
26657.74	-8.024
26658.74	-8.022
26659.74	-8.025
26660.74	-8.024
26661.74	-8.021
26662.74	-8.02
26663.74	-8.022
26664.74	-8.02
26665.74	-8.02
26666.74	-8.022
26667.74	-8.022
26668.74	-8.021
26669.74	-8.019
26670.74	-8.021
26671.74	-8.017
26672.74	-8.023
26673.74	-8.022
26674.74	-8.023
26675.74	-8.021
26676.74	-8.025
26677.74	-8.023
26678.74	-8.021
26679.74	-8.021
26680.74	-8.021
26681.74	-8.023
26682.74	-8.021
26683.74	-8.022
26684.74	-8.022
26685.74	-8.021
26686.74	-8.021
26687.74	-8.021
26688.74	-8.023
26689.74	-8.021
26690.74	-8.022
26691.74	-8.022
26692.74	-8.023
26693.74	-8.021
26694.74	-8.02
26695.74	-8.023
26696.74	-8.024
26697.74	-8.022
26698.74	-8.023
26699.74	-8.019
26700.74	-8.023
26701.74	-8.022
26702.74	-8.022
26703.74	-8.023
26704.74	-8.024
26705.74	-8.021
26706.74	-8.021
26707.74	-8.019
26708.74	-8.022
26709.74	-8.023
26710.74	-8.023
26711.74	-8.02
26712.74	-8.022
26713.74	-8.022
26714.74	-8.023
26715.74	-8.023
26716.74	-8.021
26717.74	-8.022
26718.74	-8.023
26719.74	-8.024
26720.74	-8.024
26721.74	-8.021
26722.74	-8.02
26723.74	-8.022
26724.74	-8.022
26725.74	-8.021
26726.74	-8.02
26727.74	-8.025
26728.74	-8.023
26729.74	-8.022
26730.74	-8.024
26731.74	-8.021
26732.74	-8.022
26733.74	-8.021
26734.74	-8.02
26735.74	-8.022
26736.74	-8.022
26737.74	-8.022
26738.74	-8.018
26739.74	-8.022
26740.74	-8.021
26741.74	-8.021
26742.74	-8.022
26743.74	-8.022
26744.74	-8.023
26745.74	-8.022
26746.74	-8.021
26747.74	-8.024
26748.74	-8.025
26749.74	-8.022
26750.74	-8.022
26751.74	-8.024
26752.74	-8.022
26753.74	-8.024
26754.74	-8.022
26755.74	-8.023
26756.74	-8.023
26757.74	-8.024
26758.74	-8.021
26759.74	-8.021
26760.74	-8.023
26761.74	-8.022
26762.74	-8.022
26763.74	-8.026
26764.74	-8.023
26765.74	-8.022
26766.74	-8.022
26767.74	-8.021
26768.74	-8.022
26769.74	-8.023
26770.74	-8.021
26771.74	-8.022
26772.74	-8.023
26773.74	-8.024
26774.74	-8.021
26775.74	-8.02
26776.74	-8.023
26777.74	-8.024
26778.74	-8.021
26779.74	-8.022
26780.74	-8.021
26781.74	-8.021
26782.74	-8.023
26783.74	-8.022
26784.74	-8.023
26785.74	-8.022
26786.74	-8.023
26787.74	-8.024
26788.74	-8.022
26789.74	-8.023
26790.74	-8.02
26791.74	-8.022
26792.74	-8.023
26793.74	-8.025
26794.74	-8.02
26795.74	-8.024
26796.74	-8.025
26797.74	-8.023
26798.74	-8.024
26799.74	-8.022
26800.74	-8.024
26801.74	-8.021
26802.74	-8.024
26803.74	-8.022
26804.74	-8.022
26805.74	-8.021
26806.74	-8.021
26807.74	-8.025
26808.74	-8.022
26809.74	-8.021
26810.74	-8.02
26811.74	-8.024
26812.74	-8.024
26813.74	-8.023
26814.74	-8.027
26815.74	-8.021
26816.74	-8.023
26817.74	-8.025
26818.74	-8.022
26819.74	-8.024
26820.74	-8.019
26821.74	-8.022
26822.74	-8.02
26823.74	-8.021
26824.74	-8.021
26825.74	-8.022
26826.74	-8.022
26827.74	-8.023
26828.74	-8.021
26829.74	-8.021
26830.74	-8.024
26831.74	-8.02
26832.74	-8.026
26833.74	-8.024
26834.74	-8.023
26835.74	-8.025
26836.74	-8.021
26837.74	-8.024
26838.74	-8.021
26839.74	-8.023
26840.74	-8.023
26841.74	-8.019
26842.74	-8.022
26843.74	-8.024
26844.74	-8.021
26845.74	-8.022
26846.74	-8.022
26847.74	-8.024
26848.74	-8.021
26849.74	-8.023
26850.74	-8.022
26851.74	-8.021
26852.74	-8.021
26853.74	-8.02
26854.74	-8.02
26855.74	-8.021
26856.74	-8.022
26857.74	-8.022
26858.74	-8.022
26859.74	-8.022
26860.74	-8.021
26861.74	-8.022
26862.74	-8.024
26863.74	-8.022
26864.74	-8.023
26865.74	-8.022
26866.74	-8.027
26867.74	-8.022
26868.74	-8.022
26869.74	-8.023
26870.74	-8.025
26871.74	-8.021
26872.74	-8.022
26873.74	-8.021
26874.74	-8.021
26875.74	-8.022
26876.74	-8.024
26877.74	-8.021
26878.74	-8.02
26879.74	-8.022
26880.74	-8.023
26881.74	-8.023
26882.74	-8.023
26883.74	-8.023
26884.74	-8.024
26885.74	-8.022
26886.74	-8.024
26887.74	-8.024
26888.74	-8.023
26889.74	-8.021
26890.74	-8.02
26891.74	-8.023
26892.74	-8.021
26893.74	-8.024
26894.74	-8.022
26895.74	-8.023
26896.74	-8.027
26897.74	-8.02
26898.74	-8.022
26899.74	-8.022
26900.74	-8.023
26901.74	-8.023
26902.74	-8.022
26903.74	-8.023
26904.74	-8.022
26905.74	-8.023
26906.74	-8.022
26907.74	-8.021
26908.74	-8.021
26909.74	-8.023
26910.74	-8.025
26910.76	-8.023
26911.74	-3.009
26912.74	-3.006
26913.74	-3.008
26914.74	-3.006
26915.74	-3.003
26916.74	-3.006
26917.74	-3.006
26918.74	-3.008
26919.74	-3.008
26920.74	-3.006
26921.74	-3.005
26922.74	-3.009
26923.74	-3.006
26924.74	-3.007
26925.74	-3.005
26926.74	-3.006
26927.74	-3.004
26928.74	-3.005
26929.74	-3.006
26930.74	-3.006
26931.74	-3.012
26932.74	-3.004
26933.74	-3.01
26934.74	-3.012
26935.74	-3.006
26936.74	-3.006
26937.74	-3.008
26938.74	-3.005
26939.74	-3.009
26940.74	-3.005
26941.74	-3.008
26942.74	-3.006
26943.74	-3.008
26944.74	-3.01
26945.74	-3.008
26946.74	-3.007
26947.74	-3.013
26948.74	-3.007
26949.74	-3.011
26950.74	-3.007
26951.74	-3.005
26952.74	-3.011
26953.74	-3.006
26954.74	-3.006
26955.74	-3.008
26956.74	-3.006
26957.74	-3.006
26958.74	-3.008
26959.74	-3.008
26960.74	-3.002
26961.74	-3.009
26962.74	-3.006
26963.74	-3.007
26964.74	-3.006
26965.74	-3.01
26966.74	-3.006
26967.74	-3.009
26968.74	-3.006
26969.74	-3.005
26970.74	-3.008
26971.74	-3.007
26972.74	-3.008
26973.74	-3.006
26974.74	-3.006
26975.74	-3.006
26976.74	-3.007
26977.74	-3.015
26978.74	-3.006
26979.74	-3.005
26980.74	-3.009
26981.74	-3.005
26982.74	-3.007
26983.74	-3.005
26984.74	-3.007
26985.74	-3.005
26986.74	-3.008
26987.74	-3.007
26988.74	-3.011
26989.74	-3.005
26990.74	-3.006
26991.74	-3.008
26992.74	-3.009
26993.74	-3.007
26994.74	-3.008
26995.74	-3.007
26996.74	-3.006
26997.74	-3.007
26998.74	-3.007
26999.74	-3.006
27000.74	-3.01
27001.74	-3.01
27002.74	-3.006
27003.74	-3.007
27004.74	-3.01
27005.74	-3.004
27006.74	-3.007
27007.74	-3.01
27008.74	-3.01
27009.74	-3.009
27010.74	-3.008
27011.74	-3.008
27012.74	-3.009
27013.74	-3.007
27014.74	-3.005
27015.74	-3.008
27016.74	-3.007
27017.74	-3.007
27018.74	-3.007
27019.74	-3.009
27020.74	-3.009
27021.74	-3.007
27022.74	-3.009
27023.74	-3.011
27024.74	-3.009
27025.74	-3.006
27026.74	-3.007
27027.74	-3.007
27028.74	-3.007
27029.74	-3.007
27030.74	-3.008
27031.74	-3.01
27032.74	-3.01
27033.74	-3.008
27034.74	-3.007
27035.74	-3.013
27036.74	-3.007
27037.74	-3.005
27038.74	-3.007
27039.74	-3.006
27040.74	-3.008
27041.74	-3.005
27042.74	-3.009
27043.74	-3.01
27044.74	-3.004
27045.74	-3.008
27046.74	-3.006
27047.74	-3.006
27048.74	-3.005
27049.74	-3.006
27050.74	-3.006
27051.74	-3.008
27052.74	-3.007
27053.74	-3.003
27054.74	-3.009
27055.74	-3.007
27056.74	-3.009
27057.74	-3.01
27058.74	-3.007
27059.74	-3.008
27060.74	-3.007
27061.74	-3.01
27062.74	-3.009
27063.74	-3.009
27064.74	-3.008
27065.74	-3.009
27066.74	-3.009
27067.74	-3.007
27068.74	-3.007
27069.74	-3.01
27070.74	-3.007
27071.74	-3.009
27072.74	-3.007
27073.74	-3.006
27074.74	-3.009
27075.74	-3.01
27076.74	-3.007
27077.74	-3.007
27078.74	-3.006
27079.74	-3.011
27080.74	-3.006
27081.74	-3.005
27082.74	-3.006
27083.74	-3.005
27084.74	-3.009
27085.74	-3.006
27086.74	-3.01
27087.74	-3.006
27088.74	-3.004
27089.74	-3.007
27090.74	-3.005
27091.74	-3.009
27092.74	-3.012
27093.74	-3.007
27094.74	-3.005
27095.74	-3.009
27096.74	-3.007
27097.74	-3.007
27098.74	-3.009
27099.74	-3.008
27100.74	-3.004
27101.74	-3.007
27102.74	-3.009
27103.74	-3.008
27104.74	-3.006
27105.74	-3.008
27106.74	-3.006
27107.74	-3.007
27108.74	-3.007
27109.74	-3.008
27110.74	-3.008
27111.74	-3.006
27112.74	-3.01
27113.74	-3.007
27114.74	-3.009
27115.74	-3.007
27116.74	-3.009
27117.74	-3.009
27118.74	-3.005
27119.74	-3.011
27120.74	-3.007
27121.74	-3.005
27122.74	-3.007
27123.74	-3.005
27124.74	-3.006
27125.74	-3.006
27126.74	-3.01
27127.74	-3.011
27128.74	-3.008
27129.74	-3.006
27130.74	-3.005
27131.74	-3.007
27132.74	-3.009
27133.74	-3.005
27134.74	-3.005
27135.74	-3.008
27136.74	-3.006
27137.74	-3.01
27138.74	-3.007
27139.74	-3.011
27140.74	-3.008
27141.74	-3.004
27142.74	-3.008
27143.74	-3.007
27144.74	-3.005
27145.74	-3.006
27146.74	-3.006
27147.74	-3.007
27148.74	-3.013
27149.74	-3.006
27150.74	-3.006
27151.74	-3.005
27152.74	-3.009
27153.74	-3.006
27154.74	-3.005
27155.74	-3.006
27156.74	-3.006
27157.74	-3.004
27158.74	-3.004
27159.74	-3.011
27160.74	-3.006
27161.74	-3.009
27162.74	-3.006
27163.74	-3.006
27164.74	-3.004
27165.74	-3.006
27166.74	-3.006
27167.74	-3.004
27168.74	-3.007
27169.74	-3.009
27170.74	-3.007
27171.74	-3.009
27172.74	-3.005
27173.74	-3.007
27174.74	-3.007
27175.74	-3.013
27176.74	-3.008
27177.74	-3.008
27178.74	-3.009
27179.74	-3.007
27180.74	-3.006
27181.74	-3.01
27182.74	-3.006
27183.74	-3.007
27184.74	-3.01
27185.74	-3.007
27186.74	-3.009
27187.74	-3.005
27188.74	-3.009
27189.74	-3.005
27190.74	-3.01
27191.74	-3.006
27192.74	-3.006
27193.74	-3.009
27194.74	-3.008
27195.74	-3.008
27196.74	-3.006
27197.74	-3.01
27198.74	-3.007
27199.74	-3.011
27200.74	-3.009
27201.74	-3.008
27202.74	-3.006
27203.74	-3.007
27204.74	-3.005
27205.74	-3.006
27206.74	-3.009
27207.74	-3.012
27208.74	-3.004
27209.74	-3.008
27210.74	-3.013
27211.74	-3.006
27212.74	-3.005
27213.74	-3.004
27214.74	-3.008
27215.74	-3.007
27216.74	-3.006
27217.74	-3.006
27218.74	-3.007
27219.74	-3.006
27220.74	-3.007
27221.74	-3.008
27222.74	-3.006
27223.74	-3.01
27224.74	-3.01
27225.74	-3.007
27226.74	-3.005
27227.74	-3.006
27228.74	-3.007
27229.74	-3.012
27230.74	-3.009
27231.74	-3.005
27232.74	-3.01
27233.74	-3.006
27234.74	-3.006
27235.74	-3.012
27236.74	-3.008
27237.74	-3.008
27238.74	-3.006
27239.74	-3.007
27240.74	-3.008
27241.74	-3.009
27242.74	-3.01
27243.74	-3.008
27244.74	-3.009
27245.74	-3.01
27246.74	-3.009
27247.74	-3.006
27248.74	-3.008
27249.74	-3.009
27250.74	-3.005
27251.74	-3.008
27252.74	-3.009
27253.74	-3.009
27254.74	-3.01
27255.74	-3.005
27256.74	-3.01
27257.74	-3.009
27258.74	-3.007
27259.74	-3.007
27260.74	-3.009
27261.74	-3.008
27262.74	-3.007
27263.74	-3.007
27264.74	-3.011
27265.74	-3.007
27266.74	-3.005
27267.74	-3.009
27268.74	-3.007
27269.74	-3.009
27270.74	-3.007
27271.74	-3.006
27272.74	-3.009
27273.74	-3.011
27274.74	-3.006
27275.74	-3.011
27276.74	-3.01
27277.74	-3.007
27278.74	-3.01
27279.74	-3.006
27280.74	-3.01
27281.74	-3.005
27282.74	-3.006
27283.74	-3.005
27284.74	-3.009
27285.74	-3.01
27286.74	-3.006
27287.74	-3.007
27288.74	-3.007
27289.74	-3.007
27290.74	-3.007
27291.74	-3.007
27292.74	-3.007
27293.74	-3.008
27294.74	-3.009
27295.74	-3.008
27296.74	-3.01
27297.74	-3.008
27298.74	-3.008
27299.74	-3.005
27300.74	-3.008
27301.74	-3.004
27302.74	-3.009
27303.74	-3.008
27304.74	-3.004
27305.74	-3.007
27306.74	-3.007
27307.74	-3.009
27308.74	-3.011
27309.74	-3.009
27310.74	-3.01
27311.74	-3.005
27312.74	-3.009
27313.74	-3.009
27314.74	-3.01
27315.74	-3.009
27316.74	-3.008
27317.74	-3.008
27318.74	-3.011
27319.74	-3.008
27320.74	-3.007
27321.74	-3.008
27322.74	-3.007
27323.74	-3.006
27324.74	-3.007
27325.74	-3.009
27326.74	-3.008
27327.74	-3.006
27328.74	-3.007
27329.74	-3.01
27330.74	-3.008
27331.74	-3.009
27332.74	-3.007
27333.74	-3.009
27334.74	-3.008
27335.74	-3.011
27336.74	-3.011
27337.74	-3.008
27338.74	-3.007
27339.74	-3.009
27340.74	-3.007
27341.74	-3.008
27342.74	-3.009
27343.74	-3.005
27344.74	-3.005
27345.74	-3.008
27346.74	-3.008
27347.74	-3.006
27348.74	-3.011
27349.74	-3.008
27350.74	-3.009
27351.74	-3.01
27352.74	-3.008
27353.74	-3.009
27354.74	-3.007
27355.74	-3.009
27356.74	-3.005
27357.74	-3.007
27358.74	-3.006
27359.74	-3.008
27360.74	-3.008
27361.74	-3.008
27362.74	-3.006
27363.74	-3.007
27364.74	-3.008
27365.74	-3.006
27366.74	-3.008
27367.74	-3.01
27368.74	-3.007
27369.74	-3.011
27370.74	-3.009
27371.74	-3.008
27372.74	-3.006
27373.74	-3.009
27374.74	-3.009
27375.74	-3.008
27376.74	-3.007
27377.74	-3.01
27378.74	-3.005
27379.74	-3.009
27380.74	-3.007
27381.74	-3.01
27382.74	-3.008
27383.74	-3.009
27384.74	-3.009
27385.74	-3.011
27386.74	-3.012
27387.74	-3.008
27388.74	-3.006
27389.74	-3.009
27390.74	-3.008
27391.74	-3.006
27392.74	-3.014
27393.74	-3.009
27394.74	-3.005
27395.74	-3.009
27396.74	-3.01
27397.74	-3.008
27398.74	-3.007
27399.74	-3.011
27400.74	-3.005
27401.74	-3.009
27402.74	-3.008
27403.74	-3.006
27404.74	-3.007
27405.74	-3.007
27406.74	-3.004
27407.74	-3.01
27408.74	-3.007
27409.74	-3.007
27410.74	-3.008
27411.74	-3.009
27412.74	-3.006
27413.74	-3.012
27414.74	-3.008
27415.74	-3.008
27416.74	-3.007
27417.74	-3.008
27418.74	-3.009
27419.74	-3.012
27420.74	-3.01
27421.74	-3.008
27422.74	-3.007
27423.74	-3.008
27424.74	-3.008
27425.74	-3.007
27426.74	-3.008
27427.74	-3.008
27428.74	-3.008
27429.74	-3.011
27430.74	-3.007
27431.74	-3.008
27432.74	-3.003
27433.74	-3.009
27434.74	-3.009
27435.74	-3.008
27436.74	-3.005
27437.74	-3.008
27438.74	-3.007
27439.74	-3.009
27440.74	-3.013
27441.74	-3.009
27442.74	-3.009
27443.74	-3.007
27444.74	-3.008
27445.74	-3.01
27446.74	-3.009
27447.74	-3.006
27448.74	-3.007
27449.74	-3.006
27450.74	-3.01
27451.74	-3.008
27452.74	-3.01
27453.74	-3.008
27454.74	-3.006
27455.74	-3.007
27456.74	-3.007
27457.74	-3.01
27458.74	-3.007
27459.74	-3.009
27460.74	-3.007
27461.74	-3.008
27462.74	-3.009
27463.74	-3.009
27464.74	-3.007
27465.74	-3.007
27466.74	-3.008
27467.74	-3.007
27468.74	-3.006
27469.74	-3.008
27470.74	-3.009
27471.74	-3.006
27472.74	-3.007
27473.74	-3.006
27474.74	-3.009
27475.74	-3.008
27476.74	-3.008
27477.74	-3.005
27478.74	-3.006
27479.74	-3.009
27480.74	-3.008
27481.74	-3.006
27482.74	-3.007
27483.74	-3.008
27484.74	-3.009
27485.74	-3.009
27486.74	-3.008
27487.74	-3.007
27488.74	-3.01
27489.74	-3.01
27490.74	-3.008
27491.74	-3.009
27492.74	-3.009
27493.74	-3.01
27494.74	-3.006
27495.74	-3.012
27496.74	-3.01
27497.74	-3.007
27498.74	-3.008
27499.74	-3.01
27500.74	-3.009
27501.74	-3.007
27502.74	-3.012
27503.74	-3.007
27504.74	-3.005
27505.74	-3.007
27506.74	-3.009
27507.74	-3.008
27508.74	-3.01
27509.74	-3.009
27510.74	-3.008
27511.74	-3.006
27512.74	-3.009
27513.74	-3.006
27514.74	-3.008
27515.74	-3.011
27516.74	-3.009
27517.74	-3.007
27518.74	-3.012
27519.74	-3.009
27520.74	-3.006
27521.74	-3.009
27522.74	-3.006
27523.74	-3.007
27524.74	-3.007
27525.74	-3.004
27526.74	-3.009
27527.74	-3.008
27528.74	-3.007
27529.74	-3.011
27530.74	-3.009
27531.74	-3.011
27532.74	-3.005
27533.74	-3.006
27534.74	-3.008
27535.74	-3.009
27536.74	-3.007
27537.74	-3.002
27538.74	-3.007
27539.74	-3.006
27540.74	-3.005
27541.74	-3.008
27542.74	-3.007
27543.74	-3.009
27544.74	-3.006
27545.74	-3.006
27546.74	-3.013
27547.74	-3.009
27548.74	-3.01
27549.74	-3.004
27550.74	-3.007
27551.74	-3.008
27552.74	-3.01
27553.74	-3.006
27554.74	-3.007
27555.74	-3.009
27556.74	-3.008
27557.74	-3.008
27558.74	-3.01
27559.74	-3.007
27560.74	-3.006
27561.74	-3.012
27562.74	-3.007
27563.74	-3.008
27564.74	-3.009
27565.74	-3.005
27566.74	-3.011
27567.74	-3.006
27568.74	-3.005
27569.74	-3.007
27570.74	-3.009
27571.74	-3.006
27572.74	-3.01
27573.74	-3.006
27574.74	-3.008
27575.74	-3.004
27576.74	-3.011
27577.74	-3.006
27578.74	-3.007
27579.74	-3.007
27580.74	-3.009
27581.74	-3.003
27582.74	-3.002
27583.74	-3.008
27584.74	-3.009
27585.74	-3.008
27586.74	-3.006
27587.74	-3.005
27588.74	-3.009
27589.74	-3.007
27590.74	-3.003
27591.74	-3.006
27592.74	-3.005
27593.74	-3.006
27594.74	-3.007
27595.74	-3.009
27596.74	-3.004
27597.74	-3.008
27598.74	-3.004
27599.74	-3.011
27600.74	-3.01
27601.74	-3.008
27602.74	-3.011
27603.74	-3.004
27604.74	-3.004
27605.74	-3.011
27606.74	-3.006
27607.74	-3.008
27608.74	-3.007
27609.74	-3.009
27610.74	-3.014
27611.74	-3.005
27612.74	-3.01
27613.74	-3.006
27614.74	-3.004
27615.74	-3.008
27616.74	-3.008
27617.74	-3.007
27618.74	-3.006
27619.74	-3.008
27620.74	-3.009
27621.74	-3.009
27622.74	-3.009
27623.74	-3.012
27624.74	-3.01
27625.74	-3.004
27626.74	-3.011
27627.74	-3.006
27628.74	-3.006
27629.74	-3.004
27630.74	-3.011
27631.74	-3.012
27632.74	-3.006
27633.74	-3.008
27634.74	-3.005
27635.74	-3.009
27636.74	-3.011
27637.74	-3.008
27638.74	-3.011
27639.74	-3.007
27640.74	-3.008
27641.74	-3.009
27642.74	-3.003
27643.74	-3.01
27644.74	-3.01
27645.74	-3.006
27646.74	-3.008
27647.74	-3.009
27648.74	-3.009
27649.74	-3.004
27650.74	-3.009
27651.74	-3.01
27652.74	-3.005
27653.74	-3.01
27654.74	-3.01
27655.74	-3.01
27656.74	-3.006
27657.74	-3.008
27658.74	-3.007
27659.74	-3.009
27660.74	-3.007
27661.74	-3.003
27662.74	-3.006
27663.74	-3.005
27664.74	-3.005
27665.74	-3.007
27666.74	-3.011
27667.74	-3.009
27668.74	-3.007
27669.74	-3.008
27670.74	-3.009
27671.74	-3.005
27672.74	-3.005
27673.74	-3.01
27674.74	-3.006
27675.74	-3.007
27676.74	-3.007
27677.74	-3.008
27678.74	-3.008
27679.74	-3.008
27680.74	-3.007
27681.74	-3.007
27682.74	-3.007
27683.74	-3.008
27684.74	-3.004
27685.74	-3.006
27686.74	-3.006
27687.74	-3.01
27688.74	-3.006
27689.74	-3.008
27690.74	-3.013
27691.74	-3.006
27692.74	-3.006
27693.74	-3.003
27694.74	-3.005
27695.74	-3.009
27696.74	-3.007
27697.74	-3.008
27698.74	-3.007
27699.74	-3.007
27700.74	-3.006
27701.74	-3.006
27702.74	-3.012
27703.74	-3.005
27704.74	-3.007
27705.74	-3.005
27706.74	-3.005
27707.74	-3.009
27708.74	-3.005
27709.74	-3.006
27710.74	-3.005
27711.74	-3.01
27712.74	-3.01
27713.74	-3.009
27714.74	-3.007
27715.74	-3.006
27716.74	-3.009
27717.74	-3.007
27718.74	-3.009
27719.74	-3.006
27720.74	-3.01
27721.74	-3.004
27722.74	-3.005
27723.74	-3.007
27724.74	-3.005
27725.74	-3.011
27726.74	-3.008
27727.74	-3.008
27728.74	-3.009
27729.74	-3.008
27730.74	-3.007
27731.74	-3.008
27732.74	-3.009
27733.74	-3.005
27734.74	-3.013
27735.74	-3.009
27736.74	-3.008
27737.74	-3.007
27738.74	-3.008
27739.74	-3.006
27740.74	-3.007
27741.74	-3.006
27742.74	-3.007
27743.74	-3.008
27744.74	-3.007
27745.74	-3.007
27746.74	-3.008
27747.74	-3.006
27748.74	-3.008
27749.74	-3.008
27750.74	-3.008
27751.74	-3.007
27752.74	-3.007
27753.74	-3.007
27754.74	-3.007
27755.74	-3.006
27756.74	-3.008
27757.74	-3.008
27758.74	-3.01
27759.74	-3.011
27760.74	-3.007
27761.74	-3.009
27762.74	-3.007
27763.74	-3.008
27764.74	-3.008
27765.74	-3.012
27766.74	-3.011
27767.74	-3.008
27768.74	-3.01
27769.74	-3.01
27770.74	-3.011
27771.74	-3.009
27772.74	-3.01
27773.74	-3.006
27774.74	-3.005
27775.74	-3.009
27776.74	-3.008
27777.74	-3.007
27778.74	-3.007
27779.74	-3.008
27780.74	-3.01
27781.74	-3.006
27782.74	-3.008
27783.74	-3.007
27784.74	-3.007
27785.74	-3.006
27786.74	-3.009
27787.74	-3.007
27788.74	-3.009
27789.74	-3.01
27790.74	-3.009
27791.74	-3.008
27792.74	-3.009
27793.74	-3.008
27794.74	-3.007
27795.74	-3.007
27796.74	-3.009
27797.74	-3.009
27798.74	-3.008
27799.74	-3.005
27800.74	-3.007
27801.74	-3.011
27802.74	-3.008
27803.74	-3.007
27804.74	-3.008
27805.74	-3.005
27806.74	-3.006
27807.74	-3.006
27808.74	-3.005
27809.74	-3.006
27810.74	-3.007
27810.76	-3.008
27811.74	10.01
27812.74	10.01
27813.74	10.01
27814.74	10.01
27815.74	10.01
27816.74	10.01
27817.74	10.01
27818.74	10.01
27819.74	10.01
27820.74	10.01
27821.74	10.01
27822.74	10.01
27823.74	10.01
27824.74	10.01
27825.74	10.01
27826.74	10.01
27827.74	10.01
27828.74	10.01
27829.74	10.01
27830.74	10.01
27831.74	10.01
27832.74	10.01
27833.74	10.01
27834.74	10.01
27835.74	10.01
27836.74	10.01
27837.74	10.01
27838.74	10.01
27839.74	10.01
27840.74	10.01
27841.74	10.01
27842.74	10.01
27843.74	10.01
27844.74	10.01
27845.74	10.01
27846.74	10.01
27847.74	10.01
27848.74	10.01
27849.74	10.01
27850.74	10.01
27851.74	10.01
27852.74	10.01
27853.74	10.01
27854.74	10.01
27855.74	10.01
27856.74	10.01
27857.74	10.01
27858.74	10.01
27859.74	10.01
27860.74	10.01
27861.74	10.01
27862.74	10.01
27863.74	10.01
27864.74	10.01
27865.74	10.01
27866.74	10.01
27867.74	10.01
27868.74	10.01
27869.74	10.01
27870.74	10.01
27871.74	10.01
27872.74	10.01
27873.74	10.01
27874.74	10.01
27875.74	10.01
27876.74	10.01
27877.74	10.01
27878.74	10.01
27879.74	10.01
27880.74	10.01
27881.74	10.01
27882.74	10.01
27883.74	10.01
27884.74	10.01
27885.74	10.01
27886.74	10.01
27887.74	10.01
27888.74	10.01
27889.74	10.01
27890.74	10.01
27891.74	10.01
27892.74	10.01
27893.74	10.01
27894.74	10.01
27895.74	10.01
27896.74	10.01
27897.74	10.01
27898.74	10.01
27899.74	10.01
27900.74	10.01
27901.74	10.01
27902.74	10.01
27903.74	10.01
27904.74	10.01
27905.74	10.01
27906.74	10.01
27907.74	10.01
27908.74	10.01
27909.74	10.01
27910.74	10.01
27911.74	10.01
27912.74	10.01
27913.74	10.01
27914.74	10.01
27915.74	10.01
27916.74	10.01
27917.74	10.01
27918.74	10.01
27919.74	10.01
27920.74	10.01
27921.74	10.01
27922.74	10.01
27923.74	10.01
27924.74	10
27925.74	10.01
27926.74	10.01
27927.74	10.01
27928.74	10.01
27929.74	10.01
27930.74	10.01
27931.74	10.01
27932.74	10.01
27933.74	10.01
27934.74	10.01
27935.74	10.01
27936.74	10.01
27937.74	10.01
27938.74	10.01
27939.74	10.01
27940.74	10.01
27941.74	10.01
27942.74	10.01
27943.74	10.01
27944.74	10.01
27945.74	10.01
27946.74	10.01
27947.74	10.01
27948.74	10.01
27949.74	10.01
27950.74	10.01
27951.74	10.01
27952.74	10.01
27953.74	10.01
27954.74	10.01
27955.74	10.01
27956.74	10.01
27957.74	10.01
27958.74	10.01
27959.74	10.01
27960.74	10.01
27961.74	10.01
27962.74	10.01
27963.74	10.01
27964.74	10.01
27965.74	10.01
27966.74	10.01
27967.74	10
27968.74	10.01
27969.74	10.01
27970.74	10.01
27971.74	10.01
27972.74	10.01
27973.74	10.01
27974.74	10.01
27975.74	10.01
27976.74	10.01
27977.74	10.01
27978.74	10.01
27979.74	10.01
27980.74	10.01
27981.74	10.01
27982.74	10.01
27983.74	10.01
27984.74	10.01
27985.74	10.01
27986.74	10.01
27987.74	10.01
27988.74	10.01
27989.74	10.01
27990.74	10.01
27991.74	10.01
27992.74	10.01
27993.74	10.01
27994.74	10.01
27995.74	10.01
27996.74	10.01
27997.74	10.01
27998.74	10.01
27999.74	10.01
28000.74	10.01
28001.74	10.01
28002.74	10.01
28003.74	10.01
28004.74	10.01
28005.74	10.01
28006.74	10.01
28007.74	10.01
28008.74	10.01
28009.74	10.01
28010.74	10.01
28011.74	10.01
28012.74	10.01
28013.74	10.01
28014.74	10.01
28015.74	10.01
28016.74	10.01
28017.74	10.01
28018.74	10.01
28019.74	10.01
28020.74	10.01
28021.74	10.01
28022.74	10.01
28023.74	10.01
28024.74	10.01
28025.74	10.01
28026.74	10.01
28027.74	10.01
28028.74	10.01
28029.74	10.01
28030.74	10.01
28031.74	10.01
28032.74	10.01
28033.74	10.01
28034.74	10.01
28035.74	10.01
28036.74	10.01
28037.74	10.01
28038.74	10.01
28039.74	10.01
28040.74	10.01
28041.74	10.01
28042.74	10.01
28043.74	10.01
28044.74	10.01
28045.74	10.01
28046.74	10.01
28047.74	10.01
28048.74	10.01
28049.74	10.01
28050.74	10.01
28051.74	10.01
28052.74	10.01
28053.74	10.01
28054.74	10.01
28055.74	10.01
28056.74	10.01
28057.74	10.01
28058.74	10.01
28059.74	10.01
28060.74	10.01
28061.74	10.01
28062.74	10.01
28063.74	10.01
28064.74	10.01
28065.74	10.01
28066.74	10.01
28067.74	10.01
28068.74	10.01
28069.74	10.01
28070.74	10.01
28071.74	10.01
28072.74	10.01
28073.74	10.01
28074.74	10.01
28075.74	10.01
28076.74	10.01
28077.74	10.01
28078.74	10.01
28079.74	10.01
28080.74	10.01
28081.74	10.01
28082.74	10.01
28083.74	10.01
28084.74	10.01
28085.74	10.01
28086.74	10.01
28087.74	10.01
28088.74	10.01
28089.74	10.01
28090.74	10.01
28091.74	10.01
28092.74	10.01
28093.74	10.01
28094.74	10.01
28095.74	10.01
28096.74	10.01
28097.74	10.01
28098.74	10.01
28099.74	10.01
28100.74	10.01
28101.74	10.01
28102.74	10.01
28103.74	10.01
28104.74	10.01
28105.74	10.01
28106.74	10.01
28107.74	10.01
28108.74	10.01
28109.74	10.01
28110.74	10.01
28111.74	10.01
28112.74	10.01
28113.74	10.01
28114.74	10.01
28115.74	10.01
28116.74	10.01
28117.74	10.01
28118.74	10.01
28119.74	10.01
28120.74	10.01
28121.74	10.01
28122.74	10.01
28123.74	10.01
28124.74	10.01
28125.74	10.01
28126.74	10.01
28127.74	10.01
28128.74	10.01
28129.74	10.01
28130.74	10.01
28131.74	10.01
28132.74	10.01
28133.74	10.01
28134.74	10.01
28135.74	10.01
28136.74	10.01
28137.74	10.01
28138.74	10.01
28139.74	10.01
28140.74	10.01
28141.74	10.01
28142.74	10.01
28143.74	10.01
28144.74	10.01
28145.74	10.01
28146.74	10.01
28147.74	10.01
28148.74	10.01
28149.74	10.01
28150.74	10.01
28151.74	10.01
28152.74	10.01
28153.74	10.01
28154.74	10.01
28155.74	10.01
28156.74	10.01
28157.74	10.01
28158.74	10.01
28159.74	10.01
28160.74	10.01
28161.74	10.01
28162.74	10.01
28163.74	10.01
28164.74	10.01
28165.74	10.01
28166.74	10.01
28167.74	10.01
28168.74	10.01
28169.74	10.01
28170.74	10.01
28171.74	10.01
28172.74	10.01
28173.74	10.01
28174.74	10.01
28175.74	10.01
28176.74	10.01
28177.74	10.01
28178.74	10.01
28179.74	10.01
28180.74	10.01
28181.74	10.01
28182.74	10.01
28183.74	10.01
28184.74	10.01
28185.74	10.01
28186.74	10.01
28187.74	10.01
28188.74	10.01
28189.74	10.01
28190.74	10.01
28191.74	10.01
28192.74	10.01
28193.74	10.01
28194.74	10.01
28195.74	10.01
28196.74	10.01
28197.74	10.01
28198.74	10.01
28199.74	10.01
28200.74	10.01
28201.74	10.01
28202.74	10.01
28203.74	10.01
28204.74	10.01
28205.74	10.01
28206.74	10.01
28207.74	10.01
28208.74	10.01
28209.74	10.01
28210.74	10.01
28211.74	10.01
28212.74	10.01
28213.74	10.01
28214.74	10.01
28215.74	10.01
28216.74	10.01
28217.74	10.01
28218.74	10.01
28219.74	10.01
28220.74	10.01
28221.74	10.01
28222.74	10.01
28223.74	10.01
28224.74	10.01
28225.74	10.01
28226.74	10.01
28227.74	10.01
28228.74	10.01
28229.74	10.01
28230.74	10.01
28231.74	10.01
28232.74	10.01
28233.74	10.01
28234.74	10.01
28235.74	10.01
28236.74	10.01
28237.74	10.01
28238.74	10.01
28239.74	10.01
28240.74	10.01
28241.74	10.01
28242.74	10.01
28243.74	10.01
28244.74	10.01
28245.74	10.01
28246.74	10.01
28247.74	10.01
28248.74	10.01
28249.74	10.01
28250.74	10.01
28251.74	10.01
28252.74	10.01
28253.74	10.01
28254.74	10.01
28255.74	10.01
28256.74	10.01
28257.74	10.01
28258.74	10.01
28259.74	10.01
28260.74	10.01
28261.74	10.01
28262.74	10.01
28263.74	10.01
28264.74	10.01
28265.74	10.01
28266.74	10.01
28267.74	10.01
28268.74	10.01
28269.74	10.01
28270.74	10.01
28271.74	10.01
28272.74	10.01
28273.74	10.01
28274.74	10.01
28275.74	10.01
28276.74	10.01
28277.74	10.01
28278.74	10.01
28279.74	10.01
28280.74	10.01
28281.74	10.01
28282.74	10.01
28283.74	10.01
28284.74	10.01
28285.74	10.01
28286.74	10.01
28287.74	10.01
28288.74	10.01
28289.74	10.01
28290.74	10.01
28291.74	10.01
28292.74	10.01
28293.74	10.01
28294.74	10.01
28295.74	10.01
28296.74	10.01
28297.74	10.01
28298.74	10.01
28299.74	10.01
28300.74	10.01
28301.74	10.01
28302.74	10.01
28303.74	10.01
28304.74	10.01
28305.74	10.01
28306.74	10.01
28307.74	10.01
28308.74	10.01
28309.74	10.01
28310.74	10.01
28311.74	10.01
28312.74	10.01
28313.74	10.01
28314.74	10.01
28315.74	10.01
28316.74	10.01
28317.74	10.01
28318.74	10.01
28319.74	10.01
28320.74	10.01
28321.74	10.01
28322.74	10.01
28323.74	10.01
28324.74	10.01
28325.74	10.01
28326.74	10.01
28327.74	10.01
28328.74	10.01
28329.74	10.01
28330.74	10.01
28331.74	10.01
28332.74	10.01
28333.74	10.01
28334.74	10.01
28335.74	10.01
28336.74	10.01
28337.74	10.01
28338.74	10.01
28339.74	10.01
28340.74	10.01
28341.74	10.01
28342.74	10.01
28343.74	10.01
28344.74	10.01
28345.74	10.01
28346.74	10.01
28347.74	10.01
28348.74	10.01
28349.74	10.01
28350.74	10.01
28351.74	10.01
28352.74	10.01
28353.74	10.01
28354.74	10.01
28355.74	10.01
28356.74	10.01
28357.74	10.01
28358.74	10.01
28359.74	10.01
28360.74	10.01
28361.74	10.01
28362.74	10.01
28363.74	10.01
28364.74	10.01
28365.74	10.01
28366.74	10.01
28367.74	10.01
28368.74	10.01
28369.74	10.02
28370.74	10.01
28371.74	10.01
28372.74	10.01
28373.74	10.01
28374.74	10.01
28375.74	10.01
28376.74	10.01
28377.74	10.01
28378.74	10.01
28379.74	10.01
28380.74	10.01
28381.74	10.01
28382.74	10.01
28383.74	10.01
28384.74	10.01
28385.74	10.01
28386.74	10.01
28387.74	10.01
28388.74	10.01
28389.74	10.01
28390.74	10.01
28391.74	10.01
28392.74	10.01
28393.74	10.01
28394.74	10.01
28395.74	10.01
28396.74	10.01
28397.74	10.01
28398.74	10.01
28399.74	10.01
28400.74	10.01
28401.74	10.01
28402.74	10.01
28403.74	10.01
28404.74	10.01
28405.74	10.01
28406.74	10.01
28407.74	10.01
28408.74	10.01
28409.74	10.01
28410.74	10.01
28411.74	10.01
28412.74	10.01
28413.74	10.01
28414.74	10.01
28415.74	10.01
28416.74	10.01
28417.74	10.01
28418.74	10.01
28419.74	10.01
28420.74	10.01
28421.74	10.01
28422.74	10.01
28423.74	10.01
28424.74	10.01
28425.74	10.01
28426.74	10.01
28427.74	10.01
28428.74	10.01
28429.74	10.01
28430.74	10.01
28431.74	10.01
28432.74	10.01
28433.74	10.01
28434.74	10.01
28435.74	10.01
28436.74	10.01
28437.74	10.01
28438.74	10.01
28439.74	10.01
28440.74	10.01
28441.74	10.01
28442.74	10.01
28443.74	10.01
28444.74	10.01
28445.74	10.01
28446.74	10.01
28447.74	10.01
28448.74	10.01
28449.74	10.01
28450.74	10.01
28451.74	10.01
28452.74	10.01
28453.74	10.01
28454.74	10.01
28455.74	10.01
28456.74	10.01
28457.74	10.01
28458.74	10.01
28459.74	10.01
28460.74	10.01
28461.74	10.01
28462.74	10.01
28463.74	10.01
28464.74	10.01
28465.74	10.01
28466.74	10.01
28467.74	10.01
28468.74	10.01
28469.74	10.01
28470.74	10.01
28471.74	10.01
28472.74	10.01
28473.74	10.01
28474.74	10.01
28475.74	10.01
28476.74	10.01
28477.74	10.01
28478.74	10.01
28479.74	10.01
28480.74	10.01
28481.74	10.01
28482.74	10.01
28483.74	10.01
28484.74	10.01
28485.74	10.01
28486.74	10.01
28487.74	10.01
28488.74	10.01
28489.74	10.01
28490.74	10.01
28491.74	10.01
28492.74	10.01
28493.74	10.01
28494.74	10.01
28495.74	10.01
28496.74	10.01
28497.74	10.01
28498.74	10.01
28499.74	10.01
28500.74	10.01
28501.74	10.01
28502.74	10.01
28503.74	10.01
28504.74	10.01
28505.74	10.01
28506.74	10.01
28507.74	10.01
28508.74	10
28509.74	10.01
28510.74	10.01
28511.74	10.01
28512.74	10.01
28513.74	10.01
28514.74	10.01
28515.74	10.01
28516.74	10.01
28517.74	10.01
28518.74	10.01
28519.74	10.01
28520.74	10.01
28521.74	10.01
28522.74	10.01
28523.74	10.01
28524.74	10.01
28525.74	10.01
28526.74	10.01
28527.74	10.01
28528.74	10.01
28529.74	10.01
28530.74	10.01
28531.74	10.01
28532.74	10.01
28533.74	10.01
28534.74	10.01
28535.74	10.01
28536.74	10.01
28537.74	10.01
28538.74	10.01
28539.74	10.01
28540.74	10.01
28541.74	10.01
28542.74	10.01
28543.74	10.01
28544.74	10.01
28545.74	10.01
28546.74	10.01
28547.74	10.01
28548.74	10.01
28549.74	10.01
28550.74	10.01
28551.74	10.01
28552.74	10.01
28553.74	10.01
28554.74	10.01
28555.74	10.01
28556.74	10.01
28557.74	10.01
28558.74	10.01
28559.74	10.01
28560.74	10.01
28561.74	10.01
28562.74	10.01
28563.74	10.01
28564.74	10.01
28565.74	10.01
28566.74	10.01
28567.74	10.01
28568.74	10.01
28569.74	10.01
28570.74	10.01
28571.74	10.01
28572.74	10.01
28573.74	10.01
28574.74	10.01
28575.74	10.01
28576.74	10.01
28577.74	10.01
28578.74	10.01
28579.74	10.01
28580.74	10.01
28581.74	10.01
28582.74	10.01
28583.74	10.01
28584.74	10.01
28585.74	10.01
28586.74	10.01
28587.74	10.01
28588.74	10.01
28589.74	10.01
28590.74	10.01
28591.74	10.01
28592.74	10.01
28593.74	10.01
28594.74	10.01
28595.74	10.01
28596.74	10.01
28597.74	10.01
28598.74	10.01
28599.74	10.01
28600.74	10.01
28601.74	10.01
28602.74	10.01
28603.74	10.01
28604.74	10.01
28605.74	10.01
28606.74	10.01
28607.74	10.01
28608.74	10.01
28609.74	10.01
28610.74	10.01
28611.74	10.01
28612.74	10.01
28613.74	10.01
28614.74	10.01
28615.74	10.01
28616.74	10.01
28617.74	10.01
28618.74	10.01
28619.74	10.01
28620.74	10.01
28621.74	10.01
28622.74	10.01
28623.74	10.01
28624.74	10.01
28625.74	10.01
28626.74	10.01
28627.74	10.01
28628.74	10.01
28629.74	10.01
28630.74	10.01
28631.74	10.01
28632.74	10
28633.74	10.01
28634.74	10.01
28635.74	10.01
28636.74	10.01
28637.74	10.01
28638.74	10.01
28639.74	10.01
28640.74	10.01
28641.74	10.01
28642.74	10.01
28643.74	10.01
28644.74	10.01
28645.74	10.01
28646.74	10.01
28647.74	10.01
28648.74	10.01
28649.74	10.01
28650.74	10.01
28651.74	10.01
28652.74	10.01
28653.74	10.01
28654.74	10.01
28655.74	10.01
28656.74	10.01
28657.74	10.01
28658.74	10.01
28659.74	10.01
28660.74	10.01
28661.74	10.01
28662.74	10.01
28663.74	10.01
28664.74	10.01
28665.74	10.01
28666.74	10.01
28667.74	10.01
28668.74	10.01
28669.74	10.01
28670.74	10.01
28671.74	10.01
28672.74	10.01
28673.74	10.01
28674.74	10.01
28675.74	10.01
28676.74	10.01
28677.74	10.01
28678.74	10.01
28679.74	10.01
28680.74	10.01
28681.74	10.01
28682.74	10.01
28683.74	10.01
28684.74	10.01
28685.74	10.01
28686.74	10.01
28687.74	10.01
28688.74	10.01
28689.74	10.01
28690.74	10.01
28691.74	10.01
28692.74	10.01
28693.74	10.01
28694.74	10.01
28695.74	10.01
28696.74	10.01
28697.74	10.01
28698.74	10.01
28699.74	10.01
28700.74	10.01
28701.74	10.01
28702.74	10.01
28703.74	10.01
28704.74	10.01
28705.74	10.01
28706.74	10.01
28707.74	10.01
28708.74	10.01
28709.74	10.01
28710.74	10.01
28710.76	7.739
28711.74	-3.006
28712.74	-3.008
28713.74	-3.008
28714.74	-3.002
28715.74	-3.005
28716.74	-3.007
28717.74	-3.008
28718.74	-3.008
28719.74	-3.006
28720.74	-3.007
28721.74	-3.006
28722.74	-3.009
28723.74	-3.009
28724.74	-3.007
28725.74	-3.007
28726.74	-3.004
28727.74	-3.01
28728.74	-3.008
28729.74	-3.008
28730.74	-3.006
28731.74	-3.005
28732.74	-3.008
28733.74	-3.008
28734.74	-3.01
28735.74	-3.004
28736.74	-3.009
28737.74	-3.009
28738.74	-3.007
28739.74	-3.007
28740.74	-3.008
28741.74	-3.006
28742.74	-3.007
28743.74	-3.005
28744.74	-3.008
28745.74	-3.01
28746.74	-3.008
28747.74	-3
28748.74	-3.009
28749.74	-3.009
28750.74	-3.007
28751.74	-3.003
28752.74	-3.006
28753.74	-3.007
28754.74	-3.012
28755.74	-3.006
28756.74	-3.004
28757.74	-3.008
28758.74	-3.009
28759.74	-3.006
28760.74	-3.005
28761.74	-3.008
28762.74	-3.008
28763.74	-3.007
28764.74	-3.007
28765.74	-3.006
28766.74	-3.007
28767.74	-3.006
28768.74	-3.004
28769.74	-3.008
28770.74	-3.009
28771.74	-3.007
28772.74	-3.008
28773.74	-3.004
28774.74	-3.008
28775.74	-3.005
28776.74	-3.006
28777.74	-3.005
28778.74	-3.007
28779.74	-3.008
28780.74	-3.008
28781.74	-3.008
28782.74	-3.009
28783.74	-3.009
28784.74	-3.004
28785.74	-3.007
28786.74	-3.006
28787.74	-3.008
28788.74	-3.006
28789.74	-3.005
28790.74	-3.009
28791.74	-3.006
28792.74	-3.007
28793.74	-3.003
28794.74	-3.004
28795.74	-3.006
28796.74	-3.007
28797.74	-3.006
28798.74	-3.001
28799.74	-3.007
28800.74	-3.009
28801.74	-3.007
28802.74	-3.006
28803.74	-3.008
28804.74	-3.006
28805.74	-3.008
28806.74	-3.007
28807.74	-3.008
28808.74	-3.007
28809.74	-3.006
28810.74	-3.007
28811.74	-3.006
28812.74	-3.007
28813.74	-3.009
28814.74	-3.006
28815.74	-3.009
28816.74	-3.006
28817.74	-3.008
28818.74	-3.008
28819.74	-3.006
28820.74	-3.007
28821.74	-3.006
28822.74	-3.001
28823.74	-3.007
28824.74	-3.009
28825.74	-3.008
28826.74	-3.007
28827.74	-3.008
28828.74	-3.007
28829.74	-3.009
28830.74	-3.009
28831.74	-3.011
28832.74	-3.007
28833.74	-3.006
28834.74	-3.009
28835.74	-3.011
28836.74	-3.006
28837.74	-3.008
28838.74	-3.008
28839.74	-3.007
28840.74	-3.007
28841.74	-3.006
28842.74	-3.01
28843.74	-3.008
28844.74	-3.007
28845.74	-3.008
28846.74	-3.005
28847.74	-3.006
28848.74	-3.007
28849.74	-3.004
28850.74	-3.003
28851.74	-3.007
28852.74	-3.008
28853.74	-3.007
28854.74	-3.007
28855.74	-3.006
28856.74	-3.009
28857.74	-3.007
28858.74	-3.008
28859.74	-3.008
28860.74	-3.006
28861.74	-3.006
28862.74	-3.009
28863.74	-3.009
28864.74	-3.009
28865.74	-3.009
28866.74	-3.009
28867.74	-3.008
28868.74	-3.004
28869.74	-3.009
28870.74	-3.008
28871.74	-3.006
28872.74	-3.007
28873.74	-3.007
28874.74	-3.004
28875.74	-3.007
28876.74	-3.009
28877.74	-3.005
28878.74	-3.005
28879.74	-3.008
28880.74	-3.005
28881.74	-3.006
28882.74	-3.007
28883.74	-3.001
28884.74	-3.009
28885.74	-3.009
28886.74	-3.01
28887.74	-3.008
28888.74	-3.007
28889.74	-3.008
28890.74	-3.007
28891.74	-3.006
28892.74	-3.007
28893.74	-3.002
28894.74	-3.007
28895.74	-3.007
28896.74	-3.007
28897.74	-3.007
28898.74	-3.005
28899.74	-3.007
28900.74	-3.006
28901.74	-3.007
28902.74	-3.009
28903.74	-3.006
28904.74	-3.01
28905.74	-3.007
28906.74	-3.008
28907.74	-3.002
28908.74	-3.005
28909.74	-3.008
28910.74	-3.006
28911.74	-3.007
28912.74	-3.01
28913.74	-3.007
28914.74	-3
28915.74	-3.008
28916.74	-3.007
28917.74	-3.006
28918.74	-3.01
28919.74	-3.006
28920.74	-3.008
28921.74	-3.009
28922.74	-3.003
28923.74	-3.007
28924.74	-3.01
28925.74	-3.007
28926.74	-3.007
28927.74	-3.009
28928.74	-3.005
28929.74	-3.008
28930.74	-3.006
28931.74	-3.008
28932.74	-3.006
28933.74	-3.008
28934.74	-3.007
28935.74	-3.005
28936.74	-3.007
28937.74	-3.007
28938.74	-3.008
28939.74	-3.007
28940.74	-3.008
28941.74	-3.011
28942.74	-3.009
28943.74	-3.008
28944.74	-3.008
28945.74	-3.008
28946.74	-3.004
28947.74	-3.005
28948.74	-3.008
28949.74	-3.007
28950.74	-3.007
28951.74	-3.001
28952.74	-3.006
28953.74	-3.005
28954.74	-3.007
28955.74	-3.006
28956.74	-3.008
28957.74	-3.007
28958.74	-3.006
28959.74	-3.006
28960.74	-3.006
28961.74	-3.002
28962.74	-3.006
28963.74	-3.009
28964.74	-3.007
28965.74	-3.005
28966.74	-3.008
28967.74	-3.005
28968.74	-3.01
28969.74	-3.006
28970.74	-3.006
28971.74	-3.008
28972.74	-3.006
28973.74	-3.009
28974.74	-3.007
28975.74	-3.007
28976.74	-3.007
28977.74	-3.008
28978.74	-3.006
28979.74	-3.009
28980.74	-3.01
28981.74	-3.008
28982.74	-3.01
28983.74	-3.008
28984.74	-3.009
28985.74	-3.006
28986.74	-3.009
28987.74	-3.006
28988.74	-3.007
28989.74	-3.007
28990.74	-3.008
28991.74	-3.005
28992.74	-3.008
28993.74	-3.005
28994.74	-3.006
28995.74	-3.007
28996.74	-3.004
28997.74	-3.009
28998.74	-3.011
28999.74	-3.008
29000.74	-2.999
29001.74	-3.009
29002.74	-3.005
29003.74	-3.009
29004.74	-3.009
29005.74	-3.007
29006.74	-3.006
29007.74	-3.007
29008.74	-3.007
29009.74	-3.008
29010.74	-3.005
29011.74	-3.007
29012.74	-3.008
29013.74	-3.005
29014.74	-3.008
29015.74	-3.008
29016.74	-3.009
29017.74	-3.007
29018.74	-3.006
29019.74	-3.008
29020.74	-3.009
29021.74	-3.007
29022.74	-3.004
29023.74	-3.008
29024.74	-3.005
29025.74	-3.006
29026.74	-3.006
29027.74	-3.007
29028.74	-3.008
29029.74	-3.007
29030.74	-3.007
29031.74	-3.008
29032.74	-3.007
29033.74	-3.007
29034.74	-3.009
29035.74	-3.007
29036.74	-3.007
29037.74	-3.006
29038.74	-3.007
29039.74	-3.008
29040.74	-3.01
29041.74	-3.003
29042.74	-3.003
29043.74	-3.004
29044.74	-3.007
29045.74	-3.008
29046.74	-3.007
29047.74	-3.006
29048.74	-3.003
29049.74	-3.006
29050.74	-3.006
29051.74	-3.002
29052.74	-3.006
29053.74	-3.01
29054.74	-3.007
29055.74	-3.006
29056.74	-3.004
29057.74	-3.005
29058.74	-3.008
29059.74	-3.009
29060.74	-3.008
29061.74	-3.007
29062.74	-3.005
29063.74	-3.006
29064.74	-3.009
29065.74	-3.007
29066.74	-3.006
29067.74	-3.005
29068.74	-3.009
29069.74	-3.007
29070.74	-3.005
29071.74	-3.007
29072.74	-3.006
29073.74	-3.007
29074.74	-3.01
29075.74	-3.004
29076.74	-3.008
29077.74	-3.008
29078.74	-3.008
29079.74	-3.002
29080.74	-3.008
29081.74	-3.007
29082.74	-3.007
29083.74	-3.009
29084.74	-3.007
29085.74	-3.008
29086.74	-3.012
29087.74	-3.008
29088.74	-3.006
29089.74	-3.006
29090.74	-3.01
29091.74	-3.006
29092.74	-3.008
29093.74	-3.005
29094.74	-3.005
29095.74	-3.011
29096.74	-3.007
29097.74	-3.006
29098.74	-3.006
29099.74	-3.006
29100.74	-3.009
29101.74	-3.01
29102.74	-3.004
29103.74	-3.006
29104.74	-3.006
29105.74	-3.009
29106.74	-3.009
29107.74	-3.008
29108.74	-3.005
29109.74	-3.01
29110.74	-3.009
29111.74	-3.009
29112.74	-3.007
29113.74	-3.006
29114.74	-3.008
29115.74	-3.006
29116.74	-3.006
29117.74	-3.005
29118.74	-3.008
29119.74	-3.008
29120.74	-3.007
29121.74	-3.007
29122.74	-3.005
29123.74	-3.008
29124.74	-3.005
29125.74	-3.006
29126.74	-3.005
29127.74	-3.006
29128.74	-3.008
29129.74	-3.004
29130.74	-3.006
29131.74	-3.008
29132.74	-3.006
29133.74	-3.005
29134.74	-3.005
29135.74	-3.008
29136.74	-3.008
29137.74	-3.011
29138.74	-3.008
29139.74	-3.006
29140.74	-3.007
29141.74	-3.007
29142.74	-3.01
29143.74	-3.008
29144.74	-3.007
29145.74	-3.007
29146.74	-3.005
29147.74	-3.006
29148.74	-3.006
29149.74	-3.005
29150.74	-3.009
29151.74	-3.006
29152.74	-3.006
29153.74	-3.007
29154.74	-3.011
29155.74	-3.007
29156.74	-3.005
29157.74	-3.005
29158.74	-3.004
29159.74	-3.007
29160.74	-3.005
29161.74	-3.005
29162.74	-3.005
29163.74	-3.005
29164.74	-3.008
29165.74	-3.004
29166.74	-3.009
29167.74	-3.006
29168.74	-3.007
29169.74	-3.008
29170.74	-3.007
29171.74	-3.01
29172.74	-3.006
29173.74	-3.011
29174.74	-3.006
29175.74	-3.006
29176.74	-3.008
29177.74	-3.007
29178.74	-3.009
29179.74	-3.006
29180.74	-3.012
29181.74	-3.004
29182.74	-3.006
29183.74	-3.005
29184.74	-3.004
29185.74	-3.013
29186.74	-3.004
29187.74	-3.009
29188.74	-3.005
29189.74	-3.005
29190.74	-3.007
29191.74	-3.006
29192.74	-3.009
29193.74	-3.008
29194.74	-3.007
29195.74	-3.009
29196.74	-3.008
29197.74	-3.009
29198.74	-3.009
29199.74	-3.009
29200.74	-3.009
29201.74	-3.007
29202.74	-3.006
29203.74	-3.008
29204.74	-3.005
29205.74	-3.01
29206.74	-3.011
29207.74	-3.005
29208.74	-3.007
29209.74	-3.011
29210.74	-3.008
29211.74	-3.01
29212.74	-3.01
29213.74	-3.007
29214.74	-3.004
29215.74	-3.006
29216.74	-3.011
29217.74	-3.006
29218.74	-3.006
29219.74	-3.003
29220.74	-3.008
29221.74	-3.007
29222.74	-3.006
29223.74	-3.009
29224.74	-3.005
29225.74	-3.006
29226.74	-3.006
29227.74	-3.009
29228.74	-3.008
29229.74	-3.006
29230.74	-3.007
29231.74	-3.01
29232.74	-3.007
29233.74	-3.007
29234.74	-3.005
29235.74	-3.008
29236.74	-3.009
29237.74	-3.008
29238.74	-3.005
29239.74	-3.006
29240.74	-3.008
29241.74	-3.008
29242.74	-3.008
29243.74	-3.007
29244.74	-3.007
29245.74	-3.005
29246.74	-3.009
29247.74	-3.008
29248.74	-3.006
29249.74	-3.009
29250.74	-3.008
29251.74	-3.006
29252.74	-3.01
29253.74	-3.007
29254.74	-3.007
29255.74	-3.005
29256.74	-3.008
29257.74	-3.006
29258.74	-3.009
29259.74	-3.01
29260.74	-3.007
29261.74	-3.009
29262.74	-3.007
29263.74	-3.006
29264.74	-3.008
29265.74	-3.012
29266.74	-3.009
29267.74	-3.006
29268.74	-3.006
29269.74	-3.008
29270.74	-3.007
29271.74	-3.006
29272.74	-3.007
29273.74	-3.012
29274.74	-3.008
29275.74	-3.005
29276.74	-3.008
29277.74	-3.004
29278.74	-3.011
29279.74	-3.007
29280.74	-3.007
29281.74	-3.006
29282.74	-3.005
29283.74	-3.007
29284.74	-3.009
29285.74	-3.006
29286.74	-3.009
29287.74	-3.008
29288.74	-3.006
29289.74	-3.007
29290.74	-3.006
29291.74	-3.008
29292.74	-3.004
29293.74	-3.001
29294.74	-3.01
29295.74	-3.005
29296.74	-3.013
29297.74	-3.005
29298.74	-3.006
29299.74	-3.008
29300.74	-3.006
29301.74	-3.005
29302.74	-3.007
29303.74	-3.007
29304.74	-3.007
29305.74	-3.007
29306.74	-3.01
29307.74	-3.007
29308.74	-3.006
29309.74	-3.008
29310.74	-3.003
29311.74	-3.012
29312.74	-3.005
29313.74	-3.007
29314.74	-3.006
29315.74	-3.008
29316.74	-3.005
29317.74	-3.004
29318.74	-3.003
29319.74	-3.008
29320.74	-3.003
29321.74	-3.008
29322.74	-3.006
29323.74	-3.004
29324.74	-3.006
29325.74	-3.008
29326.74	-3.005
29327.74	-3.005
29328.74	-3.009
29329.74	-3.011
29330.74	-3.007
29331.74	-3.008
29332.74	-3.006
29333.74	-3.009
29334.74	-3.004
29335.74	-3.01
29336.74	-3.01
29337.74	-3.007
29338.74	-3.006
29339.74	-3.005
29340.74	-3.008
29341.74	-3.005
29342.74	-3.007
29343.74	-3.006
29344.74	-3.009
29345.74	-3.011
29346.74	-3.006
29347.74	-3.009
29348.74	-3.007
29349.74	-3.004
29350.74	-3.005
29351.74	-3.008
29352.74	-3.009
29353.74	-3.007
29354.74	-3.007
29355.74	-3.007
29356.74	-3.009
29357.74	-3.006
29358.74	-3.005
29359.74	-3.008
29360.74	-3.009
29361.74	-3.007
29362.74	-3.005
29363.74	-3.006
29364.74	-3.006
29365.74	-3.007
29366.74	-3.004
29367.74	-3.004
29368.74	-3.01
29369.74	-3.005
29370.74	-3.005
29371.74	-3.009
29372.74	-3.011
29373.74	-3.007
29374.74	-3.008
29375.74	-3.006
29376.74	-3.004
29377.74	-3.008
29378.74	-3.007
29379.74	-3.006
29380.74	-3.008
29381.74	-3.004
29382.74	-3.009
29383.74	-3.005
29384.74	-3.006
29385.74	-3.009
29386.74	-3.008
29387.74	-3.007
29388.74	-3.004
29389.74	-3.009
29390.74	-3.004
29391.74	-3.008
29392.74	-3.009
29393.74	-3.003
29394.74	-3.007
29395.74	-3.01
29396.74	-3.009
29397.74	-3.008
29398.74	-3.006
29399.74	-3.006
29400.74	-3.005
29401.74	-3.006
29402.74	-3.006
29403.74	-3.008
29404.74	-3.005
29405.74	-3.006
29406.74	-3.009
29407.74	-3.008
29408.74	-3.007
29409.74	-3.008
29410.74	-3.009
29411.74	-3.01
29412.74	-3.007
29413.74	-3.009
29414.74	-3.005
29415.74	-3.006
29416.74	-3.008
29417.74	-3.008
29418.74	-3.008
29419.74	-3.006
29420.74	-3.01
29421.74	-3.008
29422.74	-3.009
29423.74	-3.008
29424.74	-3.007
29425.74	-3.005
29426.74	-3.008
29427.74	-3.009
29428.74	-3.005
29429.74	-3.006
29430.74	-3.008
29431.74	-3.006
29432.74	-3.007
29433.74	-3.005
29434.74	-3.006
29435.74	-3.007
29436.74	-3.012
29437.74	-3.005
29438.74	-3.005
29439.74	-3.004
29440.74	-3.005
29441.74	-3.006
29442.74	-3.009
29443.74	-3.009
29444.74	-3.005
29445.74	-3.011
29446.74	-3.004
29447.74	-3.004
29448.74	-3.008
29449.74	-3.005
29450.74	-3.01
29451.74	-3.006
29452.74	-3.006
29453.74	-3.007
29454.74	-3.004
29455.74	-3.007
29456.74	-3.005
29457.74	-3.009
29458.74	-3.005
29459.74	-3.004
29460.74	-3.005
29461.74	-3.006
29462.74	-3.009
29463.74	-3.008
29464.74	-3.009
29465.74	-3.007
29466.74	-3.007
29467.74	-3.006
29468.74	-3.007
29469.74	-3.008
29470.74	-3.005
29471.74	-3.005
29472.74	-3.009
29473.74	-3.004
29474.74	-3.009
29475.74	-3.008
29476.74	-3.003
29477.74	-3.009
29478.74	-3.009
29479.74	-3.003
29480.74	-3.007
29481.74	-3.004
29482.74	-3.01
29483.74	-3.008
29484.74	-3.006
29485.74	-3.008
29486.74	-3.008
29487.74	-3.006
29488.74	-3.008
29489.74	-3.006
29490.74	-3.009
29491.74	-3.008
29492.74	-3.005
29493.74	-3.004
29494.74	-3.007
29495.74	-3.007
29496.74	-3.006
29497.74	-3.004
29498.74	-3.011
29499.74	-3.013
29500.74	-3.004
29501.74	-3.006
29502.74	-3.007
29503.74	-3.005
29504.74	-3.003
29505.74	-3.008
29506.74	-3.009
29507.74	-3.012
29508.74	-3.004
29509.74	-3.004
29510.74	-3.004
29511.74	-3.007
29512.74	-3.012
29513.74	-3.004
29514.74	-3.005
29515.74	-3.006
29516.74	-3.009
29517.74	-3.009
29518.74	-3.004
29519.74	-3.006
29520.74	-3.005
29521.74	-3.008
29522.74	-3.007
29523.74	-3.008
29524.74	-3.005
29525.74	-3.008
29526.74	-3.007
29527.74	-3.006
29528.74	-3.007
29529.74	-3.005
29530.74	-3.009
29531.74	-3.006
29532.74	-3.005
29533.74	-3.006
29534.74	-3.009
29535.74	-3.01
29536.74	-3.006
29537.74	-3.006
29538.74	-3.006
29539.74	-3.003
29540.74	-3.008
29541.74	-3.007
29542.74	-3.005
29543.74	-3.007
29544.74	-3.01
29545.74	-3.006
29546.74	-3.009
29547.74	-3.005
29548.74	-3.007
29549.74	-3.008
29550.74	-3.006
29551.74	-3.006
29552.74	-3.004
29553.74	-3.009
29554.74	-3.008
29555.74	-3.008
29556.74	-3.009
29557.74	-3.01
29558.74	-3.008
29559.74	-3.005
29560.74	-3.011
29561.74	-3.007
29562.74	-3.006
29563.74	-3.008
29564.74	-3.006
29565.74	-3.006
29566.74	-3.006
29567.74	-3.005
29568.74	-3.007
29569.74	-3.007
29570.74	-3.009
29571.74	-3.007
29572.74	-3.007
29573.74	-3.006
29574.74	-3.007
29575.74	-3.002
29576.74	-3.006
29577.74	-3.004
29578.74	-3.008
29579.74	-3.011
29580.74	-3.008
29581.74	-3.008
29582.74	-3.01
29583.74	-3.007
29584.74	-3.01
29585.74	-3.01
29586.74	-3.009
29587.74	-3.005
29588.74	-3.005
29589.74	-3.009
29590.74	-3.005
29591.74	-3.007
29592.74	-3.008
29593.74	-3.008
29594.74	-3.007
29595.74	-3.007
29596.74	-3.007
29597.74	-3.005
29598.74	-3.009
29599.74	-3.007
29600.74	-3.007
29601.74	-3.01
29602.74	-3.009
29603.74	-3.005
29604.74	-3.006
29605.74	-3.006
29606.74	-3.012
29607.74	-3.004
29608.74	-3.008
29609.74	-3.008
29610.74	-3.008
29611.74	-3.007
29612.74	-3.004
29613.74	-3.009
29614.74	-3.011
29615.74	-3.009
29616.74	-3.005
29617.74	-3.008
29618.74	-3.006
29619.74	-3.007
29620.74	-3.004
29621.74	-3.005
29622.74	-3.008
29623.74	-3.008
29624.74	-3.006
29625.74	-3.006
29626.74	-3.006
29627.74	-3.008
29628.74	-3.007
29629.74	-3.006
29630.74	-3.01
29631.74	-3.005
29632.74	-3.004
29633.74	-3.006
29634.74	-3.01
29635.74	-3.005
29636.74	-3.008
29637.74	-3.008
29638.74	-3.01
29639.74	-3.007
29640.74	-3.006
29641.74	-3.007
29642.74	-3.007
29643.74	-3.009
29644.74	-3.005
29645.74	-3.008
29646.74	-3.004
29647.74	-3.005
29648.74	-3.007
29649.74	-3.008
29650.74	-3.008
29651.74	-3.005
29652.74	-3.006
29653.74	-3.008
29654.74	-3.008
29655.74	-3.011
29656.74	-3.007
29657.74	-3.009
29658.74	-3.009
29659.74	-3.01
29660.74	-3.009
29661.74	-3.009
29662.74	-3.005
29663.74	-3.011
29664.74	-3.007
29665.74	-3.007
29666.74	-3.006
29667.74	-3.012
29668.74	-3.009
29669.74	-3.007
29670.74	-3.008
29671.74	-3.009
29672.74	-3.005
29673.74	-3.006
29674.74	-3.007
29675.74	-3.005
29676.74	-3.005
29677.74	-3.01
29678.74	-3.012
29679.74	-3.008
29680.74	-3.006
29681.74	-3.009
29682.74	-3.012
29683.74	-3.008
29684.74	-3.007
29685.74	-3.008
29686.74	-3.006
29687.74	-3.006
29688.74	-3.007
29689.74	-3.003
29690.74	-3.005
29691.74	-3.006
29692.74	-3.008
29693.74	-3.009
29694.74	-3.009
29695.74	-3.01
29696.74	-3.009
29697.74	-3.007
29698.74	-3.007
29699.74	-3.008
29700.74	-3.008
29701.74	-3.009
29702.74	-3.01
29703.74	-3.006
29704.74	-3.004
29705.74	-3.006
29706.74	-3.008
29707.74	-3.006
29708.74	-3.007
29709.74	-3.006
29710.74	-3.008
29711.74	-3.008
29712.74	-3.009
29713.74	-3.006
29714.74	-3.012
29715.74	-3.009
29716.74	-3.008
29717.74	-3.007
29718.74	-3.009
29719.74	-3.006
29720.74	-3.006
29721.74	-3.008
29722.74	-3.007
29723.74	-3.008
29724.74	-3.008
29725.74	-3.006
29726.74	-3.006
29727.74	-3.007
29728.74	-3.008
29729.74	-3.004
29730.74	-3.011
29731.74	-3.008
29732.74	-3.005
29733.74	-3.009
29734.74	-3.01
29735.74	-3.007
29736.74	-3.008
29737.74	-3.004
29738.74	-3.005
29739.74	-3.008
29740.74	-3.01
29741.74	-3.01
29742.74	-3.007
29743.74	-3.005
29744.74	-3.006
29745.74	-3.008
29746.74	-3.008
29747.74	-3.007
29748.74	-3.007
29749.74	-3.007
29750.74	-3.011
29751.74	-3.006
29752.74	-3.009
29753.74	-3.01
29754.74	-3.008
29755.74	-3.007
29756.74	-3.01
29757.74	-3.008
29758.74	-3.006
29759.74	-3.008
29760.74	-3.008
29761.74	-3.007
29762.74	-3.008
29763.74	-3.007
29764.74	-3.009
29765.74	-3.008
29766.74	-3.006
29767.74	-3.008
29768.74	-3.007
29769.74	-3.008
29770.74	-3.011
29771.74	-3.008
29772.74	-3.009
29773.74	-3.008
29774.74	-3.007
29775.74	-3.005
29776.74	-3.011
29777.74	-3.012
29778.74	-3.007
29779.74	-3.006
29780.74	-3.006
29781.74	-3.005
29782.74	-3.006
29783.74	-3.006
29784.74	-3.01
29785.74	-3.011
29786.74	-3.01
29787.74	-3.006
29788.74	-3.009
29789.74	-3.008
29790.74	-3.007
29791.74	-3.008
29792.74	-3.006
29793.74	-3.009
29794.74	-3.012
29795.74	-3.008
29796.74	-3.009
29797.74	-3.006
29798.74	-3.007
29799.74	-3.006
29800.74	-3.011
29801.74	-3.008
29802.74	-3.008
29803.74	-3.005
29804.74	-3.009
29805.74	-3.009
29806.74	-3.006
29807.74	-3.013
29808.74	-3.009
29809.74	-3.009
29810.74	-3.007
29811.74	-3.005
29812.74	-3.007
29813.74	-3.007
29814.74	-3.007
29815.74	-3.007
29816.74	-3.008
29817.74	-3.008
29818.74	-3.007
29819.74	-3.01
29820.74	-3.01
29821.74	-3.006
29822.74	-3.007
29823.74	-3.007
29824.74	-3.01
29825.74	-3.008
29826.74	-3.01
29827.74	-3.009
29828.74	-3.009
29829.74	-3.008
29830.74	-3.007
29831.74	-3.006
29832.74	-3.006
29833.74	-3.005
29834.74	-3.005
29835.74	-3.004
29836.74	-3.005
29837.74	-3.007
29838.74	-3.007
29839.74	-3.006
29840.74	-3.007
29841.74	-3.007
29842.74	-3.007
29843.74	-3.008
29844.74	-3.006
29845.74	-3.004
29846.74	-3.007
29847.74	-3.009
29848.74	-3.011
29849.74	-3.006
29850.74	-3.007
29851.74	-3.007
29852.74	-3.005
29853.74	-3.011
29854.74	-3.005
29855.74	-3.004
29856.74	-3.009
29857.74	-3.006
29858.74	-3.006
29859.74	-3.008
29860.74	-3.004
29861.74	-3.007
29862.74	-3.007
29863.74	-3.009
29864.74	-3.009
29865.74	-3.009
29866.74	-3.008
29867.74	-3.007
29868.74	-3.008
29869.74	-3.009
29870.74	-3.008
29871.74	-3.01
29872.74	-3.009
29873.74	-3.008
29874.74	-3.008
29875.74	-3.011
29876.74	-3.009
29877.74	-3.008
29878.74	-3.009
29879.74	-3.011
29880.74	-3.008
29881.74	-3.009
29882.74	-3.007
29883.74	-3.005
29884.74	-3.01
29885.74	-3.008
29886.74	-3.006
29887.74	-3.009
29888.74	-3.007
29889.74	-3.006
29890.74	-3.005
29891.74	-3.01
29892.74	-3.012
29893.74	-3.009
29894.74	-3.006
29895.74	-3.007
29896.74	-3.005
29897.74	-3.007
29898.74	-3.006
29899.74	-3.005
29900.74	-3.006
29901.74	-3.009
29902.74	-3.008
29903.74	-3.007
29904.74	-3.004
29905.74	-3.008
29906.74	-3.008
29907.74	-3.009
29908.74	-3.008
29909.74	-3.006
29910.74	-3.008
29911.74	-3.012
29912.74	-3.006
29913.74	-3.006
29914.74	-3.007
29915.74	-3.007
29916.74	-3.006
29917.74	-3.01
29918.74	-3.01
29919.74	-3.009
29920.74	-3.014
29921.74	-3.008
29922.74	-3.007
29923.74	-3.008
29924.74	-3.008
29925.74	-3.004
29926.74	-3.01
29927.74	-3.008
29928.74	-3.011
29929.74	-3.01
29930.74	-3.008
29931.74	-3.011
29932.74	-3.005
29933.74	-3.009
29934.74	-3.007
29935.74	-3.008
29936.74	-3.01
29937.74	-3.008
29938.74	-3.009
29939.74	-3.006
29940.74	-3.01
29941.74	-3.011
29942.74	-3.008
29943.74	-3.009
29944.74	-3.008
29945.74	-3.009
29946.74	-3.007
29947.74	-3.005
29948.74	-3.01
29949.74	-3.006
29950.74	-3.008
29951.74	-3.004
29952.74	-3.006
29953.74	-3.012
29954.74	-3.009
29955.74	-3.012
29956.74	-3.007
29957.74	-3.008
29958.74	-3.009
29959.74	-3.009
29960.74	-3.008
29961.74	-3.011
29962.74	-3.008
29963.74	-3.008
29964.74	-3.008
29965.74	-3.01
29966.74	-3.007
29967.74	-3.006
29968.74	-3.005
29969.74	-3.008
29970.74	-3.008
29971.74	-3.011
29972.74	-3.009
29973.74	-3.008
29974.74	-3.009
29975.74	-3.009
29976.74	-3.008
29977.74	-3.008
29978.74	-3.009
29979.74	-3.003
29980.74	-3.007
29981.74	-3.008
29982.74	-3.008
29983.74	-3.006
29984.74	-3.008
29985.74	-3.009
29986.74	-3.007
29987.74	-3.009
29988.74	-3.013
29989.74	-3.007
29990.74	-3.006
29991.74	-3.01
29992.74	-3.009
29993.74	-3.007
29994.74	-3.009
29995.74	-3.007
29996.74	-3.013
29997.74	-3.01
29998.74	-3.009
29999.74	-3.007
30000.74	-3.007
30001.74	-3.01
30002.74	-3.007
30003.74	-3.008
30004.74	-3.005
30005.74	-3.006
30006.74	-3.006
30007.74	-3.01
30008.74	-3.009
30009.74	-3.009
30010.74	-3.007
30011.74	-3.01
30012.74	-3.007
30013.74	-3.01
30014.74	-3.008
30015.74	-3.008
30016.74	-3.006
30017.74	-3.009
30018.74	-3.011
30019.74	-3.008
30020.74	-3.006
30021.74	-3.013
30022.74	-3.011
30023.74	-3.01
30024.74	-3.006
30025.74	-3.007
30026.74	-3.007
30027.74	-3.006
30028.74	-3.007
30029.74	-3.01
30030.74	-3.011
30031.74	-3.006
30032.74	-3.004
30033.74	-3.005
30034.74	-3.008
30035.74	-3.007
30036.74	-3.007
30037.74	-3.011
30038.74	-3.007
30039.74	-3.012
30040.74	-3.006
30041.74	-3.009
30042.74	-3.009
30043.74	-3.007
30044.74	-3.006
30045.74	-3.008
30046.74	-3.009
30047.74	-3.009
30048.74	-3.008
30049.74	-3.007
30050.74	-3.007
30051.74	-3.012
30052.74	-3.009
30053.74	-3.009
30054.74	-3.007
30055.74	-3.008
30056.74	-3.008
30057.74	-3.009
30058.74	-3.008
30059.74	-3.009
30060.74	-3.009
30061.74	-3.007
30062.74	-3.008
30063.74	-3.006
30064.74	-3.007
30065.74	-3.007
30066.74	-3.008
30067.74	-3.006
30068.74	-3.009
30069.74	-3.007
30070.74	-3.008
30071.74	-3.008
30072.74	-3.01
30073.74	-3.009
30074.74	-3.006
30075.74	-3.008
30076.74	-3.008
30077.74	-3.008
30078.74	-3.006
30079.74	-3.007
30080.74	-3.008
30081.74	-3.005
30082.74	-3.008
30083.74	-3.005
30084.74	-3.006
30085.74	-3.008
30086.74	-3.005
30087.74	-3.007
30088.74	-3.008
30089.74	-3.008
30090.74	-3.006
30091.74	-3.007
30092.74	-3.008
30093.74	-3.012
30094.74	-3.007
30095.74	-3.007
30096.74	-3.009
30097.74	-3.009
30098.74	-3.007
30099.74	-3.009
30100.74	-3.006
30101.74	-3.009
30102.74	-3.008
30103.74	-3.009
30104.74	-3.008
30105.74	-3.01
30106.74	-3.009
30107.74	-3.008
30108.74	-3.004
30109.74	-3.007
30110.74	-3.005
30111.74	-3.008
30112.74	-3.008
30113.74	-3.007
30114.74	-3.006
30115.74	-3.004
30116.74	-3.009
30117.74	-3.008
30118.74	-3.009
30119.74	-3.008
30120.74	-3.005
30121.74	-3.01
30122.74	-3.009
30123.74	-3.004
30124.74	-3.006
30125.74	-3.009
30126.74	-3.006
30127.74	-3.005
30128.74	-3.013
30129.74	-3.008
30130.74	-3.009
30131.74	-3.009
30132.74	-3.009
30133.74	-3.006
30134.74	-3.006
30135.74	-3.007
30136.74	-3.008
30137.74	-3.005
30138.74	-3.008
30139.74	-3.012
30140.74	-3.012
30141.74	-3.009
30142.74	-3.006
30143.74	-3.01
30144.74	-3.01
30145.74	-3.008
30146.74	-3.01
30147.74	-3.01
30148.74	-3.005
30149.74	-3.007
30150.74	-3.009
30151.74	-3.011
30152.74	-3.007
30153.74	-3.008
30154.74	-3.01
30155.74	-3.008
30156.74	-3.004
30157.74	-3.012
30158.74	-3.008
30159.74	-3.011
30160.74	-3.006
30161.74	-3.011
30162.74	-3.008
30163.74	-3.008
30164.74	-3.008
30165.74	-3.009
30166.74	-3.007
30167.74	-3.009
30168.74	-3.006
30169.74	-3.005
30170.74	-3.008
30171.74	-3.01
30172.74	-3.009
30173.74	-3.009
30174.74	-3.007
30175.74	-3.007
30176.74	-3.007
30177.74	-3.008
30178.74	-3.01
30179.74	-3.013
30180.74	-3.014
30181.74	-3.011
30182.74	-3.008
30183.74	-3.006
30184.74	-3.008
30185.74	-3.01
30186.74	-3.007
30187.74	-3.01
30188.74	-3.008
30189.74	-3.007
30190.74	-3.011
30191.74	-3.008
30192.74	-3.007
30193.74	-3.008
30194.74	-3.005
30195.74	-3.004
30196.74	-3.008
30197.74	-3.006
30198.74	-3.006
30199.74	-3.008
30200.74	-3.004
30201.74	-3.009
30202.74	-3.011
30203.74	-3.012
30204.74	-3.01
30205.74	-3.004
30206.74	-3.004
30207.74	-3.008
30208.74	-3.007
30209.74	-3.009
30210.74	-3.006
30211.74	-3.005
30212.74	-3.011
30213.74	-3.008
30214.74	-3.008
30215.74	-3.009
30216.74	-3.008
30217.74	-3.015
30218.74	-3.01
30219.74	-3.007
30220.74	-3.006
30221.74	-3.007
30222.74	-3.004
30223.74	-3.005
30224.74	-3.008
30225.74	-3.004
30226.74	-3.01
30227.74	-3.011
30228.74	-3.005
30229.74	-3.007
30230.74	-3.008
30231.74	-3.006
30232.74	-3.008
30233.74	-3.01
30234.74	-3.007
30235.74	-3.006
30236.74	-3.01
30237.74	-3.007
30238.74	-3.008
30239.74	-3.007
30240.74	-3.006
30241.74	-3.007
30242.74	-3.011
30243.74	-3.007
30244.74	-3.012
30245.74	-3.006
30246.74	-3.003
30247.74	-3.005
30248.74	-3.009
30249.74	-3.004
30250.74	-3.009
30251.74	-3.008
30252.74	-3.01
30253.74	-3.006
30254.74	-3.008
30255.74	-3.008
30256.74	-3.01
30257.74	-3.009
30258.74	-3.009
30259.74	-3.006
30260.74	-3.011
30261.74	-3.008
30262.74	-3.008
30263.74	-3.009
30264.74	-3.006
30265.74	-3.006
30266.74	-3.012
30267.74	-3.012
30268.74	-3.009
30269.74	-3.014
30270.74	-3.007
30271.74	-3.006
30272.74	-3.007
30273.74	-3.007
30274.74	-3.008
30275.74	-3.01
30276.74	-3.008
30277.74	-3.007
30278.74	-3.007
30279.74	-3.008
30280.74	-3.013
30281.74	-3.009
30282.74	-3.008
30283.74	-3.007
30284.74	-3.007
30285.74	-3.008
30286.74	-3.006
30287.74	-3.006
30288.74	-3.009
30289.74	-3.009
30290.74	-3.007
30291.74	-3.007
30292.74	-3.008
30293.74	-3.009
30294.74	-3.011
30295.74	-3.008
30296.74	-3.011
30297.74	-3.006
30298.74	-3.006
30299.74	-3.008
30300.74	-3.007
30301.74	-3.007
30302.74	-3.007
30303.74	-3.009
30304.74	-3.008
30305.74	-3.008
30306.74	-3.008
30307.74	-3.011
30308.74	-3.008
30309.74	-3.007
30310.74	-3.008
30311.74	-3.007
30312.74	-3.007
30313.74	-3.007
30314.74	-3.01
30315.74	-3.007
30316.74	-3.006
30317.74	-3.007
30318.74	-3.01
30319.74	-3.01
30320.74	-3.009
30321.74	-3.01
30322.74	-3.006
30323.74	-3.008
30324.74	-3.008
30325.74	-3.008
30326.74	-3.012
30327.74	-3.008
30328.74	-3.011
30329.74	-3.006
30330.74	-3.008
30331.74	-3.007
30332.74	-3.007
30333.74	-3.01
30334.74	-3.006
30335.74	-3.006
30336.74	-3.007
30337.74	-3.007
30338.74	-3.007
30339.74	-3.006
30340.74	-3.006
30341.74	-3.004
30342.74	-3.005
30343.74	-3.007
30344.74	-3.004
30345.74	-3.006
30346.74	-3.01
30347.74	-3.008
30348.74	-3.004
30349.74	-3.005
30350.74	-3.007
30351.74	-3.006
30352.74	-3.01
30353.74	-3.007
30354.74	-3.007
30355.74	-3.008
30356.74	-3.007
30357.74	-3.009
30358.74	-3.009
30359.74	-3.012
30360.74	-3.013
30361.74	-3.008
30362.74	-3.01
30363.74	-3.009
30364.74	-3.006
30365.74	-3.01
30366.74	-3.009
30367.74	-3.011
30368.74	-3.009
30369.74	-3.009
30370.74	-3.008
30371.74	-3.005
30372.74	-3.004
30373.74	-3.004
30374.74	-3.009
30375.74	-3.009
30376.74	-3.003
30377.74	-3.008
30378.74	-3.006
30379.74	-3.005
30380.74	-3.007
30381.74	-3.004
30382.74	-3.009
30383.74	-3.004
30384.74	-3.011
30385.74	-3.005
30386.74	-3.009
30387.74	-3.008
30388.74	-3.006
30389.74	-3.006
30390.74	-3.008
30391.74	-3.005
30392.74	-3.01
30393.74	-3.005
30394.74	-3.009
30395.74	-3.005
30396.74	-3.007
30397.74	-3.011
30398.74	-3.004
30399.74	-3.005
30400.74	-3.007
30401.74	-3.005
30402.74	-3.007
30403.74	-3.007
30404.74	-3.007
30405.74	-3.006
30406.74	-3.006
30407.74	-3.004
30408.74	-3.01
30409.74	-3.007
30410.74	-3.013
30411.74	-3.011
30412.74	-3.007
30413.74	-3.008
30414.74	-3.009
30415.74	-3.009
30416.74	-3.009
30417.74	-3.009
30418.74	-3.005
30419.74	-3.01
30420.74	-3.008
30421.74	-3.009
30422.74	-3.007
30423.74	-3.01
30424.74	-3.01
30425.74	-3.004
30426.74	-3.007
30427.74	-3.004
30428.74	-3.007
30429.74	-3.007
30430.74	-3.014
30431.74	-3.01
30432.74	-3.008
30433.74	-3.012
30434.74	-3.006
30435.74	-3.008
30436.74	-3.011
30437.74	-3.006
30438.74	-3.005
30439.74	-3.008
30440.74	-3.007
30441.74	-3.01
30442.74	-3.009
30443.74	-3.006
30444.74	-3.007
30445.74	-3.007
30446.74	-3.013
30447.74	-3.006
30448.74	-3.007
30449.74	-3.006
30450.74	-3.006
30451.74	-3.007
30452.74	-3.011
30453.74	-3.009
30454.74	-3.005
30455.74	-3.008
30456.74	-3.012
30457.74	-3.006
30458.74	-3.009
30459.74	-3.009
30460.74	-3.005
30461.74	-3.009
30462.74	-3.008
30463.74	-3.006
30464.74	-3.01
30465.74	-3.012
30466.74	-3.006
30467.74	-3.005
30468.74	-3.009
30469.74	-3.006
30470.74	-3.006
30471.74	-3.009
30472.74	-3.006
30473.74	-3.006
30474.74	-3.005
30475.74	-3.007
30476.74	-3.011
30477.74	-3.006
30478.74	-3.008
30479.74	-3.006
30480.74	-3.008
30481.74	-3.006
30482.74	-3.009
30483.74	-3.007
30484.74	-3.008
30485.74	-3.006
30486.74	-3.01
30487.74	-3.007
30488.74	-3.009
30489.74	-3.011
30490.74	-3.005
30491.74	-3.005
30492.74	-3.009
30493.74	-3.006
30494.74	-3.008
30495.74	-3.011
30496.74	-3.007
30497.74	-3.004
30498.74	-3.007
30499.74	-3.009
30500.74	-3.007
30501.74	-3.007
30502.74	-3.008
30503.74	-3.005
30504.74	-3.009
30505.74	-3.007
30506.74	-3.009
30507.74	-3.009
30508.74	-3.006
30509.74	-3.006
30510.74	-3.006
30511.74	-3.005
30512.74	-3.008
30513.74	-3.008
30514.74	-3.003
30515.74	-3.007
30516.74	-3.005
30517.74	-3.007
30518.74	-3.004
30519.74	-3.007
30520.74	-3.005
30521.74	-3.009
30522.74	-3.01
30523.74	-3.003
30524.74	-3.008
30525.74	-3.008
30526.74	-3.003
30527.74	-3.01
30528.74	-3.006
30529.74	-3.007
30530.74	-3.006
30531.74	-3.009
30532.74	-3.009
30533.74	-3.006
30534.74	-3.008
30535.74	-3.008
30536.74	-3.01
30537.74	-3.005
30538.74	-3.004
30539.74	-3.007
30540.74	-3.012
30541.74	-3.008
30542.74	-3.002
30543.74	-3.007
30544.74	-3.009
30545.74	-3.014
30546.74	-3.008
30547.74	-3.006
30548.74	-3.008
30549.74	-3.007
30550.74	-3.008
30551.74	-3.01
30552.74	-3.01
30553.74	-3.004
30554.74	-3.006
30555.74	-3.007
30556.74	-3.007
30557.74	-3.007
30558.74	-3.012
30559.74	-3.006
30560.74	-3.008
30561.74	-3.009
30562.74	-3.006
30563.74	-3.004
30564.74	-3.007
30565.74	-3.007
30566.74	-3.012
30567.74	-3.01
30568.74	-3.007
30569.74	-3.007
30570.74	-3.008
30571.74	-3.009
30572.74	-3.009
30573.74	-3.007
30574.74	-3.008
30575.74	-3.013
30576.74	-3.008
30577.74	-3.006
30578.74	-3.007
30579.74	-3.008
30580.74	-3.006
30581.74	-3.007
30582.74	-3.007
30583.74	-3.008
30584.74	-3.006
30585.74	-3.008
30586.74	-3.007
30587.74	-3.011
30588.74	-3.008
30589.74	-3.006
30590.74	-3.006
30591.74	-3.007
30592.74	-3.011
30593.74	-3.01
30594.74	-3.006
30595.74	-3.007
30596.74	-3.008
30597.74	-3.008
30598.74	-3.013
30599.74	-3.006
30600.74	-3.009
30601.74	-3.011
30602.74	-3.007
30603.74	-3.011
30604.74	-3.006
30605.74	-3.007
30606.74	-3.01
30607.74	-3.008
30608.74	-3.012
30609.74	-3.007
30610.74	-3.009
30611.74	-3.004
30612.74	-3.012
30613.74	-3.007
30614.74	-3.01
30615.74	-3.008
30616.74	-3.007
30617.74	-3.01
30618.74	-3.004
30619.74	-3.004
30620.74	-3.008
30621.74	-3.007
30622.74	-3.01
30623.74	-3.007
30624.74	-3.008
30625.74	-3.005
30626.74	-3.007
30627.74	-3.009
30628.74	-3.01
30629.74	-3.006
30630.74	-3.006
30631.74	-3.006
30632.74	-3.007
30633.74	-3.006
30634.74	-3.007
30635.74	-3.009
30636.74	-3.007
30637.74	-3.008
30638.74	-3.01
30639.74	-3.01
30640.74	-3.005
30641.74	-3.009
30642.74	-3.009
30643.74	-3.007
30644.74	-3.006
30645.74	-3.011
30646.74	-3.012
30647.74	-3.011
30648.74	-3.003
30649.74	-3.005
30650.74	-3.007
30651.74	-3.009
30652.74	-3.008
30653.74	-3.006
30654.74	-3.01
30655.74	-3.006
30656.74	-3.009
30657.74	-3.007
30658.74	-3.006
30659.74	-3.006
30660.74	-3.006
30661.74	-3.009
30662.74	-3.007
30663.74	-3.01
30664.74	-3.007
30665.74	-3.006
30666.74	-3.008
30667.74	-3.01
30668.74	-3.006
30669.74	-3.008
30670.74	-3.007
30671.74	-3.008
30672.74	-3.007
30673.74	-3.006
30674.74	-3.006
30675.74	-3.007
30676.74	-3.008
30677.74	-3.011
30678.74	-3.009
30679.74	-3.008
30680.74	-3.009
30681.74	-3.01
30682.74	-3.005
30683.74	-3.01
30684.74	-3.008
30685.74	-3.006
30686.74	-3.005
30687.74	-3.005
30688.74	-3.004
30689.74	-3.01
30690.74	-3.011
30691.74	-3.012
30692.74	-3.009
30693.74	-3.005
30694.74	-3.004
30695.74	-3.009
30696.74	-3.01
30697.74	-3.007
30698.74	-3.011
30699.74	-3.007
30700.74	-3.008
30701.74	-3.007
30702.74	-3.005
30703.74	-3.007
30704.74	-3.009
30705.74	-3.005
30706.74	-3.007
30707.74	-3.005
30708.74	-3.01
30709.74	-3.007
30710.74	-3.008
30711.74	-3.007
30712.74	-3.008
30713.74	-3.008
30714.74	-3.009
30715.74	-3.004
30716.74	-3.007
30717.74	-3.007
30718.74	-3.011
30719.74	-3.012
30720.74	-3.008
30721.74	-3.007
30722.74	-3.008
30723.74	-3.007
30724.74	-3.011
30725.74	-3.007
30726.74	-3.008
30727.74	-3.009
30728.74	-3.008
30729.74	-3.009
30730.74	-3.005
30731.74	-3.008
30732.74	-3.005
30733.74	-3.01
30734.74	-3.007
30735.74	-3.008
30736.74	-3.008
30737.74	-3.011
30738.74	-3.007
30739.74	-3.007
30740.74	-3.007
30741.74	-3.005
30742.74	-3.008
30743.74	-3.007
30744.74	-3.008
30745.74	-3.005
30746.74	-3.009
30747.74	-3.01
30748.74	-3.008
30749.74	-3.009
30750.74	-3.009
30751.74	-3.013
30752.74	-3.008
30753.74	-3.006
30754.74	-3.008
30755.74	-3.007
30756.74	-3.009
30757.74	-3.007
30758.74	-3.006
30759.74	-3.01
30760.74	-3.008
30761.74	-3.008
30762.74	-3.007
30763.74	-3.01
30764.74	-3.007
30765.74	-3.011
30766.74	-3.008
30767.74	-3.006
30768.74	-3.006
30769.74	-3.007
30770.74	-3.006
30771.74	-3.007
30772.74	-3.004
30773.74	-3.005
30774.74	-3.005
30775.74	-3.007
30776.74	-3.007
30777.74	-3.004
30778.74	-3.007
30779.74	-3.005
30780.74	-3.006
30781.74	-3.008
30782.74	-3.007
30783.74	-3.009
30784.74	-3.008
30785.74	-3.008
30786.74	-3.006
30787.74	-3.007
30788.74	-3.01
30789.74	-3.01
30790.74	-3.006
30791.74	-3.008
30792.74	-3.007
30793.74	-3.007
30794.74	-3.005
30795.74	-3.004
30796.74	-3.004
30797.74	-3.007
30798.74	-3.005
30799.74	-3.011
30800.74	-3.006
30801.74	-3.008
30802.74	-3.004
30803.74	-3.006
30804.74	-3.009
30805.74	-3.006
30806.74	-3.003
30807.74	-3.008
30808.74	-3.005
30809.74	-3.008
30810.74	-3.011
30811.74	-3.007
30812.74	-3.008
30813.74	-3.007
30814.74	-3.007
30815.74	-3.01
30816.74	-3.008
30817.74	-3.01
30818.74	-3.007
30819.74	-3.008
30820.74	-3.006
30821.74	-3.006
30822.74	-3.005
30823.74	-3.006
30824.74	-3.006
30825.74	-3.012
30826.74	-3.011
30827.74	-3.01
30828.74	-3.011
30829.74	-3.009
30830.74	-3.007
30831.74	-3.008
30832.74	-3.008
30833.74	-3.007
30834.74	-3.006
30835.74	-3.007
30836.74	-3.009
30837.74	-3.01
30838.74	-3.005
30839.74	-3.007
30840.74	-3.006
30841.74	-3.009
30842.74	-3.009
30843.74	-3.005
30844.74	-3.004
30845.74	-3.007
30846.74	-3.009
30847.74	-3.008
30848.74	-3.006
30849.74	-3.007
30850.74	-3.005
30851.74	-3.009
30852.74	-3.009
30853.74	-3.005
30854.74	-3.007
30855.74	-3.01
30856.74	-3.006
30857.74	-3.007
30858.74	-3.005
30859.74	-3.008
30860.74	-3.003
30861.74	-3.008
30862.74	-3.008
30863.74	-3.007
30864.74	-3.009
30865.74	-3.009
30866.74	-3.01
30867.74	-3.007
30868.74	-3.008
30869.74	-3.006
30870.74	-3.009
30871.74	-3.009
30872.74	-3.005
30873.74	-3.007
30874.74	-3.007
30875.74	-3.008
30876.74	-3.006
30877.74	-3.006
30878.74	-3.008
30879.74	-3.008
30880.74	-3.01
30881.74	-3.007
30882.74	-3.007
30883.74	-3.01
30884.74	-3.007
30885.74	-3.01
30886.74	-3.011
30887.74	-3.009
30888.74	-3.009
30889.74	-3.007
30890.74	-3.009
30891.74	-3.011
30892.74	-3.007
30893.74	-3.01
30894.74	-3.01
30895.74	-3.007
30896.74	-3.006
30897.74	-3.006
30898.74	-3.005
30899.74	-3.009
30900.74	-3.006
30901.74	-3.01
30902.74	-3.008
30903.74	-3.008
30904.74	-3.007
30905.74	-3.007
30906.74	-3.009
30907.74	-3.008
30908.74	-3.007
30909.74	-3.007
30910.74	-3.006
30911.74	-3.007
30912.74	-3.005
30913.74	-3.008
30914.74	-3.01
30915.74	-3.007
30916.74	-3.007
30917.74	-3.008
30918.74	-3.009
30919.74	-3.008
30920.74	-3.006
30921.74	-3.008
30922.74	-3.008
30923.74	-3.006
30924.74	-3.008
30925.74	-3.006
30926.74	-3.006
30927.74	-3.008
30928.74	-3.01
30929.74	-3.008
30930.74	-3.008
30931.74	-3.009
30932.74	-3.008
30933.74	-3.007
30934.74	-3.008
30935.74	-3.007
30936.74	-3.005
30937.74	-3.008
30938.74	-3.005
30939.74	-3.009
30940.74	-3.007
30941.74	-3.004
30942.74	-3.01
30943.74	-3.009
30944.74	-3.006
30945.74	-3.009
30946.74	-3.005
30947.74	-3.007
30948.74	-3.007
30949.74	-3.008
30950.74	-3.01
30951.74	-3.009
30952.74	-3.008
30953.74	-3.008
30954.74	-3.006
30955.74	-3.009
30956.74	-3.007
30957.74	-3.007
30958.74	-3.012
30959.74	-3.007
30960.74	-3.008
30961.74	-3.004
30962.74	-3.009
30963.74	-3.008
30964.74	-3.008
30965.74	-3.008
30966.74	-3.006
30967.74	-3.005
30968.74	-3.009
30969.74	-3.012
30970.74	-3.007
30971.74	-3.01
30972.74	-3.008
30973.74	-3.006
30974.74	-3.008
30975.74	-3.008
30976.74	-3.008
30977.74	-3.009
30978.74	-3.009
30979.74	-3.01
30980.74	-3.007
30981.74	-3.01
30982.74	-3.009
30983.74	-3.009
30984.74	-3.007
30985.74	-3.007
30986.74	-3.007
30987.74	-3.009
30988.74	-3.007
30989.74	-3.005
30990.74	-3.009
30991.74	-3.006
30992.74	-3.009
30993.74	-3.009
30994.74	-3.009
30995.74	-3.009
30996.74	-3.008
30997.74	-3.008
30998.74	-3.008
30999.74	-3.01
31000.74	-3.006
31001.74	-3.01
31002.74	-3.008
31003.74	-3.007
31004.74	-3.009
31005.74	-3.007
31006.74	-3.006
31007.74	-3.007
31008.74	-3.007
31009.74	-3.007
31010.74	-3.012
31011.74	-3.007
31012.74	-3.007
31013.74	-3.006
31014.74	-3.012
31015.74	-3.011
31016.74	-3.007
31017.74	-3.007
31018.74	-3.007
31019.74	-3.009
31020.74	-3.007
31021.74	-3.009
31022.74	-3.008
31023.74	-3.013
31024.74	-3.005
31025.74	-3.007
31026.74	-3.007
31027.74	-3.006
31028.74	-3.007
31029.74	-3.007
31030.74	-3.006
31031.74	-3.011
31032.74	-3.012
31033.74	-3.008
31034.74	-3.011
31035.74	-3.007
31036.74	-3.008
31037.74	-3.01
31038.74	-3.006
31039.74	-3.008
31040.74	-3.006
31041.74	-3.011
31042.74	-3.008
31043.74	-3.007
31044.74	-3.005
31045.74	-3.007
31046.74	-3.007
31047.74	-3.007
31048.74	-3.008
31049.74	-3.006
31050.74	-3.006
31051.74	-3.007
31052.74	-3.006
31053.74	-3.007
31054.74	-3.012
31055.74	-3.005
31056.74	-3.006
31057.74	-3.011
31058.74	-3.007
31059.74	-3.008
31060.74	-3.008
31061.74	-3.003
31062.74	-3.011
31063.74	-3.009
31064.74	-3.006
31065.74	-3.007
31066.74	-3.01
31067.74	-3.008
31068.74	-3.006
31069.74	-3.006
31070.74	-3.01
31071.74	-3.013
31072.74	-3.009
31073.74	-3.008
31074.74	-3.008
31075.74	-3.004
31076.74	-3.013
31077.74	-3.008
31078.74	-3.012
31079.74	-3.009
31080.74	-3.009
31081.74	-3.011
31082.74	-3.006
31083.74	-3.01
31084.74	-3.007
31085.74	-3.007
31086.74	-3.006
31087.74	-3.006
31088.74	-3.006
31089.74	-3.006
31090.74	-3.012
31091.74	-3.005
31092.74	-3.009
31093.74	-3.004
31094.74	-3.005
31095.74	-3.008
31096.74	-3.008
31097.74	-3.01
31098.74	-3.01
31099.74	-3.011
31100.74	-3.008
31101.74	-3.005
31102.74	-3.01
31103.74	-3.009
31104.74	-3.003
31105.74	-3.006
31106.74	-3.013
31107.74	-3.013
31108.74	-3.008
31109.74	-3.011
31110.74	-3.004
31111.74	-3.01
31112.74	-3.009
31113.74	-3.004
31114.74	-3.007
31115.74	-3.005
31116.74	-3.006
31117.74	-3.003
31118.74	-3.006
31119.74	-3.01
31120.74	-3.005
31121.74	-3.006
31122.74	-3.012
31123.74	-3.006
31124.74	-3.01
31125.74	-3.007
31126.74	-3.006
31127.74	-3.006
31128.74	-3.008
31129.74	-3.006
31130.74	-3.013
31131.74	-3.008
31132.74	-3.006
31133.74	-3.007
31134.74	-3.009
31135.74	-3.005
31136.74	-3.005
31137.74	-3.007
31138.74	-3.01
31139.74	-3.012
31140.74	-3.005
31141.74	-3.011
31142.74	-3.006
31143.74	-3.006
31144.74	-3.008
31145.74	-3.011
31146.74	-3.005
31147.74	-3.004
31148.74	-3.009
31149.74	-3.007
31150.74	-3.01
31151.74	-3.006
31152.74	-3.007
31153.74	-3.008
31154.74	-3.005
31155.74	-3.008
31156.74	-3.003
31157.74	-3.011
31158.74	-3.011
31159.74	-3.004
31160.74	-3.009
31161.74	-3.006
31162.74	-3.006
31163.74	-3.009
31164.74	-3.006
31165.74	-3.007
31166.74	-3.007
31167.74	-3.005
31168.74	-3.007
31169.74	-3.007
31170.74	-3.007
31171.74	-3.008
31172.74	-3.009
31173.74	-3.009
31174.74	-3.011
31175.74	-3.01
31176.74	-3.005
31177.74	-3.007
31178.74	-3.011
31179.74	-3.007
31180.74	-3.007
31181.74	-3.009
31182.74	-3.006
31183.74	-3.007
31184.74	-3.01
31185.74	-3.005
31186.74	-3.009
31187.74	-3.01
31188.74	-3.011
31189.74	-3.004
31190.74	-3.007
31191.74	-3.013
31192.74	-3.007
31193.74	-3.012
31194.74	-3.003
31195.74	-3.006
31196.74	-3.012
31197.74	-3.009
31198.74	-3.008
31199.74	-3.006
31200.74	-3.005
31201.74	-3.008
31202.74	-3.005
31203.74	-3.008
31204.74	-3.007
31205.74	-3.004
31206.74	-3.008
31207.74	-3.008
31208.74	-3.008
31209.74	-3.008
31210.74	-3.007
31211.74	-3.014
31212.74	-3.007
31213.74	-3.009
31214.74	-3.009
31215.74	-3.007
31216.74	-3.008
31217.74	-3.006
31218.74	-3.005
31219.74	-3.008
31220.74	-3.006
31221.74	-3.011
31222.74	-3.012
31223.74	-3.01
31224.74	-3.009
31225.74	-3.006
31226.74	-3.011
31227.74	-3.008
31228.74	-3.008
31229.74	-3.01
31230.74	-3.006
31231.74	-3.007
31232.74	-3.008
31233.74	-3.007
31234.74	-3.007
31235.74	-3.005
31236.74	-3.005
31237.74	-3.008
31238.74	-3.006
31239.74	-3.004
31240.74	-3.012
31241.74	-3.009
31242.74	-3.007
31243.74	-3.01
31244.74	-3.007
31245.74	-3.007
31246.74	-3.012
31247.74	-3.005
31248.74	-3.006
31249.74	-3.011
31250.74	-3.007
31251.74	-3.004
31252.74	-3.009
31253.74	-3.011
31254.74	-3.008
31255.74	-3.01
31256.74	-3.012
31257.74	-3.008
31258.74	-3.008
31259.74	-3.011
31260.74	-3.005
31261.74	-3.009
31262.74	-3.007
31263.74	-3.009
31264.74	-3.007
31265.74	-3.004
31266.74	-3.005
31267.74	-3.007
31268.74	-3.007
31269.74	-3.006
31270.74	-3.008
31271.74	-3.005
31272.74	-3.004
31273.74	-3.006
31274.74	-3.011
31275.74	-3.007
31276.74	-3.009
31277.74	-3.006
31278.74	-3.006
31279.74	-3.01
31280.74	-3.006
31281.74	-3.007
31282.74	-3.006
31283.74	-3.007
31284.74	-3.007
31285.74	-3.007
31286.74	-3.004
31287.74	-3.008
31288.74	-3.006
31289.74	-3.011
31290.74	-3.006
31291.74	-3.005
31292.74	-3.01
31293.74	-3.009
31294.74	-3.008
31295.74	-3.009
31296.74	-3.004
31297.74	-3.007
31298.74	-3.012
31299.74	-3.005
31300.74	-3.01
31301.74	-3.006
31302.74	-3.005
31303.74	-3.012
31304.74	-3.008
31305.74	-3.008
31306.74	-3.007
31307.74	-3.009
31308.74	-3.01
31309.74	-3.005
31310.74	-3.01
31311.74	-3.007
31312.74	-3.009
31313.74	-3.006
31314.74	-3.008
31315.74	-3.006
31316.74	-3.007
31317.74	-3.009
31318.74	-3.007
31319.74	-3.006
31320.74	-3.007
31321.74	-3.008
31322.74	-3.008
31323.74	-3.009
31324.74	-3.008
31325.74	-3.005
31326.74	-3.009
31327.74	-3.006
31328.74	-3.008
31329.74	-3.006
31330.74	-3.007
31331.74	-3.011
31332.74	-3.008
31333.74	-3.007
31334.74	-3.008
31335.74	-3.008
31336.74	-3.01
31337.74	-3.008
31338.74	-3.008
31339.74	-3.003
31340.74	-3.008
31341.74	-3.009
31342.74	-3.006
31343.74	-3.006
31344.74	-3.006
31345.74	-3.005
31346.74	-3.006
31347.74	-3.008
31348.74	-3.009
31349.74	-3.01
31350.74	-3.008
31351.74	-3.01
31352.74	-3.009
31353.74	-3.006
31354.74	-3.008
31355.74	-3.009
31356.74	-3.009
31357.74	-3.009
31358.74	-3.009
31359.74	-3.008
31360.74	-3.011
31361.74	-3.009
31362.74	-3.007
31363.74	-3.004
31364.74	-3.009
31365.74	-3.007
31366.74	-3.009
31367.74	-3.009
31368.74	-3.008
31369.74	-3.013
31370.74	-3.01
31371.74	-3.012
31372.74	-3.008
31373.74	-3.008
31374.74	-3.008
31375.74	-3.006
31376.74	-3.006
31377.74	-3.004
31378.74	-3.008
31379.74	-3.008
31380.74	-3.01
31381.74	-3.004
31382.74	-3.006
31383.74	-3.004
31384.74	-3.009
31385.74	-3.006
31386.74	-3.009
31387.74	-3.006
31388.74	-3.006
31389.74	-3.004
31390.74	-3.006
31391.74	-3.004
31392.74	-3.006
31393.74	-3.005
31394.74	-3.006
31395.74	-3.008
31396.74	-3.006
31397.74	-3.005
31398.74	-3.011
31399.74	-3.009
31400.74	-3.01
31401.74	-3.007
31402.74	-3.005
31403.74	-3.005
31404.74	-3.007
31405.74	-3.004
31406.74	-3.008
31407.74	-3.011
31408.74	-3.006
31409.74	-3.005
31410.74	-3.006
31411.74	-3.007
31412.74	-3.01
31413.74	-3.008
31414.74	-3.011
31415.74	-3.005
31416.74	-3.01
31417.74	-3.007
31418.74	-3.005
31419.74	-3.006
31420.74	-3.008
31421.74	-3.009
31422.74	-3.007
31423.74	-3.005
31424.74	-3.008
31425.74	-3.006
31426.74	-3.009
31427.74	-3.008
31428.74	-3.01
31429.74	-3.006
31430.74	-3.007
31431.74	-3.007
31432.74	-3.011
31433.74	-3.011
31434.74	-3.007
31435.74	-3.009
31436.74	-3.007
31437.74	-3.008
31438.74	-3.008
31439.74	-3.007
31440.74	-3.007
31441.74	-3.006
31442.74	-3.007
31443.74	-3.007
31444.74	-3.006
31445.74	-3.006
31446.74	-3.006
31447.74	-3.007
31448.74	-3.007
31449.74	-3.008
31450.74	-3.008
31451.74	-3.009
31452.74	-3.008
31453.74	-3.006
31454.74	-3.007
31455.74	-3.007
31456.74	-3.007
31457.74	-3.01
31458.74	-3.006
31459.74	-3.005
31460.74	-3.005
31461.74	-3.006
31462.74	-3.007
31463.74	-3.009
31464.74	-3.007
31465.74	-3.009
31466.74	-3.008
31467.74	-3.008
31468.74	-3.008
31469.74	-3.008
31470.74	-3.007
31471.74	-3.006
31472.74	-3.004
31473.74	-3.01
31474.74	-3.004
31475.74	-3.006
31476.74	-3.009
31477.74	-3.006
31478.74	-3.006
31479.74	-3.007
31480.74	-3.008
31481.74	-3.005
31482.74	-3.009
31483.74	-3.005
31484.74	-3.007
31485.74	-3.008
31486.74	-3.012
31487.74	-3.008
31488.74	-3.004
31489.74	-3.007
31490.74	-3.008
31491.74	-3.008
31492.74	-3.006
31493.74	-3.006
31494.74	-3.009
31495.74	-3.009
31496.74	-3.01
31497.74	-3.006
31498.74	-3.008
31499.74	-3.008
31500.74	-3.007
31501.74	-3.013
31502.74	-3.007
31503.74	-3.005
31504.74	-3.004
31505.74	-3.007
31506.74	-3.01
31507.74	-3.008
31508.74	-3.007
31509.74	-3.006
31510.74	-3.005
31511.74	-3.007
31512.74	-3.007
31513.74	-3.008
31514.74	-3.006
31515.74	-3.007
31516.74	-3.003
31517.74	-3.01
31518.74	-3.008
31519.74	-3.009
31520.74	-3.008
31521.74	-3.01
31522.74	-3.01
31523.74	-3.005
31524.74	-3.006
31525.74	-3.006
31526.74	-3.008
31527.74	-3.008
31528.74	-3.006
31529.74	-3.006
31530.74	-3.006
31531.74	-3.006
31532.74	-3.007
31533.74	-3.008
31534.74	-3.008
31535.74	-3.007
31536.74	-3.007
31537.74	-3.007
31538.74	-3.011
31539.74	-3.013
31540.74	-3.005
31541.74	-3.007
31542.74	-3.006
31543.74	-3.007
31544.74	-3.006
31545.74	-3.009
31546.74	-3.006
31547.74	-3.007
31548.74	-3.008
31549.74	-3.01
31550.74	-3.009
31551.74	-3.007
31552.74	-3.008
31553.74	-3.005
31554.74	-3.008
31555.74	-3.006
31556.74	-3.007
31557.74	-3.007
31558.74	-3.01
31559.74	-3.006
31560.74	-3.007
31561.74	-3.008
31562.74	-3.008
31563.74	-3.005
31564.74	-3.005
31565.74	-3.006
31566.74	-3.005
31567.74	-3.006
31568.74	-3.01
31569.74	-3.006
31570.74	-3.008
31571.74	-3.004
31572.74	-3.01
31573.74	-3.007
31574.74	-3.007
31575.74	-3.006
31576.74	-3.009
31577.74	-3.012
31578.74	-3.005
31579.74	-3.003
31580.74	-3.007
31581.74	-3.009
31582.74	-3.005
31583.74	-3.006
31584.74	-3.006
31585.74	-3.006
31586.74	-3.009
31587.74	-3.008
31588.74	-3.008
31589.74	-3.005
31590.74	-3.01
31591.74	-3.006
31592.74	-3.01
31593.74	-3.007
31594.74	-3.007
31595.74	-3.007
31596.74	-3.007
31597.74	-3.005
31598.74	-3.004
31599.74	-3.006
31600.74	-3.006
31601.74	-3.007
31602.74	-3.009
31603.74	-3.005
31604.74	-3.008
31605.74	-3.008
31606.74	-3.004
31607.74	-3.006
31608.74	-3.008
31609.74	-3.01
31610.74	-3.011
31611.74	-3.006
31612.74	-3.005
31613.74	-3.01
31614.74	-3.006
31615.74	-3.01
31616.74	-3.005
31617.74	-3.005
31618.74	-3.004
31619.74	-3.006
31620.74	-3.005
31621.74	-3.007
31622.74	-3.005
31623.74	-3.009
31624.74	-3.005
31625.74	-3.009
31626.74	-3.01
31627.74	-3.009
31628.74	-3.006
31629.74	-3.007
31630.74	-3.005
31631.74	-3.006
31632.74	-3.013
31633.74	-3.007
31634.74	-3.01
31635.74	-3.005
31636.74	-3.006
31637.74	-3.009
31638.74	-3.011
31639.74	-3.009
31640.74	-3.005
31641.74	-3.007
31642.74	-3.007
31643.74	-3.008
31644.74	-3.005
31645.74	-3.009
31646.74	-3.008
31647.74	-3.009
31648.74	-3.005
31649.74	-3.007
31650.74	-3.005
31651.74	-3.011
31652.74	-3.006
31653.74	-3.004
31654.74	-3.006
31655.74	-3.009
31656.74	-3.005
31657.74	-3.008
31658.74	-3.007
31659.74	-3.004
31660.74	-3.008
31661.74	-3.007
31662.74	-3.006
31663.74	-3.006
31664.74	-3.007
31665.74	-3.009
31666.74	-3.01
31667.74	-3.005
31668.74	-3.008
31669.74	-3.007
31670.74	-3.01
31671.74	-3.008
31672.74	-3.009
31673.74	-3.008
31674.74	-3.008
31675.74	-3.012
31676.74	-3.009
31677.74	-3.008
31678.74	-3.01
31679.74	-3.008
31680.74	-3.006
31681.74	-3.005
31682.74	-3.005
31683.74	-3.006
31684.74	-3.008
31685.74	-3.006
31686.74	-3.006
31687.74	-3.005
31688.74	-3.01
31689.74	-3.009
31690.74	-3.009
31691.74	-3.008
31692.74	-3.006
31693.74	-3.008
31694.74	-3.008
31695.74	-3.008
31696.74	-3.006
31697.74	-3.011
31698.74	-3.005
31699.74	-3.008
31700.74	-3.007
31701.74	-3.009
31702.74	-3.012
31703.74	-3.007
31704.74	-3.006
31705.74	-3.007
31706.74	-3.008
31707.74	-3.007
31708.74	-3.008
31709.74	-3.008
31710.74	-3.009
31711.74	-3.007
31712.74	-3.006
31713.74	-3.007
31714.74	-3.007
31715.74	-3.01
31716.74	-3.01
31717.74	-3.006
31718.74	-3.007
31719.74	-3.007
31720.74	-3.006
31721.74	-3.007
31722.74	-3.007
31723.74	-3.005
31724.74	-3.01
31725.74	-3.006
31726.74	-3.006
31727.74	-3.008
31728.74	-3.007
31729.74	-3.006
31730.74	-3.008
31731.74	-3.009
31732.74	-3.009
31733.74	-3.007
31734.74	-3.007
31735.74	-3.014
31736.74	-3.008
31737.74	-3.006
31738.74	-3.007
31739.74	-3.008
31740.74	-3.009
31741.74	-3.005
31742.74	-3.008
31743.74	-3.011
31744.74	-3.007
31745.74	-3.01
31746.74	-3.005
31747.74	-3.005
31748.74	-3.009
31749.74	-3.011
31750.74	-3.005
31751.74	-3.009
31752.74	-3.014
31753.74	-3.009
31754.74	-3.006
31755.74	-3.004
31756.74	-3.007
31757.74	-3.005
31758.74	-3.004
31759.74	-3.005
31760.74	-3.012
31761.74	-3.009
31762.74	-3.008
31763.74	-3.007
31764.74	-3.008
31765.74	-3.009
31766.74	-3.008
31767.74	-3.009
31768.74	-3.008
31769.74	-3.005
31770.74	-3.006
31771.74	-3.007
31772.74	-3.009
31773.74	-3.008
31774.74	-3.007
31775.74	-3.007
31776.74	-3.006
31777.74	-3.008
31778.74	-3.009
31779.74	-3.006
31780.74	-3.007
31781.74	-3.007
31782.74	-3.006
31783.74	-3.005
31784.74	-3.005
31785.74	-3.005
31786.74	-3.006
31787.74	-3.004
31788.74	-3.01
31789.74	-3.008
31790.74	-3.007
31791.74	-3.006
31792.74	-3.005
31793.74	-3.01
31794.74	-3.007
31795.74	-3.008
31796.74	-3.009
31797.74	-3.01
31798.74	-3.008
31799.74	-3.007
31800.74	-3.008
31801.74	-3.008
31802.74	-3.007
31803.74	-3.009
31804.74	-3.007
31805.74	-3.01
31806.74	-3.007
31807.74	-3.009
31808.74	-3.008
31809.74	-3.009
31810.74	-3.009
31811.74	-3.009
31812.74	-3.007
31813.74	-3.008
31814.74	-3.01
31815.74	-3.007
31816.74	-3.009
31817.74	-3.009
31818.74	-3.009
31819.74	-3.007
31820.74	-3.009
31821.74	-3.008
31822.74	-3.01
31823.74	-3.007
31824.74	-3.006
31825.74	-3.008
31826.74	-3.009
31827.74	-3.008
31828.74	-3.008
31829.74	-3.008
31830.74	-3.006
31831.74	-3.008
31832.74	-3.007
31833.74	-3.009
31834.74	-3.008
31835.74	-3.009
31836.74	-3.008
31837.74	-3.01
31838.74	-3.008
31839.74	-3.008
31840.74	-3.009
31841.74	-3.007
31842.74	-3.01
31843.74	-3.008
31844.74	-3.005
31845.74	-3.008
31846.74	-3.008
31847.74	-3.006
31848.74	-3.006
31849.74	-3.007
31850.74	-3.007
31851.74	-3.01
31852.74	-3.008
31853.74	-3.008
31854.74	-3.006
31855.74	-3.008
31856.74	-3.005
31857.74	-3.01
31858.74	-3.007
31859.74	-3.009
31860.74	-3.009
31861.74	-3.009
31862.74	-3.006
31863.74	-3.009
31864.74	-3.012
31865.74	-3.006
31866.74	-3.008
31867.74	-3.006
31868.74	-3.005
31869.74	-3.008
31870.74	-3.012
31871.74	-3.009
31872.74	-3.005
31873.74	-3.008
31874.74	-3.008
31875.74	-3.007
31876.74	-3.007
31877.74	-3.003
31878.74	-3.007
31879.74	-3.009
31880.74	-3.008
31881.74	-3.004
31882.74	-3.004
31883.74	-3.005
31884.74	-3.007
31885.74	-3.009
31886.74	-3.006
31887.74	-3.012
31888.74	-3.007
31889.74	-3.005
31890.74	-3.011
31891.74	-3.007
31892.74	-3.007
31893.74	-3.006
31894.74	-3.006
31895.74	-3.006
31896.74	-3.007
31897.74	-3.007
31898.74	-3.005
31899.74	-3.01
31900.74	-3.012
31901.74	-3.009
31902.74	-3.005
31903.74	-3.006
31904.74	-3.006
31905.74	-3.004
31906.74	-3.004
31907.74	-3.008
31908.74	-3.009
31909.74	-3.007
31910.74	-3.006
31911.74	-3.008
31912.74	-3.006
31913.74	-3.005
31914.74	-3.006
31915.74	-3.01
31916.74	-3.005
31917.74	-3.005
31918.74	-3.009
31919.74	-3.005
31920.74	-3.008
31921.74	-3.004
31922.74	-3.009
31923.74	-3.005
31924.74	-3.007
31925.74	-3.006
31926.74	-3.008
31927.74	-3.007
31928.74	-3.007
31929.74	-3.01
31930.74	-3.005
31931.74	-3.009
31932.74	-3.008
31933.74	-3.006
31934.74	-3.007
31935.74	-3.01
31936.74	-3.007
31937.74	-3.007
31938.74	-3.008
31939.74	-3.008
31940.74	-3.004
31941.74	-3.004
31942.74	-3.003
31943.74	-3.007
31944.74	-3.009
31945.74	-3.005
31946.74	-3.007
31947.74	-3.005
31948.74	-3.006
31949.74	-3.008
31950.74	-3.009
31951.74	-3.008
31952.74	-3.01
31953.74	-3.005
31954.74	-3.009
31955.74	-3.01
31956.74	-3.005
31957.74	-3.006
31958.74	-3.011
31959.74	-3.005
31960.74	-3.008
31961.74	-3.007
31962.74	-3.005
31963.74	-3.007
31964.74	-3.003
31965.74	-3.006
31966.74	-3.009
31967.74	-3.004
31968.74	-3.008
31969.74	-3.005
31970.74	-3.004
31971.74	-3.006
31972.74	-3.006
31973.74	-3.007
31974.74	-3.012
31975.74	-3.008
31976.74	-3.007
31977.74	-3.009
31978.74	-3.007
31979.74	-3.006
31980.74	-3.006
31981.74	-3.004
31982.74	-3.006
31983.74	-3.008
31984.74	-3.003
31985.74	-3.005
31986.74	-3.007
31987.74	-3.009
31988.74	-3.013
31989.74	-3.002
31990.74	-3.009
31991.74	-3.008
31992.74	-3.005
31993.74	-3.009
31994.74	-3.005
31995.74	-3.007
31996.74	-3.007
31997.74	-3.007
31998.74	-3.009
31999.74	-3.01
32000.74	-3.008
32001.74	-3.008
32002.74	-3.005
32003.74	-3.01
32004.74	-3.005
32005.74	-3.003
32006.74	-3.008
32007.74	-3.01
32008.74	-3.009
32009.74	-3.008
32010.74	-3.008
32011.74	-3.006
32012.74	-3.006
32013.74	-3.009
32014.74	-3.006
32015.74	-3.008
32016.74	-3.007
32017.74	-3.006
32018.74	-3.006
32019.74	-3.006
32020.74	-3.005
32021.74	-3.006
32022.74	-3.006
32023.74	-3.007
32024.74	-3.008
32025.74	-3.006
32026.74	-3.011
32027.74	-3.014
32028.74	-3.008
32029.74	-3.011
32030.74	-3.011
32031.74	-3.004
32032.74	-3.007
32033.74	-3.01
32034.74	-3.005
32035.74	-3.007
32036.74	-3.008
32037.74	-3.008
32038.74	-3.007
32039.74	-3.008
32040.74	-3.01
32041.74	-3.007
32042.74	-3.006
32043.74	-3.008
32044.74	-3.006
32045.74	-3.012
32046.74	-3.007
32047.74	-3.007
32048.74	-3.008
32049.74	-3.009
32050.74	-3.006
32051.74	-3.009
32052.74	-3.008
32053.74	-3.01
32054.74	-3.008
32055.74	-3.005
32056.74	-3.007
32057.74	-3.006
32058.74	-3.011
32059.74	-3.004
32060.74	-3.012
32061.74	-3.008
32062.74	-3.008
32063.74	-3.012
32064.74	-3.006
32065.74	-3.008
32066.74	-3.013
32067.74	-3.007
32068.74	-3.007
32069.74	-3.007
32070.74	-3.011
32071.74	-3.007
32072.74	-3.007
32073.74	-3.008
32074.74	-3.01
32075.74	-3.007
32076.74	-3.009
32077.74	-3.007
32078.74	-3.008
32079.74	-3.008
32080.74	-3.007
32081.74	-3.006
32082.74	-3.01
32083.74	-3.005
32084.74	-3.005
32085.74	-3.007
32086.74	-3.009
32087.74	-3.009
32088.74	-3.006
32089.74	-3.006
32090.74	-3.01
32091.74	-3.011
32092.74	-3.004
32093.74	-3.008
32094.74	-3.006
32095.74	-3.006
32096.74	-3.006
32097.74	-3.008
32098.74	-3.006
32099.74	-3.008
32100.74	-3.008
32101.74	-3.011
32102.74	-3.008
32103.74	-3.004
32104.74	-3.01
32105.74	-3.006
32106.74	-3.006
32107.74	-3.011
32108.74	-3.007
32109.74	-3.009
32110.74	-3.008
32111.74	-3.009
32112.74	-3.007
32113.74	-3.009
32114.74	-3.005
32115.74	-3.011
32116.74	-3.006
32117.74	-3.011
32118.74	-3.006
32119.74	-3.007
32120.74	-3.01
32121.74	-3.008
32122.74	-3.009
32123.74	-3.006
32124.74	-3.009
32125.74	-3.008
32126.74	-3.006
32127.74	-3.011
32128.74	-3.008
32129.74	-3.012
32130.74	-3.008
32131.74	-3.009
32132.74	-3.008
32133.74	-3.006
32134.74	-3.008
32135.74	-3.01
32136.74	-3.008
32137.74	-3.005
32138.74	-3.008
32139.74	-3.01
32140.74	-3.006
32141.74	-3.006
32142.74	-3.004
32143.74	-3.007
32144.74	-3.007
32145.74	-3.009
32146.74	-3.008
32147.74	-3.008
32148.74	-3.009
32149.74	-3.009
32150.74	-3.007
32151.74	-3.01
32152.74	-3.008
32153.74	-3.009
32154.74	-3.005
32155.74	-3.009
32156.74	-3.007
32157.74	-3.009
32158.74	-3.012
32159.74	-3.006
32160.74	-3.009
32161.74	-3.009
32162.74	-3.009
32163.74	-3.009
32164.74	-3.008
32165.74	-3.005
32166.74	-3.008
32167.74	-3.009
32168.74	-3.008
32169.74	-3.009
32170.74	-3.008
32171.74	-3.007
32172.74	-3.01
32173.74	-3.008
32174.74	-3.007
32175.74	-3.008
32176.74	-3.006
32177.74	-3.006
32178.74	-3.009
32179.74	-3.007
32180.74	-3.009
32181.74	-3.005
32182.74	-3.01
32183.74	-3.01
32184.74	-3.008
32185.74	-3.009
32186.74	-3.01
32187.74	-3.011
32188.74	-3.008
32189.74	-3.009
32190.74	-3.008
32191.74	-3.011
32192.74	-3.008
32193.74	-3.005
32194.74	-3.009
32195.74	-3.008
32196.74	-3.006
32197.74	-3.006
32198.74	-3.008
32199.74	-3.01
32200.74	-3.008
32201.74	-3.007
32202.74	-3.011
32203.74	-3.009
32204.74	-3.007
32205.74	-3.008
32206.74	-3.006
32207.74	-3.009
32208.74	-3.004
32209.74	-3.011
32210.74	-3.008
32211.74	-3.009
32212.74	-3.009
32213.74	-3.01
32214.74	-3.009
32215.74	-3.008
32216.74	-3.008
32217.74	-3.007
32218.74	-3.008
32219.74	-3.009
32220.74	-3.009
32221.74	-3.007
32222.74	-3.01
32223.74	-3.01
32224.74	-3.01
32225.74	-3.01
32226.74	-3.007
32227.74	-3.007
32228.74	-3.008
32229.74	-3.01
32230.74	-3.009
32231.74	-3.009
32232.74	-3.01
32233.74	-3.007
32234.74	-3.009
32235.74	-3.008
32236.74	-3.007
32237.74	-3.007
32238.74	-3.008
32239.74	-3.008
32240.74	-3.008
32241.74	-3.007
32242.74	-3.008
32243.74	-3.006
32244.74	-3.007
32245.74	-3.009
32246.74	-3.01
32247.74	-3.007
32248.74	-3.007
32249.74	-3.007
32250.74	-3.005
32251.74	-3.01
32252.74	-3.008
32253.74	-3.007
32254.74	-3.01
32255.74	-3.009
32256.74	-3.007
32257.74	-3.008
32258.74	-3.009
32259.74	-3.01
32260.74	-3.009
32261.74	-3.008
32262.74	-3.008
32263.74	-3.009
32264.74	-3.01
32265.74	-3.007
32266.74	-3.007
32267.74	-3.007
32268.74	-3.01
32269.74	-3.006
32270.74	-3.006
32271.74	-3.007
32272.74	-3.006
32273.74	-3.01
32274.74	-3.008
32275.74	-3.008
32276.74	-3.007
32277.74	-3.01
32278.74	-3.006
32279.74	-3.007
32280.74	-3.008
32281.74	-3.007
32282.74	-3.007
32283.74	-3.007
32284.74	-3.008
32285.74	-3.008
32286.74	-3.007
32287.74	-3.006
32288.74	-3.01
32289.74	-3.004
32290.74	-3.009
32291.74	-3.009
32292.74	-3.008
32293.74	-3.006
32294.74	-3.009
32295.74	-3.009
32296.74	-3.009
32297.74	-3.006
32298.74	-3.007
32299.74	-3.011
32300.74	-3.009
32301.74	-3.005
32302.74	-3.006
32303.74	-3.006
32304.74	-3.012
32305.74	-3.006
32306.74	-3.006
32307.74	-3.005
32308.74	-3.008
32309.74	-3.007
32310.74	-3.007
32310.76	39.04
32311.74	39.99
32312.74	39.98
32313.74	39.98
32314.74	39.99
32315.74	39.98
32316.74	39.98
32317.74	39.99
32318.74	39.98
32319.74	39.98
32320.74	39.98
32321.74	39.98
32322.74	39.98
32323.74	39.98
32324.74	39.98
32325.74	39.98
32326.74	39.98
32327.74	39.98
32328.74	39.98
32329.74	39.98
32330.74	39.98
32331.74	39.98
32332.74	39.98
32333.74	39.98
32334.74	39.98
32335.74	39.98
32336.74	39.98
32337.74	39.98
32338.74	39.98
32339.74	39.98
32340.74	39.99
32341.74	39.98
32342.74	39.98
32343.74	39.98
32344.74	39.98
32345.74	39.98
32346.74	39.98
32347.74	39.98
32348.74	39.98
32349.74	39.98
32350.74	39.98
32351.74	39.98
32352.74	39.98
32353.74	39.98
32354.74	39.98
32355.74	39.98
32356.74	39.98
32357.74	39.98
32358.74	39.99
32359.74	39.99
32360.74	39.99
32361.74	39.99
32362.74	39.99
32363.74	39.99
32364.74	39.98
32365.74	39.99
32366.74	39.99
32367.74	39.99
32368.74	39.99
32369.74	39.99
32370.74	39.98
32371.74	39.98
32372.74	39.99
32373.74	39.99
32374.74	39.98
32375.74	39.98
32376.74	39.98
32377.74	39.98
32378.74	39.98
32379.74	39.98
32380.74	39.98
32381.74	39.98
32382.74	39.99
32383.74	39.99
32384.74	39.98
32385.74	39.98
32386.74	39.99
32387.74	39.98
32388.74	39.98
32389.74	39.98
32390.74	39.98
32391.74	39.98
32392.74	39.98
32393.74	39.99
32394.74	39.99
32395.74	39.98
32396.74	39.98
32397.74	39.99
32398.74	39.98
32399.74	39.98
32400.74	39.98
32401.74	39.98
32402.74	39.98
32403.74	39.98
32404.74	39.98
32405.74	39.98
32406.74	39.98
32407.74	39.98
32408.74	39.98
32409.74	39.98
32410.74	39.99
32411.74	39.98
32412.74	39.98
32413.74	39.98
32414.74	39.98
32415.74	39.99
32416.74	39.99
32417.74	39.99
32418.74	39.98
32419.74	39.98
32420.74	39.99
32421.74	39.99
32422.74	39.98
32423.74	39.98
32424.74	39.98
32425.74	39.98
32426.74	39.98
32427.74	39.98
32428.74	39.98
32429.74	39.98
32430.74	39.98
32431.74	39.99
32432.74	39.98
32433.74	39.98
32434.74	39.98
32435.74	39.98
32436.74	39.98
32437.74	39.98
32438.74	39.98
32439.74	39.98
32440.74	39.99
32441.74	39.99
32442.74	39.99
32443.74	39.99
32444.74	39.98
32445.74	39.98
32446.74	39.98
32447.74	39.98
32448.74	39.99
32449.74	39.98
32450.74	39.99
32451.74	39.99
32452.74	39.99
32453.74	39.98
32454.74	39.99
32455.74	39.99
32456.74	39.98
32457.74	39.98
32458.74	39.98
32459.74	39.99
32460.74	39.99
32461.74	39.99
32462.74	39.98
32463.74	39.98
32464.74	39.98
32465.74	39.99
32466.74	39.99
32467.74	39.99
32468.74	39.99
32469.74	39.98
32470.74	39.99
32471.74	39.99
32472.74	39.98
32473.74	39.98
32474.74	39.99
32475.74	39.98
32476.74	39.98
32477.74	39.98
32478.74	39.98
32479.74	39.98
32480.74	39.98
32481.74	39.98
32482.74	39.98
32483.74	39.99
32484.74	39.99
32485.74	39.98
32486.74	39.98
32487.74	39.98
32488.74	39.98
32489.74	39.98
32490.74	39.98
32491.74	39.98
32492.74	39.98
32493.74	39.98
32494.74	39.99
32495.74	39.98
32496.74	39.98
32497.74	39.99
32498.74	39.98
32499.74	39.98
32500.74	39.98
32501.74	39.98
32502.74	39.99
32503.74	39.98
32504.74	39.98
32505.74	39.98
32506.74	39.99
32507.74	39.99
32508.74	39.98
32509.74	39.98
32510.74	39.98
32511.74	39.98
32512.74	39.98
32513.74	39.99
32514.74	39.98
32515.74	39.98
32516.74	39.98
32517.74	39.98
32518.74	39.98
32519.74	39.98
32520.74	39.98
32521.74	39.98
32522.74	39.98
32523.74	39.98
32524.74	39.98
32525.74	39.98
32526.74	39.98
32527.74	39.98
32528.74	39.99
32529.74	39.98
32530.74	39.99
32531.74	39.98
32532.74	39.98
32533.74	39.98
32534.74	39.98
32535.74	39.98
32536.74	39.98
32537.74	39.98
32538.74	39.98
32539.74	39.98
32540.74	39.98
32541.74	39.98
32542.74	39.98
32543.74	39.98
32544.74	39.98
32545.74	39.98
32546.74	39.98
32547.74	39.98
32548.74	39.98
32549.74	39.98
32550.74	39.98
32551.74	39.98
32552.74	39.98
32553.74	39.99
32554.74	39.98
32555.74	39.99
32556.74	39.98
32557.74	39.98
32558.74	39.98
32559.74	39.98
32560.74	39.98
32561.74	39.98
32562.74	39.98
32563.74	39.98
32564.74	39.98
32565.74	39.98
32566.74	39.98
32567.74	39.98
32568.74	39.98
32569.74	39.98
32570.74	39.98
32571.74	39.99
32572.74	39.98
32573.74	39.98
32574.74	39.98
32575.74	39.98
32576.74	39.99
32577.74	39.98
32578.74	39.98
32579.74	39.99
32580.74	39.99
32581.74	39.98
32582.74	39.99
32583.74	39.98
32584.74	39.99
32585.74	39.98
32586.74	39.98
32587.74	39.99
32588.74	39.98
32589.74	39.98
32590.74	39.98
32591.74	39.99
32592.74	39.98
32593.74	39.99
32594.74	39.99
32595.74	39.98
32596.74	39.98
32597.74	39.98
32598.74	39.98
32599.74	39.98
32600.74	39.98
32601.74	39.98
32602.74	39.98
32603.74	39.98
32604.74	39.99
32605.74	39.98
32606.74	39.99
32607.74	39.98
32608.74	39.98
32609.74	39.98
32610.74	39.98
32611.74	39.98
32612.74	39.98
32613.74	39.99
32614.74	39.98
32615.74	39.98
32616.74	39.99
32617.74	39.99
32618.74	39.99
32619.74	39.99
32620.74	39.99
32621.74	39.99
32622.74	39.99
32623.74	39.99
32624.74	39.99
32625.74	39.98
32626.74	39.99
32627.74	39.98
32628.74	39.98
32629.74	39.99
32630.74	39.99
32631.74	39.99
32632.74	39.98
32633.74	39.98
32634.74	39.99
32635.74	39.99
32636.74	39.99
32637.74	39.98
32638.74	39.98
32639.74	39.99
32640.74	39.99
32641.74	39.99
32642.74	39.98
32643.74	39.99
32644.74	39.99
32645.74	39.98
32646.74	39.99
32647.74	39.99
32648.74	39.99
32649.74	39.98
32650.74	39.99
32651.74	39.98
32652.74	39.99
32653.74	39.99
32654.74	39.98
32655.74	39.99
32656.74	39.98
32657.74	39.99
32658.74	39.99
32659.74	39.99
32660.74	39.99
32661.74	39.99
32662.74	39.99
32663.74	39.99
32664.74	39.99
32665.74	39.99
32666.74	39.99
32667.74	39.98
32668.74	39.99
32669.74	39.99
32670.74	39.98
32671.74	39.99
32672.74	39.99
32673.74	39.99
32674.74	39.99
32675.74	39.99
32676.74	39.99
32677.74	39.99
32678.74	39.99
32679.74	39.98
32680.74	39.99
32681.74	39.98
32682.74	39.99
32683.74	39.99
32684.74	39.99
32685.74	39.99
32686.74	39.99
32687.74	39.99
32688.74	39.99
32689.74	39.99
32690.74	39.98
32691.74	39.99
32692.74	39.99
32693.74	39.99
32694.74	39.98
32695.74	39.98
32696.74	39.98
32697.74	39.98
32698.74	39.98
32699.74	39.98
32700.74	39.98
32701.74	39.98
32702.74	39.98
32703.74	39.98
32704.74	39.98
32705.74	39.99
32706.74	39.99
32707.74	39.99
32708.74	39.98
32709.74	39.98
32710.74	39.98
32711.74	39.98
32712.74	39.98
32713.74	39.98
32714.74	39.98
32715.74	39.98
32716.74	39.99
32717.74	39.98
32718.74	39.99
32719.74	39.98
32720.74	39.98
32721.74	39.98
32722.74	39.98
32723.74	39.98
32724.74	39.99
32725.74	39.99
32726.74	39.99
32727.74	39.98
32728.74	39.98
32729.74	39.99
32730.74	39.99
32731.74	39.99
32732.74	39.99
32733.74	39.98
32734.74	39.98
32735.74	39.98
32736.74	39.98
32737.74	39.98
32738.74	39.99
32739.74	39.98
32740.74	39.98
32741.74	39.98
32742.74	39.98
32743.74	39.98
32744.74	39.98
32745.74	39.99
32746.74	39.98
32747.74	39.98
32748.74	39.98
32749.74	39.98
32750.74	39.98
32751.74	39.98
32752.74	39.98
32753.74	39.98
32754.74	39.98
32755.74	39.98
32756.74	39.99
32757.74	39.99
32758.74	39.98
32759.74	39.98
32760.74	39.98
32761.74	39.98
32762.74	39.98
32763.74	39.98
32764.74	39.98
32765.74	39.98
32766.74	39.98
32767.74	39.98
32768.74	39.98
32769.74	39.98
32770.74	39.98
32771.74	39.98
32772.74	39.99
32773.74	39.99
32774.74	39.98
32775.74	39.98
32776.74	39.98
32777.74	39.98
32778.74	39.98
32779.74	39.98
32780.74	39.98
32781.74	39.98
32782.74	39.98
32783.74	39.98
32784.74	39.98
32785.74	39.98
32786.74	39.98
32787.74	39.98
32788.74	39.98
32789.74	39.98
32790.74	39.98
32791.74	39.98
32792.74	39.98
32793.74	39.99
32794.74	39.98
32795.74	39.98
32796.74	39.98
32797.74	39.98
32798.74	39.98
32799.74	39.98
32800.74	39.98
32801.74	39.98
32802.74	39.98
32803.74	39.98
32804.74	39.98
32805.74	39.98
32806.74	39.98
32807.74	39.98
32808.74	39.98
32809.74	39.98
32810.74	39.98
32811.74	39.98
32812.74	39.98
32813.74	39.98
32814.74	39.98
32815.74	39.98
32816.74	39.98
32817.74	39.98
32818.74	39.98
32819.74	39.98
32820.74	39.98
32821.74	39.98
32822.74	39.98
32823.74	39.98
32824.74	39.98
32825.74	39.98
32826.74	39.98
32827.74	39.98
32828.74	39.98
32829.74	39.99
32830.74	39.98
32831.74	39.99
32832.74	39.98
32833.74	39.98
32834.74	39.98
32835.74	39.98
32836.74	39.99
32837.74	39.99
32838.74	39.98
32839.74	39.98
32840.74	39.98
32841.74	39.98
32842.74	39.98
32843.74	39.99
32844.74	39.98
32845.74	39.98
32846.74	39.98
32847.74	39.98
32848.74	39.99
32849.74	39.98
32850.74	39.98
32851.74	39.98
32852.74	39.99
32853.74	39.98
32854.74	39.98
32855.74	39.98
32856.74	39.98
32857.74	39.99
32858.74	39.98
32859.74	39.99
32860.74	39.98
32861.74	39.98
32862.74	39.98
32863.74	39.98
32864.74	39.98
32865.74	39.98
32866.74	39.98
32867.74	39.98
32868.74	39.98
32869.74	39.98
32870.74	39.98
32871.74	39.98
32872.74	39.98
32873.74	39.98
32874.74	39.98
32875.74	39.98
32876.74	39.98
32877.74	39.98
32878.74	39.98
32879.74	39.98
32880.74	39.98
32881.74	39.98
32882.74	39.98
32883.74	39.98
32884.74	39.98
32885.74	39.98
32886.74	39.98
32887.74	39.98
32888.74	39.98
32889.74	39.98
32890.74	39.98
32891.74	39.98
32892.74	39.98
32893.74	39.98
32894.74	39.98
32895.74	39.98
32896.74	39.98
32897.74	39.98
32898.74	39.98
32899.74	39.98
32900.74	39.98
32901.74	39.98
32902.74	39.98
32903.74	39.98
32904.74	39.98
32905.74	39.98
32906.74	39.98
32907.74	39.98
32908.74	39.98
32909.74	39.98
32910.74	39.98
32910.76	-2.566
32911.74	-3.008
32912.74	-3.006
32913.74	-3.009
32914.74	-3.01
32915.74	-3.008
32916.74	-3.007
32917.74	-3.01
32918.74	-3.006
32919.74	-3.011
32920.74	-3.006
32921.74	-3.007
32922.74	-3.01
32923.74	-3.011
32924.74	-3.009
32925.74	-3.007
32926.74	-3.009
32927.74	-3.006
32928.74	-3.008
32929.74	-3.011
32930.74	-3.009
32931.74	-3.011
32932.74	-3.007
32933.74	-3.008
32934.74	-3.008
32935.74	-3.008
32936.74	-3.01
32937.74	-3.008
32938.74	-3.008
32939.74	-3.007
32940.74	-3.009
32941.74	-3.007
32942.74	-3.009
32943.74	-3.012
32944.74	-3.007
32945.74	-3.009
32946.74	-3.007
32947.74	-3.008
32948.74	-3.009
32949.74	-3.007
32950.74	-3.009
32951.74	-3.009
32952.74	-3.008
32953.74	-3.008
32954.74	-3.006
32955.74	-3.008
32956.74	-3.008
32957.74	-3.007
32958.74	-3.01
32959.74	-3.008
32960.74	-3.007
32961.74	-3.006
32962.74	-3.01
32963.74	-3.008
32964.74	-3.009
32965.74	-3.007
32966.74	-3.009
32967.74	-3.007
32968.74	-3.01
32969.74	-3.007
32970.74	-3.007
32971.74	-3.007
32972.74	-3.007
32973.74	-3.009
32974.74	-3.006
32975.74	-3.007
32976.74	-3.008
32977.74	-3.007
32978.74	-3.007
32979.74	-3.007
32980.74	-3.005
32981.74	-3.007
32982.74	-3.006
32983.74	-3.005
32984.74	-3.008
32985.74	-3.007
32986.74	-3.009
32987.74	-3.008
32988.74	-3.011
32989.74	-3.007
32990.74	-3.007
32991.74	-3.007
32992.74	-3.005
32993.74	-3.005
32994.74	-3.006
32995.74	-3.01
32996.74	-3.01
32997.74	-3.007
32998.74	-3.006
32999.74	-3.01
33000.74	-3.005
33001.74	-3.011
33002.74	-3.006
33003.74	-3.007
33004.74	-3.008
33005.74	-3.01
33006.74	-3.007
33007.74	-3.008
33008.74	-3.009
33009.74	-3.009
33010.74	-3.004
33011.74	-3.007
33012.74	-3.005
33013.74	-3.008
33014.74	-3.013
33015.74	-3.003
33016.74	-3.007
33017.74	-3.004
33018.74	-3.005
33019.74	-3.01
33020.74	-3.008
33021.74	-3.009
33022.74	-3.009
33023.74	-3.006
33024.74	-3.007
33025.74	-3.004
33026.74	-3.005
33027.74	-3.004
33028.74	-3.009
33029.74	-3.005
33030.74	-3.007
33031.74	-3.006
33032.74	-3.006
33033.74	-3.006
33034.74	-3.006
33035.74	-3.005
33036.74	-3.007
33037.74	-3.006
33038.74	-3.007
33039.74	-3.007
33040.74	-3.008
33041.74	-3.012
33042.74	-3.009
33043.74	-3.005
33044.74	-3.006
33045.74	-3.008
33046.74	-3.01
33047.74	-3.009
33048.74	-3.007
33049.74	-3.007
33050.74	-3.01
33051.74	-3.008
33052.74	-3.006
33053.74	-3.008
33054.74	-3.008
33055.74	-3.004
33056.74	-3.011
33057.74	-3.008
33058.74	-3.005
33059.74	-3.011
33060.74	-3.008
33061.74	-3.005
33062.74	-3.008
33063.74	-3.007
33064.74	-3.009
33065.74	-3.007
33066.74	-3.007
33067.74	-3.008
33068.74	-3.007
33069.74	-3.006
33070.74	-3.006
33071.74	-3.005
33072.74	-3.01
33073.74	-3.007
33074.74	-3.008
33075.74	-3.008
33076.74	-3.006
33077.74	-3.011
33078.74	-3.01
33079.74	-3.007
33080.74	-3.008
33081.74	-3.005
33082.74	-3.005
33083.74	-3.012
33084.74	-3.007
33085.74	-3.005
33086.74	-3.008
33087.74	-3.007
33088.74	-3.008
33089.74	-3.007
33090.74	-3.007
33091.74	-3.009
33092.74	-3.005
33093.74	-3.007
33094.74	-3.008
33095.74	-3.007
33096.74	-3.009
33097.74	-3.006
33098.74	-3.007
33099.74	-3.006
33100.74	-3.01
33101.74	-3.008
33102.74	-3.003
33103.74	-3.008
33104.74	-3.004
33105.74	-3.009
33106.74	-3.005
33107.74	-3.008
33108.74	-3.006
33109.74	-3.01
33110.74	-3.006
33111.74	-3.006
33112.74	-3.003
33113.74	-3.009
33114.74	-3.01
33115.74	-3.009
33116.74	-3.006
33117.74	-3.006
33118.74	-3.007
33119.74	-3.007
33120.74	-3.011
33121.74	-3.006
33122.74	-3.008
33123.74	-3.009
33124.74	-3.005
33125.74	-3.01
33126.74	-3.008
33127.74	-3.007
33128.74	-3.009
33129.74	-3.006
33130.74	-3.009
33131.74	-3.006
33132.74	-3.007
33133.74	-3.008
33134.74	-3.007
33135.74	-3.008
33136.74	-3.007
33137.74	-3.007
33138.74	-3.006
33139.74	-3.009
33140.74	-3.01
33141.74	-3.009
33142.74	-3.008
33143.74	-3.008
33144.74	-3.006
33145.74	-3.007
33146.74	-3.01
33147.74	-3.009
33148.74	-3.007
33149.74	-3.011
33150.74	-3.009
33151.74	-3.008
33152.74	-3.005
33153.74	-3.008
33154.74	-3.008
33155.74	-3.007
33156.74	-3.013
33157.74	-3.006
33158.74	-3.009
33159.74	-3.007
33160.74	-3.008
33161.74	-3.009
33162.74	-3.009
33163.74	-3.007
33164.74	-3.005
33165.74	-3.006
33166.74	-3.009
33167.74	-3.008
33168.74	-3.009
33169.74	-3.008
33170.74	-3.007
33171.74	-3.009
33172.74	-3.005
33173.74	-3.006
33174.74	-3.008
33175.74	-3.006
33176.74	-3.01
33177.74	-3.007
33178.74	-3.009
33179.74	-3.01
33180.74	-3.006
33181.74	-3.006
33182.74	-3.005
33183.74	-3.007
33184.74	-3.008
33185.74	-3.009
33186.74	-3.005
33187.74	-3.01
33188.74	-3.007
33189.74	-3.005
33190.74	-3.005
33191.74	-3.008
33192.74	-3.008
33193.74	-3.01
33194.74	-3.013
33195.74	-3.005
33196.74	-3.008
33197.74	-3.008
33198.74	-3.008
33199.74	-3.008
33200.74	-3.01
33201.74	-3.005
33202.74	-3.004
33203.74	-3.003
33204.74	-3.008
33205.74	-3.006
33206.74	-3.005
33207.74	-3.004
33208.74	-3.008
33209.74	-3.007
33210.74	-3.01
33211.74	-3.009
33212.74	-3.005
33213.74	-3.007
33214.74	-3.006
33215.74	-3.007
33216.74	-3.009
33217.74	-3.009
33218.74	-3.008
33219.74	-3.007
33220.74	-3.008
33221.74	-3.009
33222.74	-3.008
33223.74	-3.008
33224.74	-3.007
33225.74	-3.007
33226.74	-3.006
33227.74	-3.007
33228.74	-3.008
33229.74	-3.004
33230.74	-3.008
33231.74	-3.005
33232.74	-3.007
33233.74	-3.008
33234.74	-3.007
33235.74	-3.009
33236.74	-3.006
33237.74	-3.008
33238.74	-3.008
33239.74	-3.005
33240.74	-3.007
33241.74	-3.007
33242.74	-3.006
33243.74	-3.011
33244.74	-3.008
33245.74	-3.005
33246.74	-3.006
33247.74	-3.007
33248.74	-3.006
33249.74	-3.011
33250.74	-3.005
33251.74	-3.008
33252.74	-3.005
33253.74	-3.005
33254.74	-3.008
33255.74	-3.01
33256.74	-3.007
33257.74	-3.011
33258.74	-3.007
33259.74	-3.003
33260.74	-3.009
33261.74	-3.005
33262.74	-3.002
33263.74	-3.006
33264.74	-3.009
33265.74	-3.007
33266.74	-3.007
33267.74	-3.008
33268.74	-3.012
33269.74	-3.01
33270.74	-3.005
33271.74	-3.007
33272.74	-3.01
33273.74	-3.006
33274.74	-3.008
33275.74	-3.008
33276.74	-3.008
33277.74	-3.005
33278.74	-3.008
33279.74	-3.008
33280.74	-3.008
33281.74	-3.011
33282.74	-3.008
33283.74	-3.006
33284.74	-3.009
33285.74	-3.006
33286.74	-3.01
33287.74	-3.008
33288.74	-3.007
33289.74	-3.008
33290.74	-3.008
33291.74	-3.006
33292.74	-3.011
33293.74	-3.006
33294.74	-3.007
33295.74	-3.008
33296.74	-3.01
33297.74	-3.007
33298.74	-3.005
33299.74	-3.004
33300.74	-3.006
33301.74	-3.007
33302.74	-3.006
33303.74	-3.008
33304.74	-3.005
33305.74	-3.005
33306.74	-3.008
33307.74	-3.009
33308.74	-3.005
33309.74	-3.011
33310.74	-3.004
33311.74	-3.008
33312.74	-3.01
33313.74	-3.01
33314.74	-3.008
33315.74	-3.009
33316.74	-3.008
33317.74	-3.006
33318.74	-3.01
33319.74	-3.01
33320.74	-3.005
33321.74	-3.005
33322.74	-3.006
33323.74	-3.007
33324.74	-3.007
33325.74	-3.005
33326.74	-3.007
33327.74	-3.008
33328.74	-3.007
33329.74	-3.006
33330.74	-3.006
33331.74	-3.004
33332.74	-3.006
33333.74	-3.005
33334.74	-3.005
33335.74	-3.007
33336.74	-3.009
33337.74	-3.006
33338.74	-3.007
33339.74	-3.008
33340.74	-3.011
33341.74	-3.005
33342.74	-3.008
33343.74	-3.004
33344.74	-3.011
33345.74	-3.006
33346.74	-3.007
33347.74	-3.005
33348.74	-3.004
33349.74	-3.005
33350.74	-3.011
33351.74	-3.009
33352.74	-3.007
33353.74	-3.007
33354.74	-3.005
33355.74	-3.009
33356.74	-3.011
33357.74	-3.005
33358.74	-3.007
33359.74	-3.006
33360.74	-3.006
33361.74	-3.004
33362.74	-3.008
33363.74	-3.012
33364.74	-3.007
33365.74	-3.007
33366.74	-3.006
33367.74	-3.006
33368.74	-3.006
33369.74	-3.008
33370.74	-3.005
33371.74	-3.008
33372.74	-3.006
33373.74	-3.006
33374.74	-3.013
33375.74	-3.01
33376.74	-3.003
33377.74	-3.01
33378.74	-3.008
33379.74	-3.006
33380.74	-3.009
33381.74	-3.009
33382.74	-3.006
33383.74	-3.007
33384.74	-3.004
33385.74	-3.009
33386.74	-3.007
33387.74	-3.01
33388.74	-3.008
33389.74	-3.008
33390.74	-3.009
33391.74	-3.009
33392.74	-3.006
33393.74	-3.007
33394.74	-3.008
33395.74	-3.009
33396.74	-3.008
33397.74	-3.011
33398.74	-3.01
33399.74	-3.008
33400.74	-3.009
33401.74	-3.007
33402.74	-3.007
33403.74	-3.007
33404.74	-3.007
33405.74	-3.009
33406.74	-3.007
33407.74	-3.009
33408.74	-3.01
33409.74	-3.005
33410.74	-3.008
33411.74	-3.007
33412.74	-3.005
33413.74	-3.006
33414.74	-3.011
33415.74	-3.009
33416.74	-3.005
33417.74	-3.008
33418.74	-3.01
33419.74	-3.009
33420.74	-3.007
33421.74	-3.006
33422.74	-3.006
33423.74	-3.006
33424.74	-3.008
33425.74	-3.007
33426.74	-3.012
33427.74	-3.009
33428.74	-3.004
33429.74	-3.006
33430.74	-3.008
33431.74	-3.007
33432.74	-3.008
33433.74	-3.006
33434.74	-3.009
33435.74	-3.007
33436.74	-3.005
33437.74	-3.008
33438.74	-3.008
33439.74	-3.007
33440.74	-3.008
33441.74	-3.008
33442.74	-3.009
33443.74	-3.008
33444.74	-3.01
33445.74	-3.008
33446.74	-3.007
33447.74	-3.009
33448.74	-3.01
33449.74	-3.008
33450.74	-3.007
33451.74	-3.01
33452.74	-3.012
33453.74	-3.01
33454.74	-3.005
33455.74	-3.005
33456.74	-3.007
33457.74	-3.006
33458.74	-3.006
33459.74	-3.008
33460.74	-3.005
33461.74	-3.007
33462.74	-3.009
33463.74	-3.009
33464.74	-3.008
33465.74	-3.007
33466.74	-3.006
33467.74	-3.004
33468.74	-3.009
33469.74	-3.007
33470.74	-3.008
33471.74	-3.006
33472.74	-3.008
33473.74	-3.006
33474.74	-3.008
33475.74	-3.008
33476.74	-3.008
33477.74	-3.007
33478.74	-3.011
33479.74	-3.009
33480.74	-3.007
33481.74	-3.006
33482.74	-3.008
33483.74	-3.009
33484.74	-3.007
33485.74	-3.008
33486.74	-3.007
33487.74	-3.007
33488.74	-3.008
33489.74	-3.007
33490.74	-3.004
33491.74	-3.006
33492.74	-3.008
33493.74	-3.009
33494.74	-3.009
33495.74	-3.01
33496.74	-3.009
33497.74	-3.009
33498.74	-3.005
33499.74	-3.009
33500.74	-3.011
33501.74	-3.008
33502.74	-3.008
33503.74	-3.006
33504.74	-3.005
33505.74	-3.007
33506.74	-3.009
33507.74	-3.008
33508.74	-3.009
33509.74	-3.009
33510.74	-3.007
33511.74	-3.008
33512.74	-3.011
33513.74	-3.007
33514.74	-3.008
33515.74	-3.009
33516.74	-3.008
33517.74	-3.007
33518.74	-3.006
33519.74	-3.01
33520.74	-3.008
33521.74	-3.009
33522.74	-3.006
33523.74	-3.009
33524.74	-3.007
33525.74	-3.007
33526.74	-3.004
33527.74	-3.009
33528.74	-3.007
33529.74	-3.007
33530.74	-3.006
33531.74	-3.008
33532.74	-3.005
33533.74	-3.007
33534.74	-3.012
33535.74	-3.005
33536.74	-3.008
33537.74	-3.007
33538.74	-3.008
33539.74	-3.007
33540.74	-3.006
33541.74	-3.011
33542.74	-3.01
33543.74	-3.007
33544.74	-3.009
33545.74	-3.005
33546.74	-3.01
33547.74	-3.009
33548.74	-3.009
33549.74	-3.008
33550.74	-3.01
33551.74	-3.004
33552.74	-3.01
33553.74	-3.008
33554.74	-3.008
33555.74	-3.007
33556.74	-3.006
33557.74	-3.007
33558.74	-3.01
33559.74	-3.007
33560.74	-3.006
33561.74	-3.006
33562.74	-3.006
33563.74	-3.007
33564.74	-3.006
33565.74	-3.007
33566.74	-3.005
33567.74	-3.007
33568.74	-3.012
33569.74	-3.008
33570.74	-3.006
33571.74	-3.01
33572.74	-3.007
33573.74	-3.009
33574.74	-3.01
33575.74	-3.007
33576.74	-3.01
33577.74	-3.005
33578.74	-3.008
33579.74	-3.009
33580.74	-3.005
33581.74	-3.008
33582.74	-3.009
33583.74	-3.01
33584.74	-3.008
33585.74	-3.006
33586.74	-3.006
33587.74	-3.009
33588.74	-3.004
33589.74	-3.006
33590.74	-3.007
33591.74	-3.009
33592.74	-3.01
33593.74	-3.008
33594.74	-3.008
33595.74	-3.008
33596.74	-3.009
33597.74	-3.008
33598.74	-3.012
33599.74	-3.009
33600.74	-3.008
33601.74	-3.005
33602.74	-3.01
33603.74	-3.005
33604.74	-3.008
33605.74	-3.006
33606.74	-3.01
33607.74	-3.006
33608.74	-3.01
33609.74	-3.006
33610.74	-3.006
33611.74	-3.01
33612.74	-3.009
33613.74	-3.013
33614.74	-3.007
33615.74	-3.011
33616.74	-3.009
33617.74	-3.009
33618.74	-3.008
33619.74	-3.006
33620.74	-3.01
33621.74	-3.01
33622.74	-3.011
33623.74	-3.008
33624.74	-3.01
33625.74	-3.008
33626.74	-3.006
33627.74	-3.008
33628.74	-3.008
33629.74	-3.009
33630.74	-3.007
33631.74	-3.007
33632.74	-3.007
33633.74	-3.004
33634.74	-3.008
33635.74	-3.007
33636.74	-3.008
33637.74	-3.008
33638.74	-3.009
33639.74	-3.007
33640.74	-3.009
33641.74	-3.006
33642.74	-3.007
33643.74	-3.008
33644.74	-3.007
33645.74	-3.006
33646.74	-3.01
33647.74	-3.01
33648.74	-3.007
33649.74	-3.009
33650.74	-3.009
33651.74	-3.004
33652.74	-3.008
33653.74	-3.007
33654.74	-3.008
33655.74	-3.009
33656.74	-3.008
33657.74	-3.007
33658.74	-3.008
33659.74	-3.01
33660.74	-3.009
33661.74	-3.011
33662.74	-3.006
33663.74	-3.011
33664.74	-3.009
33665.74	-3.008
33666.74	-3.006
33667.74	-3.009
33668.74	-3.01
33669.74	-3.005
33670.74	-3.012
33671.74	-3.01
33672.74	-3.006
33673.74	-3.008
33674.74	-3.009
33675.74	-3.009
33676.74	-3.007
33677.74	-3.009
33678.74	-3.009
33679.74	-3.008
33680.74	-3.009
33681.74	-3.005
33682.74	-3.007
33683.74	-3.007
33684.74	-3.007
33685.74	-3.008
33686.74	-3.009
33687.74	-3.009
33688.74	-3.006
33689.74	-3.005
33690.74	-3.01
33691.74	-3.011
33692.74	-3.009
33693.74	-3.009
33694.74	-3.009
33695.74	-3.007
33696.74	-3.009
33697.74	-3.005
33698.74	-3.008
33699.74	-3.008
33700.74	-3.008
33701.74	-3.007
33702.74	-3.006
33703.74	-3.009
33704.74	-3.005
33705.74	-3.01
33706.74	-3.008
33707.74	-3.009
33708.74	-3.005
33709.74	-3.009
33710.74	-3.01
33711.74	-3.008
33712.74	-3.004
33713.74	-3.006
33714.74	-3.008
33715.74	-3.009
33716.74	-3.006
33717.74	-3.006
33718.74	-3.008
33719.74	-3.012
33720.74	-3.008
33721.74	-3.007
33722.74	-3.007
33723.74	-3.012
33724.74	-3.006
33725.74	-3.01
33726.74	-3.009
33727.74	-3.009
33728.74	-3.008
33729.74	-3.008
33730.74	-3.01
33731.74	-3.008
33732.74	-3.008
33733.74	-3.007
33734.74	-3.007
33735.74	-3.012
33736.74	-3.012
33737.74	-3.006
33738.74	-3.009
33739.74	-3.008
33740.74	-3.006
33741.74	-3.007
33742.74	-3.008
33743.74	-3.007
33744.74	-3.008
33745.74	-3.008
33746.74	-3.008
33747.74	-3.011
33748.74	-3.007
33749.74	-3.008
33750.74	-3.005
33751.74	-3.007
33752.74	-3.009
33753.74	-3.01
33754.74	-3.01
33755.74	-3.008
33756.74	-3.007
33757.74	-3.006
33758.74	-3.007
33759.74	-3.008
33760.74	-3.007
33761.74	-3.006
33762.74	-3.008
33763.74	-3.007
33764.74	-3.006
33765.74	-3.007
33766.74	-3.009
33767.74	-3.009
33768.74	-3.009
33769.74	-3.011
33770.74	-3.008
33771.74	-3.007
33772.74	-3.008
33773.74	-3.006
33774.74	-3.01
33775.74	-3.007
33776.74	-3.007
33777.74	-3.009
33778.74	-3.01
33779.74	-3.007
33780.74	-3.007
33781.74	-3.006
33782.74	-3.008
33783.74	-3.007
33784.74	-3.008
33785.74	-3.011
33786.74	-3.007
33787.74	-3.008
33788.74	-3.007
33789.74	-3.007
33790.74	-3.006
33791.74	-3.007
33792.74	-3.011
33793.74	-3.006
33794.74	-3.004
33795.74	-3.009
33796.74	-3.005
33797.74	-3.007
33798.74	-3.004
33799.74	-3.006
33800.74	-3.007
33801.74	-3.006
33802.74	-3.005
33803.74	-3.007
33804.74	-3.008
33805.74	-3.009
33806.74	-3.01
33807.74	-3.009
33808.74	-3.006
33809.74	-3.009
33810.74	-3.009
33811.74	-3.008
33812.74	-3.007
33813.74	-3.006
33814.74	-3.007
33815.74	-3.007
33816.74	-3.008
33817.74	-3.01
33818.74	-3.009
33819.74	-3.008
33820.74	-3.008
33821.74	-3.008
33822.74	-3.009
33823.74	-3.007
33824.74	-3.005
33825.74	-3.008
33826.74	-3.008
33827.74	-3.01
33828.74	-3.008
33829.74	-3.007
33830.74	-3.009
33831.74	-3.007
33832.74	-3.007
33833.74	-3.009
33834.74	-3.007
33835.74	-3.009
33836.74	-3.006
33837.74	-3.006
33838.74	-3.006
33839.74	-3.009
33840.74	-3.007
33841.74	-3.008
33842.74	-3.008
33843.74	-3.007
33844.74	-3.007
33845.74	-3.007
33846.74	-3.007
33847.74	-3.008
33848.74	-3.006
33849.74	-3.008
33850.74	-3.008
33851.74	-3.008
33852.74	-3.01
33853.74	-3.006
33854.74	-3.01
33855.74	-3.008
33856.74	-3.01
33857.74	-3.006
33858.74	-3.007
33859.74	-3.007
33860.74	-3.009
33861.74	-3.008
33862.74	-3.009
33863.74	-3.009
33864.74	-3.007
33865.74	-3.007
33866.74	-3.007
33867.74	-3.008
33868.74	-3.01
33869.74	-3.007
33870.74	-3.008
33871.74	-3.007
33872.74	-3.006
33873.74	-3.005
33874.74	-3.008
33875.74	-3.005
33876.74	-3.01
33877.74	-3.009
33878.74	-3.008
33879.74	-3.01
33880.74	-3.008
33881.74	-3.006
33882.74	-3.009
33883.74	-3.007
33884.74	-3.011
33885.74	-3.008
33886.74	-3.011
33887.74	-3.006
33888.74	-3.007
33889.74	-3.007
33890.74	-3.006
33891.74	-3.007
33892.74	-3.007
33893.74	-3.01
33894.74	-3.009
33895.74	-3.009
33896.74	-3.008
33897.74	-3.007
33898.74	-3.011
33899.74	-3.014
33900.74	-3.009
33901.74	-3.01
33902.74	-3.007
33903.74	-3.01
33904.74	-3.006
33905.74	-3.008
33906.74	-3.01
33907.74	-3.009
33908.74	-3.007
33909.74	-3.008
33910.74	-3.007
33911.74	-3.009
33912.74	-3.009
33913.74	-3.006
33914.74	-3.008
33915.74	-3.007
33916.74	-3.006
33917.74	-3.006
33918.74	-3.007
33919.74	-3.01
33920.74	-3.008
33921.74	-3.01
33922.74	-3.011
33923.74	-3.005
33924.74	-3.007
33925.74	-3.007
33926.74	-3.007
33927.74	-3.008
33928.74	-3.006
33929.74	-3.011
33930.74	-3.006
33931.74	-3.008
33932.74	-3.009
33933.74	-3.008
33934.74	-3.008
33935.74	-3.007
33936.74	-3.006
33937.74	-3.008
33938.74	-3.012
33939.74	-3.009
33940.74	-3.006
33941.74	-3.008
33942.74	-3.009
33943.74	-3.008
33944.74	-3.005
33945.74	-3.008
33946.74	-3.007
33947.74	-3.007
33948.74	-3.006
33949.74	-3.009
33950.74	-3.008
33951.74	-3.006
33952.74	-3.008
33953.74	-3.007
33954.74	-3.006
33955.74	-3.011
33956.74	-3.006
33957.74	-3.006
33958.74	-3.01
33959.74	-3.007
33960.74	-3.01
33961.74	-3.011
33962.74	-3.007
33963.74	-3.007
33964.74	-3.009
33965.74	-3.008
33966.74	-3.007
33967.74	-3.008
33968.74	-3.008
33969.74	-3.007
33970.74	-3.008
33971.74	-3.01
33972.74	-3.009
33973.74	-3.009
33974.74	-3.008
33975.74	-3.01
33976.74	-3.005
33977.74	-3.009
33978.74	-3.007
33979.74	-3.012
33980.74	-3.005
33981.74	-3.007
33982.74	-3.008
33983.74	-3.008
33984.74	-3.005
33985.74	-3.009
33986.74	-3.004
33987.74	-3.008
33988.74	-3.008
33989.74	-3.006
33990.74	-3.005
33991.74	-3.009
33992.74	-3.008
33993.74	-3.01
33994.74	-3.011
33995.74	-3.007
33996.74	-3.005
33997.74	-3.01
33998.74	-3.009
33999.74	-3.007
34000.74	-3.007
34001.74	-3.005
34002.74	-3.007
34003.74	-3.008
34004.74	-3.006
34005.74	-3.009
34006.74	-3.007
34007.74	-3.008
34008.74	-3.008
34009.74	-3.01
34010.74	-3.006
34011.74	-3.007
34012.74	-3.006
34013.74	-3.008
34014.74	-3.01
34015.74	-3.01
34016.74	-3.006
34017.74	-3.008
34018.74	-3.009
34019.74	-3.009
34020.74	-3.006
34021.74	-3.009
34022.74	-3.007
34023.74	-3.008
34024.74	-3.011
34025.74	-3.007
34026.74	-3.008
34027.74	-3.008
34028.74	-3.01
34029.74	-3.005
34030.74	-3.004
34031.74	-3.008
34032.74	-3.004
34033.74	-3.006
34034.74	-3.008
34035.74	-3.007
34036.74	-3.007
34037.74	-3.006
34038.74	-3.008
34039.74	-3.007
34040.74	-3.006
34041.74	-3.011
34042.74	-3.007
34043.74	-3.008
34044.74	-3.008
34045.74	-3.007
34046.74	-3.01
34047.74	-3.005
34048.74	-3.005
34049.74	-3.012
34050.74	-3.009
34051.74	-3.01
34052.74	-3.01
34053.74	-3.008
34054.74	-3.008
34055.74	-3.01
34056.74	-3.008
34057.74	-3.009
34058.74	-3.007
34059.74	-3.011
34060.74	-3.01
34061.74	-3.007
34062.74	-3.007
34063.74	-3.011
34064.74	-3.008
34065.74	-3.009
34066.74	-3.007
34067.74	-3.008
34068.74	-3.006
34069.74	-3.007
34070.74	-3.005
34071.74	-3.011
34072.74	-3.008
34073.74	-3.008
34074.74	-3.009
34075.74	-3.009
34076.74	-3.007
34077.74	-3.008
34078.74	-3.009
34079.74	-3.008
34080.74	-3.009
34081.74	-3.008
34082.74	-3.011
34083.74	-3.007
34084.74	-3.006
34085.74	-3.007
34086.74	-3.005
34087.74	-3.005
34088.74	-3.007
34089.74	-3.007
34090.74	-3.005
34091.74	-3.008
34092.74	-3.006
34093.74	-3.007
34094.74	-3.008
34095.74	-3.008
34096.74	-3.007
34097.74	-3.009
34098.74	-3.009
34099.74	-3.007
34100.74	-3.009
34101.74	-3.008
34102.74	-3.007
34103.74	-3.009
34104.74	-3.007
34105.74	-3.008
34106.74	-3.009
34107.74	-3.008
34108.74	-3.008
34109.74	-3.007
34110.74	-3.006
34111.74	-3.009
34112.74	-3.007
34113.74	-3.008
34114.74	-3.008
34115.74	-3.007
34116.74	-3.006
34117.74	-3.006
34118.74	-3.004
34119.74	-3.007
34120.74	-3.007
34121.74	-3.005
34122.74	-3.008
34123.74	-3.007
34124.74	-3.01
34125.74	-3.008
34126.74	-3.009
34127.74	-3.009
34128.74	-3.006
34129.74	-3.006
34130.74	-3.007
34131.74	-3.005
34132.74	-3.008
34133.74	-3.007
34134.74	-3.01
34135.74	-3.005
34136.74	-3.008
34137.74	-3.01
34138.74	-3.005
34139.74	-3.007
34140.74	-3.005
34141.74	-3.006
34142.74	-3.006
34143.74	-3.01
34144.74	-3.004
34145.74	-3.009
34146.74	-3.008
34147.74	-3.008
34148.74	-3.007
34149.74	-3.005
34150.74	-3.007
34151.74	-3.008
34152.74	-3.009
34153.74	-3.006
34154.74	-3.009
34155.74	-3.006
34156.74	-3.007
34157.74	-3.005
34158.74	-3.006
34159.74	-3.009
34160.74	-3.006
34161.74	-3.007
34162.74	-3.006
34163.74	-3.012
34164.74	-3.008
34165.74	-3.007
34166.74	-3.006
34167.74	-3.007
34168.74	-3.007
34169.74	-3.007
34170.74	-3.009
34171.74	-3.005
34172.74	-3.013
34173.74	-3.007
34174.74	-3.009
34175.74	-3.007
34176.74	-3.007
34177.74	-3.004
34178.74	-3.005
34179.74	-3.009
34180.74	-3.008
34181.74	-3.005
34182.74	-3.006
34183.74	-3.007
34184.74	-3.009
34185.74	-3.006
34186.74	-3.01
34187.74	-3.008
34188.74	-3.007
34189.74	-3.005
34190.74	-3.007
34191.74	-3.005
34192.74	-3.008
34193.74	-3.006
34194.74	-3.007
34195.74	-3.007
34196.74	-3.006
34197.74	-3.009
34198.74	-3.007
34199.74	-3.007
34200.74	-3.004
34201.74	-3.006
34202.74	-3.007
34203.74	-3.009
34204.74	-3.007
34205.74	-3.008
34206.74	-3.007
34207.74	-3.008
34208.74	-3.007
34209.74	-3.005
34210.74	-3.007
34211.74	-3.003
34212.74	-3.009
34213.74	-3.005
34214.74	-3.008
34215.74	-3.008
34216.74	-3.006
34217.74	-3.007
34218.74	-3.011
34219.74	-3.012
34220.74	-3.012
34221.74	-3.008
34222.74	-3.008
34223.74	-3.007
34224.74	-3.007
34225.74	-3.009
34226.74	-3.006
34227.74	-3.007
34228.74	-3.009
34229.74	-3.01
34230.74	-3.007
34231.74	-3.006
34232.74	-3.008
34233.74	-3.006
34234.74	-3.007
34235.74	-3.007
34236.74	-3.007
34237.74	-3.009
34238.74	-3.008
34239.74	-3.005
34240.74	-3.008
34241.74	-3.007
34242.74	-3.008
34243.74	-3.007
34244.74	-3.008
34245.74	-3.007
34246.74	-3.006
34247.74	-3.01
34248.74	-3.008
34249.74	-3.007
34250.74	-3.007
34251.74	-3.006
34252.74	-3.006
34253.74	-3.008
34254.74	-3.007
34255.74	-3.008
34256.74	-3.01
34257.74	-3.009
34258.74	-3.004
34259.74	-3.007
34260.74	-3.008
34261.74	-3.004
34262.74	-3.007
34263.74	-3.006
34264.74	-3.008
34265.74	-3.009
34266.74	-3.01
34267.74	-3.007
34268.74	-3.006
34269.74	-3.006
34270.74	-3.009
34271.74	-3.008
34272.74	-3.005
34273.74	-3.008
34274.74	-3.003
34275.74	-3.009
34276.74	-3.011
34277.74	-3.008
34278.74	-3.008
34279.74	-3.007
34280.74	-3.008
34281.74	-3.009
34282.74	-3.006
34283.74	-3.004
34284.74	-3.011
34285.74	-3.006
34286.74	-3.008
34287.74	-3.007
34288.74	-3.007
34289.74	-3.011
34290.74	-3.008
34291.74	-3.006
34292.74	-3.007
34293.74	-3.006
34294.74	-3.009
34295.74	-3.008
34296.74	-3.005
34297.74	-3.008
34298.74	-3.004
34299.74	-3.007
34300.74	-3.01
34301.74	-3.005
34302.74	-3.005
34303.74	-3.006
34304.74	-3.004
34305.74	-3.007
34306.74	-3.007
34307.74	-3.004
34308.74	-3.007
34309.74	-3.006
34310.74	-3.007
34311.74	-3.006
34312.74	-3.006
34313.74	-3.005
34314.74	-3.008
34315.74	-3.007
34316.74	-3.007
34317.74	-3.008
34318.74	-3.008
34319.74	-3.008
34320.74	-3.008
34321.74	-3.01
34322.74	-3.008
34323.74	-3.008
34324.74	-3.005
34325.74	-3.004
34326.74	-3.008
34327.74	-3.008
34328.74	-3.009
34329.74	-3.006
34330.74	-3.008
34331.74	-3.005
34332.74	-3.005
34333.74	-3.007
34334.74	-3.012
34335.74	-3.01
34336.74	-3.005
34337.74	-3.009
34338.74	-3.008
34339.74	-3.007
34340.74	-3.009
34341.74	-3.009
34342.74	-3.008
34343.74	-3.005
34344.74	-3.006
34345.74	-3.005
34346.74	-3.01
34347.74	-3.007
34348.74	-3.009
34349.74	-3.01
34350.74	-3.01
34351.74	-3.009
34352.74	-3.005
34353.74	-3.009
34354.74	-3.008
34355.74	-3.01
34356.74	-3.01
34357.74	-3.006
34358.74	-3.008
34359.74	-3.008
34360.74	-3.009
34361.74	-3.007
34362.74	-3.008
34363.74	-3.009
34364.74	-3.007
34365.74	-3.006
34366.74	-3.008
34367.74	-3.011
34368.74	-3.011
34369.74	-3.007
34370.74	-3.009
34371.74	-3.008
34372.74	-3.006
34373.74	-3.007
34374.74	-3.008
34375.74	-3.008
34376.74	-3.007
34377.74	-3.006
34378.74	-3.008
34379.74	-3.006
34380.74	-3.006
34381.74	-3.01
34382.74	-3.007
34383.74	-3.007
34384.74	-3.008
34385.74	-3.006
34386.74	-3.007
34387.74	-3.008
34388.74	-3.01
34389.74	-3.013
34390.74	-3.01
34391.74	-3.01
34392.74	-3.004
34393.74	-3.006
34394.74	-3.007
34395.74	-3.008
34396.74	-3.006
34397.74	-3.005
34398.74	-3.007
34399.74	-3.008
34400.74	-3.007
34401.74	-3.007
34402.74	-3.01
34403.74	-3.009
34404.74	-3.01
34405.74	-3.01
34406.74	-3.007
34407.74	-3.007
34408.74	-3.005
34409.74	-3.007
34410.74	-3.007
34411.74	-3.009
34412.74	-3.006
34413.74	-3.007
34414.74	-3.006
34415.74	-3.008
34416.74	-3.009
34417.74	-3.007
34418.74	-3.008
34419.74	-3.01
34420.74	-3.005
34421.74	-3.009
34422.74	-3.008
34423.74	-3.01
34424.74	-3.005
34425.74	-3.008
34426.74	-3.007
34427.74	-3.007
34428.74	-3.008
34429.74	-3.008
34430.74	-3.009
34431.74	-3.01
34432.74	-3.008
34433.74	-3.009
34434.74	-3.006
34435.74	-3.006
34436.74	-3.007
34437.74	-3.007
34438.74	-3.007
34439.74	-3.009
34440.74	-3.007
34441.74	-3.007
34442.74	-3.01
34443.74	-3.006
34444.74	-3.007
34445.74	-3.008
34446.74	-3.007
34447.74	-3.008
34448.74	-3.007
34449.74	-3.006
34450.74	-3.006
34451.74	-3.007
34452.74	-3.009
34453.74	-3.007
34454.74	-3.006
34455.74	-3.005
34456.74	-3.008
34457.74	-3.007
34458.74	-3.006
34459.74	-3.009
34460.74	-3.006
34461.74	-3.008
34462.74	-3.009
34463.74	-3.008
34464.74	-3.008
34465.74	-3.007
34466.74	-3.009
34467.74	-3.008
34468.74	-3.008
34469.74	-3.007
34470.74	-3.007
34471.74	-3.005
34472.74	-3.008
34473.74	-3.008
34474.74	-3.007
34475.74	-3.009
34476.74	-3.009
34477.74	-3.008
34478.74	-3.01
34479.74	-3.007
34480.74	-3.008
34481.74	-3.006
34482.74	-3.007
34483.74	-3.006
34484.74	-3.007
34485.74	-3.007
34486.74	-3.008
34487.74	-3.008
34488.74	-3.008
34489.74	-3.007
34490.74	-3.007
34491.74	-3.007
34492.74	-3.008
34493.74	-3.006
34494.74	-3.01
34495.74	-3.007
34496.74	-3.009
34497.74	-3.007
34498.74	-3.01
34499.74	-3.008
34500.74	-3.011
34501.74	-3.009
34502.74	-3.005
34503.74	-3.007
34504.74	-3.006
34505.74	-3.005
34506.74	-3.007
34507.74	-3.006
34508.74	-3.009
34509.74	-3.012
34510.74	-3.008
34511.74	-3.008
34512.74	-3.008
34513.74	-3.007
34514.74	-3.007
34515.74	-3.008
34516.74	-3.008
34517.74	-3.009
34518.74	-3.008
34519.74	-3.01
34520.74	-3.007
34521.74	-3.008
34522.74	-3.008
34523.74	-3.007
34524.74	-3.006
34525.74	-3.008
34526.74	-3.007
34527.74	-3.01
34528.74	-3.006
34529.74	-3.01
34530.74	-3.005
34531.74	-3.009
34532.74	-3.01
34533.74	-3.008
34534.74	-3.005
34535.74	-3.007
34536.74	-3.009
34537.74	-3.007
34538.74	-3.008
34539.74	-3.007
34540.74	-3.012
34541.74	-3.008
34542.74	-3.009
34543.74	-3.01
34544.74	-3.007
34545.74	-3.007
34546.74	-3.007
34547.74	-3.008
34548.74	-3.006
34549.74	-3.007
34550.74	-3.006
34551.74	-3.009
34552.74	-3.005
34553.74	-3.006
34554.74	-3.009
34555.74	-3.009
34556.74	-3.007
34557.74	-3.008
34558.74	-3.005
34559.74	-3.006
34560.74	-3.006
34561.74	-3.005
34562.74	-3.009
34563.74	-3.007
34564.74	-3.006
34565.74	-3.01
34566.74	-3.01
34567.74	-3.008
34568.74	-3.006
34569.74	-3.006
34570.74	-3.007
34571.74	-3.003
34572.74	-3.007
34573.74	-3.008
34574.74	-3.006
34575.74	-3.007
34576.74	-3.009
34577.74	-3.006
34578.74	-3.008
34579.74	-3.008
34580.74	-3.005
34581.74	-3.009
34582.74	-3.006
34583.74	-3.006
34584.74	-3.009
34585.74	-3.009
34586.74	-3.008
34587.74	-3.011
34588.74	-3.009
34589.74	-3.006
34590.74	-3.006
34591.74	-3.009
34592.74	-3.01
34593.74	-3.008
34594.74	-3.003
34595.74	-3.006
34596.74	-3.007
34597.74	-3.005
34598.74	-3.012
34599.74	-3.013
34600.74	-3.01
34601.74	-3.008
34602.74	-3.008
34603.74	-3.004
34604.74	-3.006
34605.74	-3.006
34606.74	-3.006
34607.74	-3.011
34608.74	-3.007
34609.74	-3.007
34610.74	-3.005
34611.74	-3.007
34612.74	-3.011
34613.74	-3.009
34614.74	-3.007
34615.74	-3.005
34616.74	-3.008
34617.74	-3.007
34618.74	-3.007
34619.74	-3.006
34620.74	-3.007
34621.74	-3.007
34622.74	-3.01
34623.74	-3.007
34624.74	-3.008
34625.74	-3.007
34626.74	-3.009
34627.74	-3.005
34628.74	-3.008
34629.74	-3.005
34630.74	-3.009
34631.74	-3.007
34632.74	-3.009
34633.74	-3.009
34634.74	-3.007
34635.74	-3.009
34636.74	-3.007
34637.74	-3.005
34638.74	-3.006
34639.74	-3.008
34640.74	-3.007
34641.74	-3.011
34642.74	-3.008
34643.74	-3.006
34644.74	-3.006
34645.74	-3.011
34646.74	-3.006
34647.74	-3.009
34648.74	-3.006
34649.74	-3.006
34650.74	-3.007
34651.74	-3.006
34652.74	-3.005
34653.74	-3.007
34654.74	-3.008
34655.74	-3.007
34656.74	-3.006
34657.74	-3.009
34658.74	-3.007
34659.74	-3.007
34660.74	-3.008
34661.74	-3.009
34662.74	-3.008
34663.74	-3.009
34664.74	-3.009
34665.74	-3.007
34666.74	-3.006
34667.74	-3.009
34668.74	-3.006
34669.74	-3.008
34670.74	-3.008
34671.74	-3.009
34672.74	-3.008
34673.74	-3.006
34674.74	-3.008
34675.74	-3.009
34676.74	-3.006
34677.74	-3.005
34678.74	-3.007
34679.74	-3.008
34680.74	-3.006
34681.74	-3.007
34682.74	-3.008
34683.74	-3.006
34684.74	-3.009
34685.74	-3.007
34686.74	-3.008
34687.74	-3.009
34688.74	-3.009
34689.74	-3.009
34690.74	-3.006
34691.74	-3.007
34692.74	-3.005
34693.74	-3.009
34694.74	-3.006
34695.74	-3.008
34696.74	-3.011
34697.74	-3.008
34698.74	-3.007
34699.74	-3.011
34700.74	-3.005
34701.74	-3.007
34702.74	-3.008
34703.74	-3.009
34704.74	-3.009
34705.74	-3.01
34706.74	-3.006
34707.74	-3.011
34708.74	-3.01
34709.74	-3.013
34710.74	-3.009
34711.74	-3.006
34712.74	-3.008
34713.74	-3.007
34714.74	-3.01
34715.74	-3.007
34716.74	-3.011
34717.74	-3.008
34718.74	-3.005
34719.74	-3.009
34720.74	-3.01
34721.74	-3.009
34722.74	-3.01
34723.74	-3.007
34724.74	-3.012
34725.74	-3.006
34726.74	-3.005
34727.74	-3.006
34728.74	-3.011
34729.74	-3.008
34730.74	-3.008
34731.74	-3.008
34732.74	-3.007
34733.74	-3.005
34734.74	-3.007
34735.74	-3.008
34736.74	-3.011
34737.74	-3.009
34738.74	-3.011
34739.74	-3.006
34740.74	-3.008
34741.74	-3.009
34742.74	-3.006
34743.74	-3.006
34744.74	-3.005
34745.74	-3.007
34746.74	-3.009
34747.74	-3.005
34748.74	-3.01
34749.74	-3.003
34750.74	-3.006
34751.74	-3.008
34752.74	-3.009
34753.74	-3.006
34754.74	-3.007
34755.74	-3.004
34756.74	-3.007
34757.74	-3.007
34758.74	-3.007
34759.74	-3.006
34760.74	-3.007
34761.74	-3.01
34762.74	-3.007
34763.74	-3.006
34764.74	-3.005
34765.74	-3.007
34766.74	-3.008
34767.74	-3.006
34768.74	-3.008
34769.74	-3.008
34770.74	-3.008
34771.74	-3.004
34772.74	-3.008
34773.74	-3.01
34774.74	-3.011
34775.74	-3.005
34776.74	-3.006
34777.74	-3.006
34778.74	-3.007
34779.74	-3.007
34780.74	-3.006
34781.74	-3.009
34782.74	-3.006
34783.74	-3.009
34784.74	-3.009
34785.74	-3.008
34786.74	-3.011
34787.74	-3.006
34788.74	-3.008
34789.74	-3.009
34790.74	-3.004
34791.74	-3.009
34792.74	-3.006
34793.74	-3.008
34794.74	-3.008
34795.74	-3.005
34796.74	-3.008
34797.74	-3.005
34798.74	-3.011
34799.74	-3.006
34800.74	-3.008
34801.74	-3.008
34802.74	-3.01
34803.74	-3.009
34804.74	-3.004
34805.74	-3.004
34806.74	-3.008
34807.74	-3.01
34808.74	-3.005
34809.74	-3.011
34810.74	-3.01
34811.74	-3.009
34812.74	-3.009
34813.74	-3.007
34814.74	-3.008
34815.74	-3.009
34816.74	-3.006
34817.74	-3.005
34818.74	-3.008
34819.74	-3.003
34820.74	-3.007
34821.74	-3.007
34822.74	-3.01
34823.74	-3.012
34824.74	-3.006
34825.74	-3.005
34826.74	-3.007
34827.74	-3.006
34828.74	-3.006
34829.74	-3.008
34830.74	-3.009
34831.74	-3.005
34832.74	-3.008
34833.74	-3.004
34834.74	-3.007
34835.74	-3.008
34836.74	-3.01
34837.74	-3.008
34838.74	-3.007
34839.74	-3.003
34840.74	-3.006
34841.74	-3.005
34842.74	-3.008
34843.74	-3.006
34844.74	-3.007
34845.74	-3.004
34846.74	-3.005
34847.74	-3.01
34848.74	-3.005
34849.74	-3.008
34850.74	-3.006
34851.74	-3.007
34852.74	-3.006
34853.74	-3.006
34854.74	-3.008
34855.74	-3.004
34856.74	-3.004
34857.74	-3.009
34858.74	-3.011
34859.74	-3.007
34860.74	-3.005
34861.74	-3.006
34862.74	-3.007
34863.74	-3.008
34864.74	-3.006
34865.74	-3.013
34866.74	-3.005
34867.74	-3.008
34868.74	-3.01
34869.74	-3.008
34870.74	-3.007
34871.74	-3.008
34872.74	-3.007
34873.74	-3.008
34874.74	-3.007
34875.74	-3.008
34876.74	-3.008
34877.74	-3.008
34878.74	-3.009
34879.74	-3.008
34880.74	-3.007
34881.74	-3.007
34882.74	-3.009
34883.74	-3.009
34884.74	-3.008
34885.74	-3.006
34886.74	-3.005
34887.74	-3.007
34888.74	-3.009
34889.74	-3.005
34890.74	-3.009
34891.74	-3.006
34892.74	-3.007
34893.74	-3.011
34894.74	-3.009
34895.74	-3.013
34896.74	-3.009
34897.74	-3.008
34898.74	-3.008
34899.74	-3.008
34900.74	-3.006
34901.74	-3.01
34902.74	-3.008
34903.74	-3.01
34904.74	-3.006
34905.74	-3.009
34906.74	-3.005
34907.74	-3.006
34908.74	-3.008
34909.74	-3.009
34910.74	-3.007
34911.74	-3.007
34912.74	-3.005
34913.74	-3.009
34914.74	-3.004
34915.74	-3.005
34916.74	-3.009
34917.74	-3.011
34918.74	-3.007
34919.74	-3.009
34920.74	-3.006
34921.74	-3.007
34922.74	-3.008
34923.74	-3.008
34924.74	-3.008
34925.74	-3.006
34926.74	-3.009
34927.74	-3.006
34928.74	-3.006
34929.74	-3.008
34930.74	-3.008
34931.74	-3.008
34932.74	-3.008
34933.74	-3.009
34934.74	-3.007
34935.74	-3.009
34936.74	-3.006
34937.74	-3.008
34938.74	-3.007
34939.74	-3.009
34940.74	-3.007
34941.74	-3.01
34942.74	-3.009
34943.74	-3.008
34944.74	-3.01
34945.74	-3.007
34946.74	-3.008
34947.74	-3.009
34948.74	-3.008
34949.74	-3.008
34950.74	-3.009
34951.74	-3.007
34952.74	-3.009
34953.74	-3.007
34954.74	-3.008
34955.74	-3.007
34956.74	-3.009
34957.74	-3.01
34958.74	-3.009
34959.74	-3.013
34960.74	-3.006
34961.74	-3.007
34962.74	-3.009
34963.74	-3.01
34964.74	-3.006
34965.74	-3.008
34966.74	-3.009
34967.74	-3.006
34968.74	-3.007
34969.74	-3.007
34970.74	-3.007
34971.74	-3.007
34972.74	-3.006
34973.74	-3.007
34974.74	-3.012
34975.74	-3.008
34976.74	-3.008
34977.74	-3.006
34978.74	-3.007
34979.74	-3.007
34980.74	-3.006
34981.74	-3.01
34982.74	-3.006
34983.74	-3.01
34984.74	-3.007
34985.74	-3.009
34986.74	-3.008
34987.74	-3.006
34988.74	-3.006
34989.74	-3.006
34990.74	-3.006
34991.74	-3.009
34992.74	-3.007
34993.74	-3.006
34994.74	-3.009
34995.74	-3.007
34996.74	-3.008
34997.74	-3.01
34998.74	-3.007
34999.74	-3.006
35000.74	-3.009
35001.74	-3.009
35002.74	-3.009
35003.74	-3.008
35004.74	-3.007
35005.74	-3.006
35006.74	-3.008
35007.74	-3.008
35008.74	-3.008
35009.74	-3.011
35010.74	-3.009
35011.74	-3.009
35012.74	-3.01
35013.74	-3.005
35014.74	-3.007
35015.74	-3.011
35016.74	-3.007
35017.74	-3.007
35018.74	-3.005
35019.74	-3.005
35020.74	-3.007
35021.74	-3.01
35022.74	-3.007
35023.74	-3.007
35024.74	-3.01
35025.74	-3.007
35026.74	-3.006
35027.74	-3.008
35028.74	-3.01
35029.74	-3.008
35030.74	-3.006
35031.74	-3.004
35032.74	-3.007
35033.74	-3.01
35034.74	-3.007
35035.74	-3.012
35036.74	-3.007
35037.74	-3.007
35038.74	-3.009
35039.74	-3.009
35040.74	-3.009
35041.74	-3.008
35042.74	-3.007
35043.74	-3.008
35044.74	-3.006
35045.74	-3.012
35046.74	-3.006
35047.74	-3.007
35048.74	-3.009
35049.74	-3.005
35050.74	-3.007
35051.74	-3.011
35052.74	-3.007
35053.74	-3.008
35054.74	-3.007
35055.74	-3.007
35056.74	-3.008
35057.74	-3.008
35058.74	-3.006
35059.74	-3.009
35060.74	-3.008
35061.74	-3.009
35062.74	-3.009
35063.74	-3.006
35064.74	-3.012
35065.74	-3.007
35066.74	-3.006
35067.74	-3.006
35068.74	-3.006
35069.74	-3.008
35070.74	-3.005
35071.74	-3.011
35072.74	-3.009
35073.74	-3.012
35074.74	-3.005
35075.74	-3.006
35076.74	-3.01
35077.74	-3.008
35078.74	-3.006
35079.74	-3.01
35080.74	-3.007
35081.74	-3.009
35082.74	-3.003
35083.74	-3.008
35084.74	-3.006
35085.74	-3.007
35086.74	-3.009
35087.74	-3.005
35088.74	-3.01
35089.74	-3.01
35090.74	-3.007
35091.74	-3.006
35092.74	-3.008
35093.74	-3.009
35094.74	-3.01
35095.74	-3.008
35096.74	-3.006
35097.74	-3.009
35098.74	-3.012
35099.74	-3.009
35100.74	-3.007
35101.74	-3.007
35102.74	-3.008
35103.74	-3.009
35104.74	-3.009
35105.74	-3.007
35106.74	-3.006
35107.74	-3.01
35108.74	-3.008
35109.74	-3.009
35110.74	-3.008
35111.74	-3.007
35112.74	-3.013
35113.74	-3.011
35114.74	-3.008
35115.74	-3.009
35116.74	-3.008
35117.74	-3.009
35118.74	-3.01
35119.74	-3.011
35120.74	-3.009
35121.74	-3.008
35122.74	-3.008
35123.74	-3.008
35124.74	-3.012
35125.74	-3.007
35126.74	-3.008
35127.74	-3.009
35128.74	-3.009
35129.74	-3.009
35130.74	-3.008
35131.74	-3.009
35132.74	-3.008
35133.74	-3.008
35134.74	-3.008
35135.74	-3.007
35136.74	-3.007
35137.74	-3.007
35138.74	-3.008
35139.74	-3.008
35140.74	-3.007
35141.74	-3.006
35142.74	-3.012
35143.74	-3.008
35144.74	-3.006
35145.74	-3.005
35146.74	-3.006
35147.74	-3.006
35148.74	-3.008
35149.74	-3.006
35150.74	-3.007
35151.74	-3.006
35152.74	-3.007
35153.74	-3.009
35154.74	-3.007
35155.74	-3.007
35156.74	-3.012
35157.74	-3.009
35158.74	-3.009
35159.74	-3.006
35160.74	-3.007
35161.74	-3.004
35162.74	-3.011
35163.74	-3.008
35164.74	-3.008
35165.74	-3.011
35166.74	-3.009
35167.74	-3.007
35168.74	-3.008
35169.74	-3.006
35170.74	-3.007
35171.74	-3.008
35172.74	-3.01
35173.74	-3.007
35174.74	-3.012
35175.74	-3.009
35176.74	-3.007
35177.74	-3.008
35178.74	-3.008
35179.74	-3.007
35180.74	-3.011
35181.74	-3.01
35182.74	-3.007
35183.74	-3.008
35184.74	-3.006
35185.74	-3.008
35186.74	-3.012
35187.74	-3.009
35188.74	-3.006
35189.74	-3.01
35190.74	-3.009
35191.74	-3.008
35192.74	-3.006
35193.74	-3.009
35194.74	-3.009
35195.74	-3.01
35196.74	-3.009
35197.74	-3.007
35198.74	-3.006
35199.74	-3.007
35200.74	-3.01
35201.74	-3.007
35202.74	-3.01
35203.74	-3.007
35204.74	-3.007
35205.74	-3.005
35206.74	-3.009
35207.74	-3.01
35208.74	-3.005
35209.74	-3.007
35210.74	-3.008
35211.74	-3.009
35212.74	-3.008
35213.74	-3.007
35214.74	-3.007
35215.74	-3.006
35216.74	-3.01
35217.74	-3.007
35218.74	-3.011
35219.74	-3.007
35220.74	-3.01
35221.74	-3.01
35222.74	-3.011
35223.74	-3.011
35224.74	-3.005
35225.74	-3.008
35226.74	-3.01
35227.74	-3.008
35228.74	-3.007
35229.74	-3.006
35230.74	-3.007
35231.74	-3.009
35232.74	-3.006
35233.74	-3.003
35234.74	-3.006
35235.74	-3.008
35236.74	-3.005
35237.74	-3.006
35238.74	-3.008
35239.74	-3.008
35240.74	-3.008
35241.74	-3.005
35242.74	-3.006
35243.74	-3.008
35244.74	-3.012
35245.74	-3.008
35246.74	-3.007
35247.74	-3.01
35248.74	-3.007
35249.74	-3.006
35250.74	-3.006
35251.74	-3.01
35252.74	-3.01
35253.74	-3.008
35254.74	-3.009
35255.74	-3.007
35256.74	-3.007
35257.74	-3.006
35258.74	-3.008
35259.74	-3.006
35260.74	-3.007
35261.74	-3.007
35262.74	-3.003
35263.74	-3.006
35264.74	-3.007
35265.74	-3.006
35266.74	-3.006
35267.74	-3.009
35268.74	-3.008
35269.74	-3.009
35270.74	-3.009
35271.74	-3.007
35272.74	-3.006
35273.74	-3.008
35274.74	-3.01
35275.74	-3.007
35276.74	-3.008
35277.74	-3.012
35278.74	-3.007
35279.74	-3.007
35280.74	-3.008
35281.74	-3.007
35282.74	-3.005
35283.74	-3.011
35284.74	-3.01
35285.74	-3.009
35286.74	-3.007
35287.74	-3.008
35288.74	-3.008
35289.74	-3.006
35290.74	-3.006
35291.74	-3.007
35292.74	-3.008
35293.74	-3.008
35294.74	-3.007
35295.74	-3.009
35296.74	-3.009
35297.74	-3.007
35298.74	-3.009
35299.74	-3.006
35300.74	-3.006
35301.74	-3.005
35302.74	-3.008
35303.74	-3.009
35304.74	-3.01
35305.74	-3.006
35306.74	-3.007
35307.74	-3.012
35308.74	-3.006
35309.74	-3.007
35310.74	-3.011
35311.74	-3.008
35312.74	-3.008
35313.74	-3.008
35314.74	-3.005
35315.74	-3.008
35316.74	-3.008
35317.74	-3.01
35318.74	-3.009
35319.74	-3.006
35320.74	-3.01
35321.74	-3.008
35322.74	-3.009
35323.74	-3.006
35324.74	-3.008
35325.74	-3.011
35326.74	-3.012
35327.74	-3.009
35328.74	-3.01
35329.74	-3.005
35330.74	-3.008
35331.74	-3.007
35332.74	-3.007
35333.74	-3.009
35334.74	-3.008
35335.74	-3.008
35336.74	-3.008
35337.74	-3.007
35338.74	-3.008
35339.74	-3.012
35340.74	-3.01
35341.74	-3.009
35342.74	-3.008
35343.74	-3.005
35344.74	-3.007
35345.74	-3.009
35346.74	-3.006
35347.74	-3.006
35348.74	-3.007
35349.74	-3.008
35350.74	-3.009
35351.74	-3.01
35352.74	-3.009
35353.74	-3.008
35354.74	-3.009
35355.74	-3.009
35356.74	-3.006
35357.74	-3.007
35358.74	-3.008
35359.74	-3.009
35360.74	-3.01
35361.74	-3.008
35362.74	-3.007
35363.74	-3.008
35364.74	-3.009
35365.74	-3.009
35366.74	-3.009
35367.74	-3.006
35368.74	-3.005
35369.74	-3.007
35370.74	-3.009
35371.74	-3.007
35372.74	-3.007
35373.74	-3.01
35374.74	-3.007
35375.74	-3.007
35376.74	-3.005
35377.74	-3.009
35378.74	-3.012
35379.74	-3.009
35380.74	-3.011
35381.74	-3.006
35382.74	-3.009
35383.74	-3.01
35384.74	-3.007
35385.74	-3.009
35386.74	-3.012
35387.74	-3.007
35388.74	-3.008
35389.74	-3.006
35390.74	-3.008
35391.74	-3.008
35392.74	-3.01
35393.74	-3.006
35394.74	-3.007
35395.74	-3.011
35396.74	-3.007
35397.74	-3.007
35398.74	-3.006
35399.74	-3.008
35400.74	-3.006
35401.74	-3.01
35402.74	-3.008
35403.74	-3.006
35404.74	-3.01
35405.74	-3.008
35406.74	-3.007
35407.74	-3.008
35408.74	-3.008
35409.74	-3.007
35410.74	-3.006
35411.74	-3.008
35412.74	-3.009
35413.74	-3.008
35414.74	-3.008
35415.74	-3.007
35416.74	-3.01
35417.74	-3.007
35418.74	-3.011
35419.74	-3.007
35420.74	-3.009
35421.74	-3.009
35422.74	-3.01
35423.74	-3.007
35424.74	-3.009
35425.74	-3.009
35426.74	-3.007
35427.74	-3.006
35428.74	-3.007
35429.74	-3.009
35430.74	-3.008
35431.74	-3.008
35432.74	-3.006
35433.74	-3.006
35434.74	-3.006
35435.74	-3.009
35436.74	-3.007
35437.74	-3.011
35438.74	-3.008
35439.74	-3.007
35440.74	-3.006
35441.74	-3.008
35442.74	-3.01
35443.74	-3.008
35444.74	-3.009
35445.74	-3.008
35446.74	-3.008
35447.74	-3.007
35448.74	-3.008
35449.74	-3.005
35450.74	-3.013
35451.74	-3.007
35452.74	-3.01
35453.74	-3.005
35454.74	-3.007
35455.74	-3.009
35456.74	-3.005
35457.74	-3.006
35458.74	-3.005
35459.74	-3.009
35460.74	-3.009
35461.74	-3.009
35462.74	-3.005
35463.74	-3.011
35464.74	-3.007
35465.74	-3.007
35466.74	-3.008
35467.74	-3.009
35468.74	-3.006
35469.74	-3.006
35470.74	-3.01
35471.74	-3.006
35472.74	-3.009
35473.74	-3.008
35474.74	-3.009
35475.74	-3.008
35476.74	-3.01
35477.74	-3.009
35478.74	-3.007
35479.74	-3.01
35480.74	-3.008
35481.74	-3.008
35482.74	-3.007
35483.74	-3.006
35484.74	-3.007
35485.74	-3.009
35486.74	-3.006
35487.74	-3.006
35488.74	-3.014
35489.74	-3.008
35490.74	-3.006
35491.74	-3.007
35492.74	-3.008
35493.74	-3.005
35494.74	-3.008
35495.74	-3.009
35496.74	-3.01
35497.74	-3.01
35498.74	-3.01
35499.74	-3.01
35500.74	-3.009
35501.74	-3.007
35502.74	-3.006
35503.74	-3.01
35504.74	-3.008
35505.74	-3.011
35506.74	-3.014
35507.74	-3.006
35508.74	-3.007
35509.74	-3.006
35510.74	-3.008
35511.74	-3.006
35512.74	-3.005
35513.74	-3.01
35514.74	-3.008
35515.74	-3.01
35516.74	-3.009
35517.74	-3.005
35518.74	-3.008
35519.74	-3.009
35520.74	-3.007
35521.74	-3.008
35522.74	-3.009
35523.74	-3.007
35524.74	-3.009
35525.74	-3.007
35526.74	-3.01
35527.74	-3.009
35528.74	-3.01
35529.74	-3.012
35530.74	-3.007
35531.74	-3.01
35532.74	-3.01
35533.74	-3.009
35534.74	-3.007
35535.74	-3.009
35536.74	-3.01
35537.74	-3.008
35538.74	-3.008
35539.74	-3.009
35540.74	-3.009
35541.74	-3.01
35542.74	-3.007
35543.74	-3.009
35544.74	-3.012
35545.74	-3.009
35546.74	-3.005
35547.74	-3.007
35548.74	-3.008
35549.74	-3.01
35550.74	-3.009
35551.74	-3.011
35552.74	-3.009
35553.74	-3.009
35554.74	-3.007
35555.74	-3.004
35556.74	-3.013
35557.74	-3.003
35558.74	-3.011
35559.74	-3.008
35560.74	-3.01
35561.74	-3.006
35562.74	-3.008
35563.74	-3.005
35564.74	-3.007
35565.74	-3.008
35566.74	-3.007
35567.74	-3.007
35568.74	-3.008
35569.74	-3.008
35570.74	-3.005
35571.74	-3.006
35572.74	-3.008
35573.74	-3.007
35574.74	-3.01
35575.74	-3.004
35576.74	-3.008
35577.74	-3.008
35578.74	-3.01
35579.74	-3.006
35580.74	-3.008
35581.74	-3.009
35582.74	-3.008
35583.74	-3.008
35584.74	-3.008
35585.74	-3.007
35586.74	-3.008
35587.74	-3.01
35588.74	-3.006
35589.74	-3.007
35590.74	-3.01
35591.74	-3.007
35592.74	-3.01
35593.74	-3.008
35594.74	-3.007
35595.74	-3.011
35596.74	-3.008
35597.74	-3.008
35598.74	-3.01
35599.74	-3.008
35600.74	-3.009
35601.74	-3.008
35602.74	-3.012
35603.74	-3.007
35604.74	-3.008
35605.74	-3.011
35606.74	-3.01
35607.74	-3.006
35608.74	-3.009
35609.74	-3.008
35610.74	-3.009
35611.74	-3.007
35612.74	-3.012
35613.74	-3.008
35614.74	-3.008
35615.74	-3.01
35616.74	-3.01
35617.74	-3.008
35618.74	-3.009
35619.74	-3.009
35620.74	-3.008
35621.74	-3.009
35622.74	-3.008
35623.74	-3.009
35624.74	-3.009
35625.74	-3.011
35626.74	-3.012
35627.74	-3.005
35628.74	-3.008
35629.74	-3.007
35630.74	-3.007
35631.74	-3.008
35632.74	-3.01
35633.74	-3.012
35634.74	-3.008
35635.74	-3.01
35636.74	-3.007
35637.74	-3.008
35638.74	-3.01
35639.74	-3.003
35640.74	-3.008
35641.74	-3.008
35642.74	-3.01
35643.74	-3.009
35644.74	-3.007
35645.74	-3.011
35646.74	-3.008
35647.74	-3.008
35648.74	-3.014
35649.74	-3.01
35650.74	-3.009
35651.74	-3.008
35652.74	-3.007
35653.74	-3.009
35654.74	-3.011
35655.74	-3.008
35656.74	-3.008
35657.74	-3.008
35658.74	-3.008
35659.74	-3.009
35660.74	-3.009
35661.74	-3.008
35662.74	-3.008
35663.74	-3.009
35664.74	-3.008
35665.74	-3.009
35666.74	-3.007
35667.74	-3.008
35668.74	-3.007
35669.74	-3.009
35670.74	-3.008
35671.74	-3.01
35672.74	-3.007
35673.74	-3.009
35674.74	-3.008
35675.74	-3.008
35676.74	-3.009
35677.74	-3.006
35678.74	-3.009
35679.74	-3.008
35680.74	-3.008
35681.74	-3.008
35682.74	-3.009
35683.74	-3.006
35684.74	-3.009
35685.74	-3.009
35686.74	-3.009
35687.74	-3.01
35688.74	-3.009
35689.74	-3.012
35690.74	-3.007
35691.74	-3.013
35692.74	-3.008
35693.74	-3.006
35694.74	-3.008
35695.74	-3.009
35696.74	-3.006
35697.74	-3.006
35698.74	-3.009
35699.74	-3.008
35700.74	-3.006
35701.74	-3.009
35702.74	-3.007
35703.74	-3.008
35704.74	-3.008
35705.74	-3.01
35706.74	-3.006
35707.74	-3.007
35708.74	-3.011
35709.74	-3.008
35710.74	-3.01
35711.74	-3.008
35712.74	-3.008
35713.74	-3.007
35714.74	-3.008
35715.74	-3.008
35716.74	-3.01
35717.74	-3.008
35718.74	-3.006
35719.74	-3.007
35720.74	-3.008
35721.74	-3.008
35722.74	-3.008
35723.74	-3.008
35724.74	-3.009
35725.74	-3.009
35726.74	-3.008
35727.74	-3.009
35728.74	-3.007
35729.74	-3.008
35730.74	-3.008
35731.74	-3.008
35732.74	-3.011
35733.74	-3.008
35734.74	-3.009
35735.74	-3.007
35736.74	-3.009
35737.74	-3.009
35738.74	-3.007
35739.74	-3.007
35740.74	-3.012
35741.74	-3.011
35742.74	-3.009
35743.74	-3.008
35744.74	-3.007
35745.74	-3.007
35746.74	-3.008
35747.74	-3.006
35748.74	-3.004
35749.74	-3.006
35750.74	-3.011
35751.74	-3.009
35752.74	-3.009
35753.74	-3.005
35754.74	-3.011
35755.74	-3.009
35756.74	-3.007
35757.74	-3.008
35758.74	-3.007
35759.74	-3.007
35760.74	-3.009
35761.74	-3.008
35762.74	-3.011
35763.74	-3.007
35764.74	-3.01
35765.74	-3.01
35766.74	-3.008
35767.74	-3.007
35768.74	-3.01
35769.74	-3.009
35770.74	-3.01
35771.74	-3.01
35772.74	-3.005
35773.74	-3.005
35774.74	-3.011
35775.74	-3.009
35776.74	-3.008
35777.74	-3.008
35778.74	-3.01
35779.74	-3.008
35780.74	-3.009
35781.74	-3.008
35782.74	-3.008
35783.74	-3.008
35784.74	-3.008
35785.74	-3.009
35786.74	-3.008
35787.74	-3.009
35788.74	-3.009
35789.74	-3.008
35790.74	-3.011
35791.74	-3.005
35792.74	-3.01
35793.74	-3.009
35794.74	-3.009
35795.74	-3.007
35796.74	-3.008
35797.74	-3.005
35798.74	-3.01
35799.74	-3.01
35800.74	-3.008
35801.74	-3.009
35802.74	-3.009
35803.74	-3.01
35804.74	-3.009
35805.74	-3.007
35806.74	-3.011
35807.74	-3.009
35808.74	-3.008
35809.74	-3.008
35810.74	-3.008
35811.74	-3.008
35812.74	-3.01
35813.74	-3.01
35814.74	-3.009
35815.74	-3.007
35816.74	-3.011
35817.74	-3.006
35818.74	-3.009
35819.74	-3.007
35820.74	-3.006
35821.74	-3.006
35822.74	-3.007
35823.74	-3.006
35824.74	-3.01
35825.74	-3.008
35826.74	-3.01
35827.74	-3.009
35828.74	-3.01
35829.74	-3.007
35830.74	-3.005
35831.74	-3.008
35832.74	-3.008
35833.74	-3.011
35834.74	-3.013
35835.74	-3.006
35836.74	-3.01
35837.74	-3.009
35838.74	-3.006
35839.74	-3.009
35840.74	-3.008
35841.74	-3.009
35842.74	-3.006
35843.74	-3.008
35844.74	-3.011
35845.74	-3.007
35846.74	-3.007
35847.74	-3.008
35848.74	-3.007
35849.74	-3.008
35850.74	-3.009
35851.74	-3.006
35852.74	-3.01
35853.74	-3.01
35854.74	-3.009
35855.74	-3.007
35856.74	-3.007
35857.74	-3.01
35858.74	-3.007
35859.74	-3.005
35860.74	-3.007
35861.74	-3.007
35862.74	-3.007
35863.74	-3.008
35864.74	-3.01
35865.74	-3.01
35866.74	-3.01
35867.74	-3.006
35868.74	-3.006
35869.74	-3.007
35870.74	-3.006
35871.74	-3.008
35872.74	-3.011
35873.74	-3.006
35874.74	-3.01
35875.74	-3.01
35876.74	-3.007
35877.74	-3.01
35878.74	-3.006
35879.74	-3.006
35880.74	-3.008
35881.74	-3.01
35882.74	-3.005
35883.74	-3.009
35884.74	-3.009
35885.74	-3.011
35886.74	-3.008
35887.74	-3.008
35888.74	-3.008
35889.74	-3.009
35890.74	-3.007
35891.74	-3.009
35892.74	-3.009
35893.74	-3.007
35894.74	-3.009
35895.74	-3.008
35896.74	-3.006
35897.74	-3.007
35898.74	-3.009
35899.74	-3.008
35900.74	-3.013
35901.74	-3.011
35902.74	-3.008
35903.74	-3.007
35904.74	-3.008
35905.74	-3.007
35906.74	-3.01
35907.74	-3.008
35908.74	-3.008
35909.74	-3.008
35910.74	-3.009
35911.74	-3.006
35912.74	-3.006
35913.74	-3.009
35914.74	-3.008
35915.74	-3.007
35916.74	-3.007
35917.74	-3.007
35918.74	-3.007
35919.74	-3.011
35920.74	-3.012
35921.74	-3.01
35922.74	-3.006
35923.74	-3.006
35924.74	-3.005
35925.74	-3.007
35926.74	-3.008
35927.74	-3.005
35928.74	-3.006
35929.74	-3.008
35930.74	-3.007
35931.74	-3.01
35932.74	-3.01
35933.74	-3.008
35934.74	-3.008
35935.74	-3.013
35936.74	-3.01
35937.74	-3.008
35938.74	-3.006
35939.74	-3.008
35940.74	-3.008
35941.74	-3.007
35942.74	-3.007
35943.74	-3.005
35944.74	-3.006
35945.74	-3.008
35946.74	-3.007
35947.74	-3.008
35948.74	-3.009
35949.74	-3.005
35950.74	-3.009
35951.74	-3.006
35952.74	-3.009
35953.74	-3.006
35954.74	-3.01
35955.74	-3.01
35956.74	-3.007
35957.74	-3.007
35958.74	-3.004
35959.74	-3.007
35960.74	-3.01
35961.74	-3.004
35962.74	-3.01
35963.74	-3.01
35964.74	-3.007
35965.74	-3.008
35966.74	-3.009
35967.74	-3.007
35968.74	-3.011
35969.74	-3.009
35970.74	-3.006
35971.74	-3.011
35972.74	-3.004
35973.74	-3.008
35974.74	-3.006
35975.74	-3.004
35976.74	-3.009
35977.74	-3.011
35978.74	-3.008
35979.74	-3.009
35980.74	-3.005
35981.74	-3.012
35982.74	-3.008
35983.74	-3.008
35984.74	-3.008
35985.74	-3.006
35986.74	-3.012
35987.74	-3.008
35988.74	-3.006
35989.74	-3.009
35990.74	-3.009
35991.74	-3.008
35992.74	-3.008
35993.74	-3.011
35994.74	-3.008
35995.74	-3.005
35996.74	-3.009
35997.74	-3.007
35998.74	-3.004
35999.74	-3.007
36000.74	-3.005
36001.74	-3.009
36002.74	-3.009
36003.74	-3.008
36004.74	-3.007
36005.74	-3.007
36006.74	-3.009
36007.74	-3.005
36008.74	-3.007
36009.74	-3.009
36010.74	-3.007
36011.74	-3.009
36012.74	-3.005
36013.74	-3.007
36014.74	-3.007
36015.74	-3.009
36016.74	-3.009
36017.74	-3.007
36018.74	-3.009
36019.74	-3.009
36020.74	-3.009
36021.74	-3.005
36022.74	-3.006
36023.74	-3.008
36024.74	-3.011
36025.74	-3.006
36026.74	-3.004
36027.74	-3.007
36028.74	-3.005
36029.74	-3.006
36030.74	-3.011
36031.74	-3.008
36032.74	-3.009
36033.74	-3.012
36034.74	-3.006
36035.74	-3.008
36036.74	-3.009
36037.74	-3.006
36038.74	-3.008
36039.74	-3.008
36040.74	-3.009
36041.74	-3.005
36042.74	-3.008
36043.74	-3.009
36044.74	-3.01
36045.74	-3.007
36046.74	-3.008
36047.74	-3.008
36048.74	-3.006
36049.74	-3.009
36050.74	-3.01
36051.74	-3.006
36052.74	-3.009
36053.74	-3.005
36054.74	-3.007
36055.74	-3.009
36056.74	-3.008
36057.74	-3.005
36058.74	-3.012
36059.74	-3.005
36060.74	-3.008
36061.74	-3.008
36062.74	-3.008
36063.74	-3.01
36064.74	-3.008
36065.74	-3.01
36066.74	-3.008
36067.74	-3.009
36068.74	-3.009
36069.74	-3.007
36070.74	-3.006
36071.74	-3.011
36072.74	-3.009
36073.74	-3.008
36074.74	-3.007
36075.74	-3.012
36076.74	-3.006
36077.74	-3.008
36078.74	-3.008
36079.74	-3.007
36080.74	-3.008
36081.74	-3.004
36082.74	-3.005
36083.74	-3.01
36084.74	-3.007
36085.74	-3.005
36086.74	-3.006
36087.74	-3.008
36088.74	-3.007
36089.74	-3.008
36090.74	-3.007
36091.74	-3.008
36092.74	-3.01
36093.74	-3.01
36094.74	-3.006
36095.74	-3.009
36096.74	-3.012
36097.74	-3.011
36098.74	-3.007
36099.74	-3.008
36100.74	-3.009
36101.74	-3.009
36102.74	-3.004
36103.74	-3.008
36104.74	-3.008
36105.74	-3.008
36106.74	-3.007
36107.74	-3.007
36108.74	-3.007
36109.74	-3.007
36110.74	-3.007
36111.74	-3.007
36112.74	-3.007
36113.74	-3.009
36114.74	-3.007
36115.74	-3.009
36116.74	-3.008
36117.74	-3.01
36118.74	-3.005
36119.74	-3.012
36120.74	-3.006
36121.74	-3.006
36122.74	-3.008
36123.74	-3.006
36124.74	-3.008
36125.74	-3.007
36126.74	-3.013
36127.74	-3.005
36128.74	-3.008
36129.74	-3.012
36130.74	-3.007
36131.74	-3.01
36132.74	-3.007
36133.74	-3.008
36134.74	-3.008
36135.74	-3.007
36136.74	-3.008
36137.74	-3.009
36138.74	-3.007
36139.74	-3.01
36140.74	-3.007
36141.74	-3.009
36142.74	-3.007
36143.74	-3.006
36144.74	-3.008
36145.74	-3.01
36146.74	-3.008
36147.74	-3.007
36148.74	-3.007
36149.74	-3.007
36150.74	-3.01
36151.74	-3.008
36152.74	-3.007
36153.74	-3.009
36154.74	-3.008
36155.74	-3.009
36156.74	-3.007
36157.74	-3.009
36158.74	-3.009
36159.74	-3.004
36160.74	-3.006
36161.74	-3.008
36162.74	-3.007
36163.74	-3.006
36164.74	-3.01
36165.74	-3.009
36166.74	-3.008
36167.74	-3.007
36168.74	-3.008
36169.74	-3.009
36170.74	-3.009
36171.74	-3.007
36172.74	-3.011
36173.74	-3.007
36174.74	-3.012
36175.74	-3.007
36176.74	-3.007
36177.74	-3.005
36178.74	-3.01
36179.74	-3.008
36180.74	-3.006
36181.74	-3.006
36182.74	-3.008
36183.74	-3.006
36184.74	-3.007
36185.74	-3.008
36186.74	-3.01
36187.74	-3.009
36188.74	-3.007
36189.74	-3.01
36190.74	-3.01
36191.74	-3.009
36192.74	-3.008
36193.74	-3.008
36194.74	-3.007
36195.74	-3.007
36196.74	-3.008
36197.74	-3.003
36198.74	-3.007
36199.74	-3.004
36200.74	-3.009
36201.74	-3.014
36202.74	-3.007
36203.74	-3.009
36204.74	-3.008
36205.74	-3.007
36206.74	-3.007
36207.74	-3.008
36208.74	-3.007
36209.74	-3.009
36210.74	-3.007
36211.74	-3.01
36212.74	-3.008
36213.74	-3.006
36214.74	-3.007
36215.74	-3.007
36216.74	-3.007
36217.74	-3.006
36218.74	-3.008
36219.74	-3.013
36220.74	-3.005
36221.74	-3.007
36222.74	-3.007
36223.74	-3.007
36224.74	-3.011
36225.74	-3.008
36226.74	-3.006
36227.74	-3.01
36228.74	-3.008
36229.74	-3.009
36230.74	-3.007
36231.74	-3.005
36232.74	-3.01
36233.74	-3.005
36234.74	-3.005
36235.74	-3.009
36236.74	-3.008
36237.74	-3.006
36238.74	-3.01
36239.74	-3.006
36240.74	-3.009
36241.74	-3.008
36242.74	-3.005
36243.74	-3.008
36244.74	-3.008
36245.74	-3.01
36246.74	-3.01
36247.74	-3.009
36248.74	-3.008
36249.74	-3.004
36250.74	-3.005
36251.74	-3.007
36252.74	-3.006
36253.74	-3.004
36254.74	-3.007
36255.74	-3.006
36256.74	-3.009
36257.74	-3.008
36258.74	-3.007
36259.74	-3.013
36260.74	-3.006
36261.74	-3.009
36262.74	-3.009
36263.74	-3.011
36264.74	-3.005
36265.74	-3.007
36266.74	-3.005
36267.74	-3.01
36268.74	-3.006
36269.74	-3.011
36270.74	-3.007
36271.74	-3.009
36272.74	-3.008
36273.74	-3.008
36274.74	-3.008
36275.74	-3.01
36276.74	-3.009
36277.74	-3.009
36278.74	-3.008
36279.74	-3.006
36280.74	-3.009
36281.74	-3.008
36282.74	-3.005
36283.74	-3.007
36284.74	-3.007
36285.74	-3.009
36286.74	-3.007
36287.74	-3.007
36288.74	-3.007
36289.74	-3.008
36290.74	-3.011
36291.74	-3.007
36292.74	-3.008
36293.74	-3.005
36294.74	-3.009
36295.74	-3.007
36296.74	-3.005
36297.74	-3.007
36298.74	-3.006
36299.74	-3.008
36300.74	-3.007
36301.74	-3.005
36302.74	-3.007
36303.74	-3.01
36304.74	-3.011
36305.74	-3.009
36306.74	-3.008
36307.74	-3.009
36308.74	-3.007
36309.74	-3.005
36310.74	-3.009
36311.74	-3.008
36312.74	-3.007
36313.74	-3.007
36314.74	-3.009
36315.74	-3.007
36316.74	-3.008
36317.74	-3.009
36318.74	-3.008
36319.74	-3.01
36320.74	-3.008
36321.74	-3.009
36322.74	-3.01
36323.74	-3.007
36324.74	-3.009
36325.74	-3.007
36326.74	-3.01
36327.74	-3.007
36328.74	-3.008
36329.74	-3.012
36330.74	-3.008
36331.74	-3.007
36332.74	-3.008
36333.74	-3.009
36334.74	-3.008
36335.74	-3.007
36336.74	-3.009
36337.74	-3.009
36338.74	-3.007
36339.74	-3.011
36340.74	-3.012
36341.74	-3.011
36342.74	-3.008
36343.74	-3.009
36344.74	-3.009
36345.74	-3.009
36346.74	-3.007
36347.74	-3.007
36348.74	-3.009
36349.74	-3.007
36350.74	-3.008
36351.74	-3.006
36352.74	-3.009
36353.74	-3.006
36354.74	-3.009
36355.74	-3.011
36356.74	-3.007
36357.74	-3.006
36358.74	-3.01
36359.74	-3.008
36360.74	-3.006
36361.74	-3.004
36362.74	-3.005
36363.74	-3.009
36364.74	-3.006
36365.74	-3.006
36366.74	-3.009
36367.74	-3.012
36368.74	-3.006
36369.74	-3.008
36370.74	-3.008
36371.74	-3.008
36372.74	-3.006
36373.74	-3.007
36374.74	-3.005
36375.74	-3.006
36376.74	-3.007
36377.74	-3.011
36378.74	-3.006
36379.74	-3.01
36380.74	-3.007
36381.74	-3.009
36382.74	-3.007
36383.74	-3.007
36384.74	-3.01
36385.74	-3.008
36386.74	-3.007
36387.74	-3.009
36388.74	-3.006
36389.74	-3.009
36390.74	-3.007
36391.74	-3.009
36392.74	-3.008
36393.74	-3.009
36394.74	-3.009
36395.74	-3.01
36396.74	-3.007
36397.74	-3.006
36398.74	-3.007
36399.74	-3.011
36400.74	-3.008
36401.74	-3.007
36402.74	-3.009
36403.74	-3.008
36404.74	-3.011
36405.74	-3.007
36406.74	-3.008
36407.74	-3.01
36408.74	-3.009
36409.74	-3.009
36410.74	-3.008
36411.74	-3.007
36412.74	-3.007
36413.74	-3.01
36414.74	-3.009
36415.74	-3.01
36416.74	-3.004
36417.74	-3.009
36418.74	-3.008
36419.74	-3.007
36420.74	-3.007
36421.74	-3.014
36422.74	-3.009
36423.74	-3.007
36424.74	-3.008
36425.74	-3.006
36426.74	-3.011
36427.74	-3.01
36428.74	-3.008
36429.74	-3.007
36430.74	-3.007
36431.74	-3.008
36432.74	-3.009
36433.74	-3.007
36434.74	-3.01
36435.74	-3.006
36436.74	-3.008
36437.74	-3.008
36438.74	-3.008
36439.74	-3.005
36440.74	-3.009
36441.74	-3.006
36442.74	-3.006
36443.74	-3.004
36444.74	-3.01
36445.74	-3.005
36446.74	-3.009
36447.74	-3.007
36448.74	-3.012
36449.74	-3.006
36450.74	-3.009
36451.74	-3.009
36452.74	-3.008
36453.74	-3.008
36454.74	-3.007
36455.74	-3.006
36456.74	-3.009
36457.74	-3.008
36458.74	-3.007
36459.74	-3.006
36460.74	-3.006
36461.74	-3.006
36462.74	-3.007
36463.74	-3.008
36464.74	-3.008
36465.74	-3.008
36466.74	-3.008
36467.74	-3.007
36468.74	-3.006
36469.74	-3.008
36470.74	-3.007
36471.74	-3.005
36472.74	-3.006
36473.74	-3.009
36474.74	-3.007
36475.74	-3.008
36476.74	-3.01
36477.74	-3.007
36478.74	-3.008
36479.74	-3.01
36480.74	-3.011
36481.74	-3.01
36482.74	-3.008
36483.74	-3.007
36484.74	-3.011
36485.74	-3.009
36486.74	-3.008
36487.74	-3.008
36488.74	-3.011
36489.74	-3.008
36490.74	-3.006
36491.74	-3.005
36492.74	-3.01
36493.74	-3.004
36494.74	-3.008
36495.74	-3.009
36496.74	-3.007
36497.74	-3.008
36498.74	-3.007
36499.74	-3.01
36500.74	-3.005
36501.74	-3.007
36502.74	-3.009
36503.74	-3.006
36504.74	-3.008
36505.74	-3.007
36506.74	-3.007
36507.74	-3.008
36508.74	-3.007
36509.74	-3.011
36510.74	-3.006
36511.74	-3.01
36512.74	-3.006
36513.74	-3.006
36514.74	-3.009
36515.74	-3.007
36516.74	-3.007
36517.74	-3.005
36518.74	-3.007
36519.74	-3.007
36520.74	-3.006
36521.74	-3.009
36522.74	-3.008
36523.74	-3.007
36524.74	-3.01
36525.74	-3.009
36526.74	-3.013
36527.74	-3.008
36528.74	-3.008
36529.74	-3.009
36530.74	-3.005
36531.74	-3.005
36532.74	-3.009
36533.74	-3.009
36534.74	-3.006
36535.74	-3.008
36536.74	-3.006
36537.74	-3.009
36538.74	-3.01
36539.74	-3.009
36540.74	-3.008
36541.74	-3.009
36542.74	-3.007
36543.74	-3.006
36544.74	-3.009
36545.74	-3.01
36546.74	-3.01
36547.74	-3.01
36548.74	-3.008
36549.74	-3.006
36550.74	-3.006
36551.74	-3.01
36552.74	-3.011
36553.74	-3.008
36554.74	-3.006
36555.74	-3.005
36556.74	-3.007
36557.74	-3.006
36558.74	-3.008
36559.74	-3.007
36560.74	-3.007
36561.74	-3.006
36562.74	-3.01
36563.74	-3.011
36564.74	-3.007
36565.74	-3.007
36566.74	-3.011
36567.74	-3.009
36568.74	-3.004
36569.74	-3.007
36570.74	-3.007
36571.74	-3.01
36572.74	-3.009
36573.74	-3.008
36574.74	-3.007
36575.74	-3.007
36576.74	-3.007
36577.74	-3.005
36578.74	-3.006
36579.74	-3.007
36580.74	-3.009
36581.74	-3.007
36582.74	-3.007
36583.74	-3.011
36584.74	-3.008
36585.74	-3.01
36586.74	-3.006
36587.74	-3.008
36588.74	-3.008
36589.74	-3.007
36590.74	-3.006
36591.74	-3.006
36592.74	-3.01
36593.74	-3.009
36594.74	-3.012
36595.74	-3.007
36596.74	-3.009
36597.74	-3.009
36598.74	-3.012
36599.74	-3.009
36600.74	-3.009
36601.74	-3.007
36602.74	-3.009
36603.74	-3.008
36604.74	-3.01
36605.74	-3.008
36606.74	-3.009
36607.74	-3.01
36608.74	-3.007
36609.74	-3.006
36610.74	-3.009
36611.74	-3.009
36612.74	-3.006
36613.74	-3.007
36614.74	-3.005
36615.74	-3.009
36616.74	-3.006
36617.74	-3.007
36618.74	-3.011
36619.74	-3.009
36620.74	-3.012
36621.74	-3.006
36622.74	-3.011
36623.74	-3.009
36624.74	-3.006
36625.74	-3.013
36626.74	-3.008
36627.74	-3.009
36628.74	-3.007
36629.74	-3.007
36630.74	-3.01
36631.74	-3.011
36632.74	-3.009
36633.74	-3.007
36634.74	-3.012
36635.74	-3.005
36636.74	-3.006
36637.74	-3.006
36638.74	-3.008
36639.74	-3.007
36640.74	-3.01
36641.74	-3.006
36642.74	-3.011
36643.74	-3.012
36644.74	-3.009
36645.74	-3.01
36646.74	-3.005
36647.74	-3.005
36648.74	-3.007
36649.74	-3.009
36650.74	-3.008
36651.74	-3.008
36652.74	-3.006
36653.74	-3.006
36654.74	-3.008
36655.74	-3.005
36656.74	-3.011
36657.74	-3.009
36658.74	-3.007
36659.74	-3.01
36660.74	-3.008
36661.74	-3.007
36662.74	-3.01
36663.74	-3.009
36664.74	-3.009
36665.74	-3.01
36666.74	-3.01
36667.74	-3.008
36668.74	-3.005
36669.74	-3.008
36670.74	-3.007
36671.74	-3.007
36672.74	-3.012
36673.74	-3.01
36674.74	-3.007
36675.74	-3.009
36676.74	-3.009
36677.74	-3.008
36678.74	-3.01
36679.74	-3.009
36680.74	-3.007
36681.74	-3.009
36682.74	-3.009
36683.74	-3.01
36684.74	-3.007
36685.74	-3.009
36686.74	-3.009
36687.74	-3.007
36688.74	-3.008
36689.74	-3.008
36690.74	-3.008
36691.74	-3.011
36692.74	-3.011
36693.74	-3.009
36694.74	-3.009
36695.74	-3.008
36696.74	-3.009
36697.74	-3.005
36698.74	-3.008
36699.74	-3.006
36700.74	-3.008
36701.74	-3.01
36702.74	-3.009
36703.74	-3.01
36704.74	-3.008
36705.74	-3.009
36706.74	-3.006
36707.74	-3.009
36708.74	-3.008
36709.74	-3.011
36710.74	-3.009
36711.74	-3.01
36712.74	-3.009
36713.74	-3.008
36714.74	-3.007
36715.74	-3.007
36716.74	-3.011
36717.74	-3.009
36718.74	-3.008
36719.74	-3.009
36720.74	-3.011
36721.74	-3.01
36722.74	-3.012
36723.74	-3.009
36724.74	-3.01
36725.74	-3.008
36726.74	-3.01
36727.74	-3.007
36728.74	-3.01
36729.74	-3.01
36730.74	-3.009
36731.74	-3.01
36732.74	-3.01
36733.74	-3.007
36734.74	-3.009
36735.74	-3.008
36736.74	-3.009
36737.74	-3.006
36738.74	-3.007
36739.74	-3.009
36740.74	-3.007
36741.74	-3.009
36742.74	-3.008
36743.74	-3.007
36744.74	-3.007
36745.74	-3.009
36746.74	-3.009
36747.74	-3.008
36748.74	-3.009
36749.74	-3.007
36750.74	-3.009
36751.74	-3.009
36752.74	-3.011
36753.74	-3.009
36754.74	-3.009
36755.74	-3.008
36756.74	-3.01
36757.74	-3.006
36758.74	-3.007
36759.74	-3.01
36760.74	-3.008
36761.74	-3.008
36762.74	-3.008
36763.74	-3.011
36764.74	-3.01
36765.74	-3.007
36766.74	-3.009
36767.74	-3.01
36768.74	-3.007
36769.74	-3.007
36770.74	-3.006
36771.74	-3.007
36772.74	-3.006
36773.74	-3.007
36774.74	-3.008
36775.74	-3.007
36776.74	-3.008
36777.74	-3.009
36778.74	-3.009
36779.74	-3.007
36780.74	-3.009
36781.74	-3.006
36782.74	-3.006
36783.74	-3.01
36784.74	-3.007
36785.74	-3.01
36786.74	-3.01
36787.74	-3.011
36788.74	-3.009
36789.74	-3.008
36790.74	-3.006
36791.74	-3.007
36792.74	-3.01
36793.74	-3.007
36794.74	-3.008
36795.74	-3.01
36796.74	-3.009
36797.74	-3.008
36798.74	-3.01
36799.74	-3.01
36800.74	-3.009
36801.74	-3.008
36802.74	-3.009
36803.74	-3.01
36804.74	-3.01
36805.74	-3.009
36806.74	-3.009
36807.74	-3.007
36808.74	-3.009
36809.74	-3.008
36810.74	-3.009
36811.74	-3.009
36812.74	-3.009
36813.74	-3.009
36814.74	-3.008
36815.74	-3.009
36816.74	-3.008
36817.74	-3.007
36818.74	-3.007
36819.74	-3.009
36820.74	-3.009
36821.74	-3.011
36822.74	-3.009
36823.74	-3.013
36824.74	-3.01
36825.74	-3.013
36826.74	-3.007
36827.74	-3.008
36828.74	-3.01
36829.74	-3.009
36830.74	-3.011
36831.74	-3.008
36832.74	-3.01
36833.74	-3.009
36834.74	-3.008
36835.74	-3.007
36836.74	-3.008
36837.74	-3.01
36838.74	-3.009
36839.74	-3.01
36840.74	-3.01
36841.74	-3.009
36842.74	-3.009
36843.74	-3.007
36844.74	-3.007
36845.74	-3.007
36846.74	-3.006
36847.74	-3.009
36848.74	-3.008
36849.74	-3.009
36850.74	-3.008
36851.74	-3.007
36852.74	-3.002
36853.74	-3.007
36854.74	-3.008
36855.74	-3.007
36856.74	-3.008
36857.74	-3.008
36858.74	-3.01
36859.74	-3.006
36860.74	-3.006
36861.74	-3.01
36862.74	-3.008
36863.74	-3.01
36864.74	-3.009
36865.74	-3.007
36866.74	-3.009
36867.74	-3.008
36868.74	-3.008
36869.74	-3.008
36870.74	-3.008
36871.74	-3.008
36872.74	-3.01
36873.74	-3.009
36874.74	-3.007
36875.74	-3.009
36876.74	-3.01
36877.74	-3.01
36878.74	-3.009
36879.74	-3.009
36880.74	-3.009
36881.74	-3.009
36882.74	-3.008
36883.74	-3.009
36884.74	-3.009
36885.74	-3.012
36886.74	-3.011
36887.74	-3.009
36888.74	-3.009
36889.74	-3.01
36890.74	-3.008
36891.74	-3.008
36892.74	-3.008
36893.74	-3.01
36894.74	-3.009
36895.74	-3.006
36896.74	-3.007
36897.74	-3.011
36898.74	-3.008
36899.74	-3.009
36900.74	-3.01
36901.74	-3.01
36902.74	-3.007
36903.74	-3.008
36904.74	-3.007
36905.74	-3.008
36906.74	-3.009
36907.74	-3.009
36908.74	-3.011
36909.74	-3.007
36910.74	-3.009
36911.74	-3.011
36912.74	-3.004
36913.74	-3.009
36914.74	-3.01
36915.74	-3.008
36916.74	-3.008
36917.74	-3.009
36918.74	-3.008
36919.74	-3.008
36920.74	-3.007
36921.74	-3.01
36922.74	-3.01
36923.74	-3.01
36924.74	-3.006
36925.74	-3.007
36926.74	-3.008
36927.74	-3.009
36928.74	-3.009
36929.74	-3.007
36930.74	-3.01
36931.74	-3.01
36932.74	-3.01
36933.74	-3.011
36934.74	-3.009
36935.74	-3.01
36936.74	-3.011
36937.74	-3.011
36938.74	-3.01
36939.74	-3.01
36940.74	-3.006
36941.74	-3.009
36942.74	-3.003
36943.74	-3.008
36944.74	-3.013
36945.74	-3.008
36946.74	-3.009
36947.74	-3.009
36948.74	-3.008
36949.74	-3.011
36950.74	-3.008
36951.74	-3.01
36952.74	-3.01
36953.74	-3.01
36954.74	-3.01
36955.74	-3.008
36956.74	-3.007
36957.74	-3.011
36958.74	-3.009
36959.74	-3.008
36960.74	-3.008
36961.74	-3.009
36962.74	-3.008
36963.74	-3.009
36964.74	-3.009
36965.74	-3.009
36966.74	-3.008
36967.74	-3.008
36968.74	-3.01
36969.74	-3.01
36970.74	-3.004
36971.74	-3.011
36972.74	-3.009
36973.74	-3.009
36974.74	-3.008
36975.74	-3.006
36976.74	-3.01
36977.74	-3.011
36978.74	-3.008
36979.74	-3.008
36980.74	-3.007
36981.74	-3.01
36982.74	-3.009
36983.74	-3.012
36984.74	-3.006
36985.74	-3.008
36986.74	-3.009
36987.74	-3.009
36988.74	-3.01
36989.74	-3.008
36990.74	-3.01
36991.74	-3.009
36992.74	-3.008
36993.74	-3.01
36994.74	-3.008
36995.74	-3.006
36996.74	-3.009
36997.74	-3.009
36998.74	-3.008
36999.74	-3.008
37000.74	-3.008
37001.74	-3.01
37002.74	-3.009
37003.74	-3.01
37004.74	-3.005
37005.74	-3.008
37006.74	-3.009
37007.74	-3.01
37008.74	-3.01
37009.74	-3.007
37010.74	-3.007
37011.74	-3.008
37012.74	-3.008
37013.74	-3.011
37014.74	-3.006
37015.74	-3.008
37016.74	-3.009
37017.74	-3.006
37018.74	-3.008
37019.74	-3.01
37020.74	-3.006
37021.74	-3.008
37022.74	-3.01
37023.74	-3.008
37024.74	-3.009
37025.74	-3.008
37026.74	-3.009
37027.74	-3.009
37028.74	-3.01
37029.74	-3.01
37030.74	-3.009
37031.74	-3.007
37032.74	-3.008
37033.74	-3.006
37034.74	-3.009
37035.74	-3.007
37036.74	-3.005
37037.74	-3.009
37038.74	-3.008
37039.74	-3.008
37040.74	-3.006
37041.74	-3.007
37042.74	-3.008
37043.74	-3.009
37044.74	-3.007
37045.74	-3.01
37046.74	-3.011
37047.74	-3.008
37048.74	-3.008
37049.74	-3.006
37050.74	-3.006
37051.74	-3.01
37052.74	-3.009
37053.74	-3.008
37054.74	-3.009
37055.74	-3.008
37056.74	-3.01
37057.74	-3.013
37058.74	-3.008
37059.74	-3.009
37060.74	-3.008
37061.74	-3.009
37062.74	-3.008
37063.74	-3.009
37064.74	-3.008
37065.74	-3.011
37066.74	-3.008
37067.74	-3.011
37068.74	-3.006
37069.74	-3.01
37070.74	-3.009
37071.74	-3.007
37072.74	-3.011
37073.74	-3.012
37074.74	-3.009
37075.74	-3.01
37076.74	-3.011
37077.74	-3.01
37078.74	-3.011
37079.74	-3.01
37080.74	-3.007
37081.74	-3.01
37082.74	-3.008
37083.74	-3.007
37084.74	-3.009
37085.74	-3.008
37086.74	-3.009
37087.74	-3.009
37088.74	-3.01
37089.74	-3.01
37090.74	-3.01
37091.74	-3.011
37092.74	-3.009
37093.74	-3.011
37094.74	-3.009
37095.74	-3.007
37096.74	-3.011
37097.74	-3.01
37098.74	-3.011
37099.74	-3.012
37100.74	-3.007
37101.74	-3.012
37102.74	-3.007
37103.74	-3.009
37104.74	-3.008
37105.74	-3.01
37106.74	-3.011
37107.74	-3.01
37108.74	-3.009
37109.74	-3.009
37110.74	-3.009
37111.74	-3.007
37112.74	-3.009
37113.74	-3.01
37114.74	-3.01
37115.74	-3.007
37116.74	-3.012
37117.74	-3.009
37118.74	-3.007
37119.74	-3.008
37120.74	-3.01
37121.74	-3.008
37122.74	-3.01
37123.74	-3.008
37124.74	-3.008
37125.74	-3.007
37126.74	-3.01
37127.74	-3.008
37128.74	-3.006
37129.74	-3.007
37130.74	-3.01
37131.74	-3.01
37132.74	-3.008
37133.74	-3.008
37134.74	-3.008
37135.74	-3.008
37136.74	-3.011
37137.74	-3.006
37138.74	-3.009
37139.74	-3.01
37140.74	-3.009
37141.74	-3.008
37142.74	-3.009
37143.74	-3.01
37144.74	-3.009
37145.74	-3.01
37146.74	-3.01
37147.74	-3.011
37148.74	-3.008
37149.74	-3.011
37150.74	-3.009
37151.74	-3.01
37152.74	-3.008
37153.74	-3.009
37154.74	-3.007
37155.74	-3.01
37156.74	-3.008
37157.74	-3.008
37158.74	-3.01
37159.74	-3.011
37160.74	-3.007
37161.74	-3.008
37162.74	-3.009
37163.74	-3.008
37164.74	-3.01
37165.74	-3.01
37166.74	-3.01
37167.74	-3.011
37168.74	-3.009
37169.74	-3.008
37170.74	-3.009
37171.74	-3.011
37172.74	-3.008
37173.74	-3.01
37174.74	-3.01
37175.74	-3.011
37176.74	-3.011
37177.74	-3.009
37178.74	-3.008
37179.74	-3.007
37180.74	-3.009
37181.74	-3.009
37182.74	-3.009
37183.74	-3.008
37184.74	-3.01
37185.74	-3.008
37186.74	-3.006
37187.74	-3.008
37188.74	-3.008
37189.74	-3.011
37190.74	-3.009
37191.74	-3.008
37192.74	-3.009
37193.74	-3.008
37194.74	-3.009
37195.74	-3.008
37196.74	-3.009
37197.74	-3.008
37198.74	-3.006
37199.74	-3.009
37200.74	-3.011
37201.74	-3.009
37202.74	-3.007
37203.74	-3.009
37204.74	-3.008
37205.74	-3.009
37206.74	-3.01
37207.74	-3.01
37208.74	-3.009
37209.74	-3.011
37210.74	-3.011
37211.74	-3.009
37212.74	-3.01
37213.74	-3.009
37214.74	-3.009
37215.74	-3.009
37216.74	-3.011
37217.74	-3.01
37218.74	-3.008
37219.74	-3.008
37220.74	-3.007
37221.74	-3.008
37222.74	-3.008
37223.74	-3.012
37224.74	-3.008
37225.74	-3.007
37226.74	-3.009
37227.74	-3.009
37228.74	-3.01
37229.74	-3.012
37230.74	-3.008
37231.74	-3.009
37232.74	-3.01
37233.74	-3.009
37234.74	-3.01
37235.74	-3.01
37236.74	-3.007
37237.74	-3.007
37238.74	-3.007
37239.74	-3.008
37240.74	-3.01
37241.74	-3.007
37242.74	-3.009
37243.74	-3.01
37244.74	-3.008
37245.74	-3.009
37246.74	-3.009
37247.74	-3.009
37248.74	-3.008
37249.74	-3.008
37250.74	-3.007
37251.74	-3.007
37252.74	-3.009
37253.74	-3.008
37254.74	-3.011
37255.74	-3.01
37256.74	-3.009
37257.74	-3.008
37258.74	-3.007
37259.74	-3.009
37260.74	-3.008
37261.74	-3.007
37262.74	-3.01
37263.74	-3.008
37264.74	-3.008
37265.74	-3.006
37266.74	-3.008
37267.74	-3.006
37268.74	-3.008
37269.74	-3.012
37270.74	-3.009
37271.74	-3.006
37272.74	-3.008
37273.74	-3.011
37274.74	-3.007
37275.74	-3.007
37276.74	-3.009
37277.74	-3.007
37278.74	-3.008
37279.74	-3.009
37280.74	-3.008
37281.74	-3.01
37282.74	-3.008
37283.74	-3.009
37284.74	-3.006
37285.74	-3.008
37286.74	-3.009
37287.74	-3.013
37288.74	-3.009
37289.74	-3.008
37290.74	-3.011
37291.74	-3.009
37292.74	-3.009
37293.74	-3.008
37294.74	-3.007
37295.74	-3.009
37296.74	-3.008
37297.74	-3.009
37298.74	-3.01
37299.74	-3.008
37300.74	-3.011
37301.74	-3.011
37302.74	-3.008
37303.74	-3.008
37304.74	-3.008
37305.74	-3.013
37306.74	-3.007
37307.74	-3.009
37308.74	-3.008
37309.74	-3.006
37310.74	-3.008
37311.74	-3.009
37312.74	-3.005
37313.74	-3.007
37314.74	-3.007
37315.74	-3.008
37316.74	-3.007
37317.74	-3.007
37318.74	-3.01
37319.74	-3.007
37320.74	-3.01
37321.74	-3.008
37322.74	-3.009
37323.74	-3.007
37324.74	-3.008
37325.74	-3.01
37326.74	-3.007
37327.74	-3.009
37328.74	-3.009
37329.74	-3.007
37330.74	-3.01
37331.74	-3.008
37332.74	-3.009
37333.74	-3.009
37334.74	-3.007
37335.74	-3.006
37336.74	-3.008
37337.74	-3.008
37338.74	-3.008
37339.74	-3.008
37340.74	-3.01
37341.74	-3.008
37342.74	-3.011
37343.74	-3.008
37344.74	-3.011
37345.74	-3.008
37346.74	-3.006
37347.74	-3.008
37348.74	-3.006
37349.74	-3.008
37350.74	-3.011
37351.74	-3.006
37352.74	-3.007
37353.74	-3.009
37354.74	-3.007
37355.74	-3.006
37356.74	-3.006
37357.74	-3.01
37358.74	-3.008
37359.74	-3.005
37360.74	-3.008
37361.74	-3.009
37362.74	-3.012
37363.74	-3.009
37364.74	-3.009
37365.74	-3.011
37366.74	-3.01
37367.74	-3.009
37368.74	-3.007
37369.74	-3.007
37370.74	-3.008
37371.74	-3.008
37372.74	-3.007
37373.74	-3.01
37374.74	-3.009
37375.74	-3.011
37376.74	-3.002
37377.74	-3.01
37378.74	-3.01
37379.74	-3.009
37380.74	-3.011
37381.74	-3.006
37382.74	-3.007
37383.74	-3.011
37384.74	-3.004
37385.74	-3.01
37386.74	-3.008
37387.74	-3.008
37388.74	-3.008
37389.74	-3.009
37390.74	-3.003
37391.74	-3.007
37392.74	-3.008
37393.74	-3.008
37394.74	-3.009
37395.74	-3.01
37396.74	-3.011
37397.74	-3.009
37398.74	-3.009
37399.74	-3.007
37400.74	-3.007
37401.74	-3.006
37402.74	-3.008
37403.74	-3.008
37404.74	-3.007
37405.74	-3.005
37406.74	-3.005
37407.74	-3.005
37408.74	-3.01
37409.74	-3.007
37410.74	-3.011
37411.74	-3.009
37412.74	-3.008
37413.74	-3.007
37414.74	-3.008
37415.74	-3.011
37416.74	-3.006
37417.74	-3.007
37418.74	-3.009
37419.74	-3.008
37420.74	-3.008
37421.74	-3.006
37422.74	-3.007
37423.74	-3.008
37424.74	-3.007
37425.74	-3.008
37426.74	-3.005
37427.74	-3.005
37428.74	-3.008
37429.74	-3.011
37430.74	-3.008
37431.74	-3.008
37432.74	-3.013
37433.74	-3.01
37434.74	-3.007
37435.74	-3.007
37436.74	-3.009
37437.74	-3.011
37438.74	-3.006
37439.74	-3.008
37440.74	-3.01
37441.74	-3.01
37442.74	-3.008
37443.74	-3.008
37444.74	-3.007
37445.74	-3.009
37446.74	-3.01
37447.74	-3.008
37448.74	-3.009
37449.74	-3.007
37450.74	-3.01
37451.74	-3.007
37452.74	-3.007
37453.74	-3.01
37454.74	-3.01
37455.74	-3.007
37456.74	-3.008
37457.74	-3.008
37458.74	-3.006
37459.74	-3.009
37460.74	-3.008
37461.74	-3.009
37462.74	-3.009
37463.74	-3.006
37464.74	-3.009
37465.74	-3.009
37466.74	-3.007
37467.74	-3.006
37468.74	-3.01
37469.74	-3.008
37470.74	-3.008
37471.74	-3.008
37472.74	-3.011
37473.74	-3.008
37474.74	-3.006
37475.74	-3.008
37476.74	-3.006
37477.74	-3.009
37478.74	-3.009
37479.74	-3.006
37480.74	-3.008
37481.74	-3.007
37482.74	-3.008
37483.74	-3.008
37484.74	-3.008
37485.74	-3.006
37486.74	-3.008
37487.74	-3.007
37488.74	-3.007
37489.74	-3.01
37490.74	-3.01
37491.74	-3.008
37492.74	-3.008
37493.74	-3.008
37494.74	-3.008
37495.74	-3.007
37496.74	-3.009
37497.74	-3.006
37498.74	-3.006
37499.74	-3.006
37500.74	-3.009
37501.74	-3.007
37502.74	-3.008
37503.74	-3.008
37504.74	-3.007
37505.74	-3.005
37506.74	-3.008
37507.74	-3.007
37508.74	-3.008
37509.74	-3.009
37510.74	-3.007
37511.74	-3.007
37512.74	-3.007
37513.74	-3.01
37514.74	-3.008
37515.74	-3.01
37516.74	-3.009
37517.74	-3.01
37518.74	-3.006
37519.74	-3.006
37520.74	-3.01
37521.74	-3.006
37522.74	-3.009
37523.74	-3.009
37524.74	-3.008
37525.74	-3.008
37526.74	-3.006
37527.74	-3.011
37528.74	-3.006
37529.74	-3.008
37530.74	-3.007
37531.74	-3.006
37532.74	-3.008
37533.74	-3.011
37534.74	-3.009
37535.74	-3.008
37536.74	-3.007
37537.74	-3.01
37538.74	-3.003
37539.74	-3.007
37540.74	-3.006
37541.74	-3.006
37542.74	-3.006
37543.74	-3.008
37544.74	-3.008
37545.74	-3.009
37546.74	-3.006
37547.74	-3.008
37548.74	-3.009
37549.74	-3.009
37550.74	-3.009
37551.74	-3.007
37552.74	-3.007
37553.74	-3.009
37554.74	-3.007
37555.74	-3.007
37556.74	-3.009
37557.74	-3.007
37558.74	-3.008
37559.74	-3.008
37560.74	-3.01
37561.74	-3.009
37562.74	-3.005
37563.74	-3.009
37564.74	-3.012
37565.74	-3.006
37566.74	-3.007
37567.74	-3.01
37568.74	-3.007
37569.74	-3.007
37570.74	-3.008
37571.74	-3.007
37572.74	-3.007
37573.74	-3.006
37574.74	-3.007
37575.74	-3.008
37576.74	-3.01
37577.74	-3.011
37578.74	-3.009
37579.74	-3.008
37580.74	-3.01
37581.74	-3.009
37582.74	-3.008
37583.74	-3.009
37584.74	-3.01
37585.74	-3.008
37586.74	-3.009
37587.74	-3.007
37588.74	-3.013
37589.74	-3.007
37590.74	-3.007
37591.74	-3.011
37592.74	-3.007
37593.74	-3.007
37594.74	-3.009
37595.74	-3.006
37596.74	-3.01
37597.74	-3.009
37598.74	-3.009
37599.74	-3.009
37600.74	-3.008
37601.74	-3.007
37602.74	-3.007
37603.74	-3.008
37604.74	-3.011
37605.74	-3.005
37606.74	-3.008
37607.74	-3.012
37608.74	-3.008
37609.74	-3.005
37610.74	-3.007
37611.74	-3.011
37612.74	-3.007
37613.74	-3.007
37614.74	-3.008
37615.74	-3.006
37616.74	-3.008
37617.74	-3.009
37618.74	-3.009
37619.74	-3.01
37620.74	-3.007
37621.74	-3.007
37622.74	-3.009
37623.74	-3.007
37624.74	-3.009
37625.74	-3.005
37626.74	-3.007
37627.74	-3.008
37628.74	-3.008
37629.74	-3.007
37630.74	-3.011
37631.74	-3.01
37632.74	-3.009
37633.74	-3.006
37634.74	-3.008
37635.74	-3.006
37636.74	-3.01
37637.74	-3.008
37638.74	-3.008
37639.74	-3.008
37640.74	-3.011
37641.74	-3.008
37642.74	-3.01
37643.74	-3.01
37644.74	-3.008
37645.74	-3.008
37646.74	-3.011
37647.74	-3.009
37648.74	-3.007
37649.74	-3.008
37650.74	-3.007
37651.74	-3.009
37652.74	-3.006
37653.74	-3.009
37654.74	-3.01
37655.74	-3.008
37656.74	-3.007
37657.74	-3.008
37658.74	-3.007
37659.74	-3.009
37660.74	-3.008
37661.74	-3.008
37662.74	-3.008
37663.74	-3.008
37664.74	-3.009
37665.74	-3.008
37666.74	-3.01
37667.74	-3.007
37668.74	-3.008
37669.74	-3.009
37670.74	-3.008
37671.74	-3.005
37672.74	-3.01
37673.74	-3.01
37674.74	-3.009
37675.74	-3.006
37676.74	-3.01
37677.74	-3.007
37678.74	-3.008
37679.74	-3.007
37680.74	-3.01
37681.74	-3.007
37682.74	-3.011
37683.74	-3.009
37684.74	-3.007
37685.74	-3.008
37686.74	-3.008
37687.74	-3.003
37688.74	-3.011
37689.74	-3.007
37690.74	-3.007
37691.74	-3.011
37692.74	-3.011
37693.74	-3.009
37694.74	-3.006
37695.74	-3.01
37696.74	-3.007
37697.74	-3.008
37698.74	-3.01
37699.74	-3.007
37700.74	-3.01
37701.74	-3.009
37702.74	-3.009
37703.74	-3.01
37704.74	-3.008
37705.74	-3.009
37706.74	-3.01
37707.74	-3.01
37708.74	-3.005
37709.74	-3.008
37710.74	-3.008
37710.76	-7.663
37711.74	-8.022
37712.74	-8.024
37713.74	-8.022
37714.74	-8.024
37715.74	-8.022
37716.74	-8.024
37717.74	-8.024
37718.74	-8.024
37719.74	-8.023
37720.74	-8.023
37721.74	-8.023
37722.74	-8.022
37723.74	-8.024
37724.74	-8.023
37725.74	-8.025
37726.74	-8.022
37727.74	-8.022
37728.74	-8.022
37729.74	-8.024
37730.74	-8.025
37731.74	-8.022
37732.74	-8.024
37733.74	-8.023
37734.74	-8.025
37735.74	-8.021
37736.74	-8.024
37737.74	-8.022
37738.74	-8.022
37739.74	-8.025
37740.74	-8.021
37741.74	-8.023
37742.74	-8.021
37743.74	-8.021
37744.74	-8.024
37745.74	-8.022
37746.74	-8.02
37747.74	-8.024
37748.74	-8.027
37749.74	-8.022
37750.74	-8.023
37751.74	-8.021
37752.74	-8.025
37753.74	-8.023
37754.74	-8.023
37755.74	-8.023
37756.74	-8.025
37757.74	-8.021
37758.74	-8.022
37759.74	-8.023
37760.74	-8.021
37761.74	-8.022
37762.74	-8.024
37763.74	-8.02
37764.74	-8.023
37765.74	-8.02
37766.74	-8.024
37767.74	-8.022
37768.74	-8.025
37769.74	-8.023
37770.74	-8.021
37771.74	-8.02
37772.74	-8.021
37773.74	-8.023
37774.74	-8.026
37775.74	-8.024
37776.74	-8.024
37777.74	-8.024
37778.74	-8.022
37779.74	-8.025
37780.74	-8.025
37781.74	-8.024
37782.74	-8.022
37783.74	-8.024
37784.74	-8.023
37785.74	-8.024
37786.74	-8.024
37787.74	-8.022
37788.74	-8.024
37789.74	-8.026
37790.74	-8.023
37791.74	-8.021
37792.74	-8.024
37793.74	-8.023
37794.74	-8.024
37795.74	-8.023
37796.74	-8.024
37797.74	-8.024
37798.74	-8.025
37799.74	-8.021
37800.74	-8.023
37801.74	-8.021
37802.74	-8.022
37803.74	-8.022
37804.74	-8.024
37805.74	-8.025
37806.74	-8.024
37807.74	-8.021
37808.74	-8.024
37809.74	-8.022
37810.74	-8.025
37811.74	-8.02
37812.74	-8.024
37813.74	-8.025
37814.74	-8.023
37815.74	-8.023
37816.74	-8.024
37817.74	-8.023
37818.74	-8.023
37819.74	-8.023
37820.74	-8.024
37821.74	-8.024
37822.74	-8.022
37823.74	-8.026
37824.74	-8.023
37825.74	-8.023
37826.74	-8.025
37827.74	-8.022
37828.74	-8.021
37829.74	-8.023
37830.74	-8.026
37831.74	-8.022
37832.74	-8.028
37833.74	-8.022
37834.74	-8.027
37835.74	-8.024
37836.74	-8.023
37837.74	-8.021
37838.74	-8.024
37839.74	-8.024
37840.74	-8.019
37841.74	-8.023
37842.74	-8.025
37843.74	-8.027
37844.74	-8.021
37845.74	-8.023
37846.74	-8.02
37847.74	-8.022
37848.74	-8.018
37849.74	-8.026
37850.74	-8.019
37851.74	-8.021
37852.74	-8.024
37853.74	-8.026
37854.74	-8.027
37855.74	-8.023
37856.74	-8.024
37857.74	-8.025
37858.74	-8.022
37859.74	-8.022
37860.74	-8.019
37861.74	-8.025
37862.74	-8.024
37863.74	-8.023
37864.74	-8.021
37865.74	-8.024
37866.74	-8.023
37867.74	-8.025
37868.74	-8.026
37869.74	-8.022
37870.74	-8.025
37871.74	-8.022
37872.74	-8.022
37873.74	-8.02
37874.74	-8.022
37875.74	-8.022
37876.74	-8.023
37877.74	-8.023
37878.74	-8.022
37879.74	-8.023
37880.74	-8.022
37881.74	-8.025
37882.74	-8.021
37883.74	-8.025
37884.74	-8.023
37885.74	-8.023
37886.74	-8.023
37887.74	-8.023
37888.74	-8.027
37889.74	-8.02
37890.74	-8.022
37891.74	-8.027
37892.74	-8.021
37893.74	-8.022
37894.74	-8.023
37895.74	-8.022
37896.74	-8.022
37897.74	-8.02
37898.74	-8.025
37899.74	-8.023
37900.74	-8.022
37901.74	-8.023
37902.74	-8.022
37903.74	-8.023
37904.74	-8.026
37905.74	-8.025
37906.74	-8.025
37907.74	-8.025
37908.74	-8.026
37909.74	-8.024
37910.74	-8.022
37911.74	-8.026
37912.74	-8.022
37913.74	-8.024
37914.74	-8.022
37915.74	-8.022
37916.74	-8.024
37917.74	-8.021
37918.74	-8.025
37919.74	-8.023
37920.74	-8.024
37921.74	-8.024
37922.74	-8.025
37923.74	-8.022
37924.74	-8.022
37925.74	-8.02
37926.74	-8.025
37927.74	-8.022
37928.74	-8.025
37929.74	-8.024
37930.74	-8.023
37931.74	-8.023
37932.74	-8.019
37933.74	-8.02
37934.74	-8.024
37935.74	-8.022
37936.74	-8.022
37937.74	-8.024
37938.74	-8.027
37939.74	-8.018
37940.74	-8.022
37941.74	-8.023
37942.74	-8.023
37943.74	-8.023
37944.74	-8.023
37945.74	-8.022
37946.74	-8.022
37947.74	-8.026
37948.74	-8.024
37949.74	-8.022
37950.74	-8.023
37951.74	-8.021
37952.74	-8.024
37953.74	-8.025
37954.74	-8.023
37955.74	-8.024
37956.74	-8.023
37957.74	-8.024
37958.74	-8.022
37959.74	-8.023
37960.74	-8.023
37961.74	-8.024
37962.74	-8.024
37963.74	-8.023
37964.74	-8.022
37965.74	-8.026
37966.74	-8.021
37967.74	-8.023
37968.74	-8.023
37969.74	-8.023
37970.74	-8.024
37971.74	-8.022
37972.74	-8.025
37973.74	-8.024
37974.74	-8.023
37975.74	-8.025
37976.74	-8.021
37977.74	-8.024
37978.74	-8.026
37979.74	-8.023
37980.74	-8.024
37981.74	-8.02
37982.74	-8.025
37983.74	-8.023
37984.74	-8.022
37985.74	-8.024
37986.74	-8.024
37987.74	-8.023
37988.74	-8.022
37989.74	-8.021
37990.74	-8.022
37991.74	-8.023
37992.74	-8.023
37993.74	-8.024
37994.74	-8.02
37995.74	-8.023
37996.74	-8.022
37997.74	-8.022
37998.74	-8.021
37999.74	-8.022
38000.74	-8.022
38001.74	-8.022
38002.74	-8.021
38003.74	-8.026
38004.74	-8.022
38005.74	-8.021
38006.74	-8.024
38007.74	-8.025
38008.74	-8.023
38009.74	-8.024
38010.74	-8.022
38011.74	-8.022
38012.74	-8.023
38013.74	-8.021
38014.74	-8.024
38015.74	-8.023
38016.74	-8.025
38017.74	-8.023
38018.74	-8.025
38019.74	-8.026
38020.74	-8.024
38021.74	-8.022
38022.74	-8.024
38023.74	-8.024
38024.74	-8.026
38025.74	-8.022
38026.74	-8.026
38027.74	-8.024
38028.74	-8.024
38029.74	-8.022
38030.74	-8.025
38031.74	-8.023
38032.74	-8.025
38033.74	-8.02
38034.74	-8.022
38035.74	-8.022
38036.74	-8.023
38037.74	-8.022
38038.74	-8.024
38039.74	-8.025
38040.74	-8.025
38041.74	-8.026
38042.74	-8.023
38043.74	-8.022
38044.74	-8.024
38045.74	-8.025
38046.74	-8.024
38047.74	-8.025
38048.74	-8.021
38049.74	-8.023
38050.74	-8.023
38051.74	-8.023
38052.74	-8.02
38053.74	-8.023
38054.74	-8.024
38055.74	-8.022
38056.74	-8.022
38057.74	-8.023
38058.74	-8.025
38059.74	-8.025
38060.74	-8.024
38061.74	-8.025
38062.74	-8.022
38063.74	-8.021
38064.74	-8.025
38065.74	-8.022
38066.74	-8.026
38067.74	-8.023
38068.74	-8.024
38069.74	-8.02
38070.74	-8.024
38071.74	-8.023
38072.74	-8.022
38073.74	-8.026
38074.74	-8.023
38075.74	-8.026
38076.74	-8.021
38077.74	-8.025
38078.74	-8.022
38079.74	-8.025
38080.74	-8.024
38081.74	-8.022
38082.74	-8.023
38083.74	-8.024
38084.74	-8.023
38085.74	-8.023
38086.74	-8.021
38087.74	-8.02
38088.74	-8.022
38089.74	-8.021
38090.74	-8.022
38091.74	-8.024
38092.74	-8.021
38093.74	-8.024
38094.74	-8.026
38095.74	-8.024
38096.74	-8.024
38097.74	-8.025
38098.74	-8.024
38099.74	-8.026
38100.74	-8.024
38101.74	-8.024
38102.74	-8.022
38103.74	-8.024
38104.74	-8.026
38105.74	-8.022
38106.74	-8.022
38107.74	-8.024
38108.74	-8.024
38109.74	-8.024
38110.74	-8.021
38111.74	-8.022
38112.74	-8.022
38113.74	-8.025
38114.74	-8.021
38115.74	-8.023
38116.74	-8.025
38117.74	-8.025
38118.74	-8.023
38119.74	-8.022
38120.74	-8.023
38121.74	-8.021
38122.74	-8.024
38123.74	-8.024
38124.74	-8.025
38125.74	-8.026
38126.74	-8.023
38127.74	-8.026
38128.74	-8.021
38129.74	-8.022
38130.74	-8.02
38131.74	-8.021
38132.74	-8.023
38133.74	-8.022
38134.74	-8.022
38135.74	-8.023
38136.74	-8.023
38137.74	-8.022
38138.74	-8.023
38139.74	-8.023
38140.74	-8.023
38141.74	-8.022
38142.74	-8.024
38143.74	-8.025
38144.74	-8.022
38145.74	-8.024
38146.74	-8.023
38147.74	-8.021
38148.74	-8.021
38149.74	-8.02
38150.74	-8.024
38151.74	-8.026
38152.74	-8.02
38153.74	-8.022
38154.74	-8.023
38155.74	-8.024
38156.74	-8.023
38157.74	-8.022
38158.74	-8.011
38159.74	-8.015
38160.74	-8.018
38161.74	-8.017
38162.74	-8.017
38163.74	-8.017
38164.74	-8.016
38165.74	-8.015
38166.74	-8.018
38167.74	-8.012
38168.74	-8.016
38169.74	-8.015
38170.74	-8.015
38171.74	-8.017
38172.74	-8.016
38173.74	-8.015
38174.74	-8.017
38175.74	-8.016
38176.74	-8.016
38177.74	-8.016
38178.74	-8.018
38179.74	-8.017
38180.74	-8.016
38181.74	-8.015
38182.74	-8.02
38183.74	-8.016
38184.74	-8.014
38185.74	-8.014
38186.74	-8.018
38187.74	-8.018
38188.74	-8.016
38189.74	-8.015
38190.74	-8.011
38191.74	-8.018
38192.74	-8.015
38193.74	-8.016
38194.74	-8.015
38195.74	-8.016
38196.74	-8.018
38197.74	-8.018
38198.74	-8.019
38199.74	-8.017
38200.74	-8.018
38201.74	-8.015
38202.74	-8.01
38203.74	-8.017
38204.74	-8.01
38205.74	-8.015
38206.74	-8.016
38207.74	-8.015
38208.74	-8.016
38209.74	-8.012
38210.74	-8.016
38211.74	-8.017
38212.74	-8.016
38213.74	-8.014
38214.74	-8.018
38215.74	-8.013
38216.74	-8.015
38217.74	-8.015
38218.74	-8.017
38219.74	-8.017
38220.74	-8.017
38221.74	-8.016
38222.74	-8.017
38223.74	-8.016
38224.74	-8.016
38225.74	-8.016
38226.74	-8.018
38227.74	-8.017
38228.74	-8.018
38229.74	-8.019
38230.74	-8.018
38231.74	-8.018
38232.74	-8.02
38233.74	-8.016
38234.74	-8.017
38235.74	-8.017
38236.74	-8.017
38237.74	-8.018
38238.74	-8.017
38239.74	-8.018
38240.74	-8.018
38241.74	-8.017
38242.74	-8.017
38243.74	-8.017
38244.74	-8.018
38245.74	-8.017
38246.74	-8.015
38247.74	-8.018
38248.74	-8.016
38249.74	-8.015
38250.74	-8.017
38251.74	-8.016
38252.74	-8.016
38253.74	-8.017
38254.74	-8.017
38255.74	-8.013
38256.74	-8.016
38257.74	-8.018
38258.74	-8.016
38259.74	-8.019
38260.74	-8.019
38261.74	-8.01
38262.74	-8.017
38263.74	-8.019
38264.74	-8.019
38265.74	-8.019
38266.74	-8.019
38267.74	-8.018
38268.74	-8.016
38269.74	-8.008
38270.74	-8.018
38271.74	-8.014
38272.74	-8.018
38273.74	-8.011
38274.74	-8.016
38275.74	-8.019
38276.74	-8.009
38277.74	-8.015
38278.74	-8.015
38279.74	-8.014
38280.74	-8.017
38281.74	-8.018
38282.74	-8.017
38283.74	-8.019
38284.74	-8.019
38285.74	-8.021
38286.74	-8.017
38287.74	-8.015
38288.74	-8.018
38289.74	-8.017
38290.74	-8.018
38291.74	-8.015
38292.74	-8.014
38293.74	-8.018
38294.74	-8.015
38295.74	-8.016
38296.74	-8.017
38297.74	-8.018
38298.74	-8.017
38299.74	-8.016
38300.74	-8.016
38301.74	-8.018
38302.74	-8.017
38303.74	-8.016
38304.74	-8.015
38305.74	-8.013
38306.74	-8.012
38307.74	-8.018
38308.74	-8.016
38309.74	-8.015
38310.74	-8.019
38311.74	-8.014
38312.74	-8.015
38313.74	-8.018
38314.74	-8.018
38315.74	-8.011
38316.74	-8.016
38317.74	-8.015
38318.74	-8.014
38319.74	-8.017
38320.74	-8.017
38321.74	-8.017
38322.74	-8.015
38323.74	-8.015
38324.74	-8.018
38325.74	-8.019
38326.74	-8.018
38327.74	-8.019
38328.74	-8.019
38329.74	-8.02
38330.74	-8.02
38331.74	-8.023
38332.74	-8.023
38333.74	-8.023
38334.74	-8.02
38335.74	-8.02
38336.74	-8.021
38337.74	-8.022
38338.74	-8.02
38339.74	-8.023
38340.74	-8.022
38341.74	-8.021
38342.74	-8.02
38343.74	-8.024
38344.74	-8.022
38345.74	-8.019
38346.74	-8.022
38347.74	-8.022
38348.74	-8.022
38349.74	-8.022
38350.74	-8.02
38351.74	-8.022
38352.74	-8.021
38353.74	-8.022
38354.74	-8.02
38355.74	-8.019
38356.74	-8.02
38357.74	-8.022
38358.74	-8.023
38359.74	-8.023
38360.74	-8.022
38361.74	-8.023
38362.74	-8.022
38363.74	-8.023
38364.74	-8.022
38365.74	-8.022
38366.74	-8.023
38367.74	-8.023
38368.74	-8.023
38369.74	-8.02
38370.74	-8.022
38371.74	-8.023
38372.74	-8.021
38373.74	-8.024
38374.74	-8.022
38375.74	-8.021
38376.74	-8.02
38377.74	-8.022
38378.74	-8.024
38379.74	-8.023
38380.74	-8.022
38381.74	-8.024
38382.74	-8.021
38383.74	-8.021
38384.74	-8.021
38385.74	-8.02
38386.74	-8.026
38387.74	-8.02
38388.74	-8.021
38389.74	-8.02
38390.74	-8.024
38391.74	-8.022
38392.74	-8.022
38393.74	-8.02
38394.74	-8.021
38395.74	-8.022
38396.74	-8.02
38397.74	-8.022
38398.74	-8.022
38399.74	-8.023
38400.74	-8.024
38401.74	-8.024
38402.74	-8.025
38403.74	-8.023
38404.74	-8.022
38405.74	-8.023
38406.74	-8.024
38407.74	-8.021
38408.74	-8.022
38409.74	-8.022
38410.74	-8.022
38411.74	-8.024
38412.74	-8.026
38413.74	-8.022
38414.74	-8.021
38415.74	-8.022
38416.74	-8.022
38417.74	-8.024
38418.74	-8.021
38419.74	-8.021
38420.74	-8.022
38421.74	-8.021
38422.74	-8.02
38423.74	-8.023
38424.74	-8.022
38425.74	-8.023
38426.74	-8.021
38427.74	-8.021
38428.74	-8.019
38429.74	-8.021
38430.74	-8.026
38431.74	-8.026
38432.74	-8.024
38433.74	-8.026
38434.74	-8.021
38435.74	-8.025
38436.74	-8.023
38437.74	-8.024
38438.74	-8.019
38439.74	-8.019
38440.74	-8.021
38441.74	-8.023
38442.74	-8.025
38443.74	-8.023
38444.74	-8.023
38445.74	-8.022
38446.74	-8.024
38447.74	-8.019
38448.74	-8.02
38449.74	-8.022
38450.74	-8.019
38451.74	-8.023
38452.74	-8.019
38453.74	-8.021
38454.74	-8.02
38455.74	-8.019
38456.74	-8.021
38457.74	-8.021
38458.74	-8.022
38459.74	-8.021
38460.74	-8.021
38461.74	-8.023
38462.74	-8.021
38463.74	-8.022
38464.74	-8.02
38465.74	-8.02
38466.74	-8.02
38467.74	-8.021
38468.74	-8.019
38469.74	-8.02
38470.74	-8.024
38471.74	-8.022
38472.74	-8.02
38473.74	-8.023
38474.74	-8.02
38475.74	-8.024
38476.74	-8.021
38477.74	-8.02
38478.74	-8.024
38479.74	-8.022
38480.74	-8.021
38481.74	-8.022
38482.74	-8.019
38483.74	-8.021
38484.74	-8.022
38485.74	-8.022
38486.74	-8.021
38487.74	-8.02
38488.74	-8.022
38489.74	-8.021
38490.74	-8.022
38491.74	-8.022
38492.74	-8.021
38493.74	-8.022
38494.74	-8.021
38495.74	-8.021
38496.74	-8.023
38497.74	-8.023
38498.74	-8.021
38499.74	-8.022
38500.74	-8.021
38501.74	-8.021
38502.74	-8.023
38503.74	-8.02
38504.74	-8.022
38505.74	-8.023
38506.74	-8.024
38507.74	-8.023
38508.74	-8.027
38509.74	-8.02
38510.74	-8.023
38511.74	-8.023
38512.74	-8.022
38513.74	-8.019
38514.74	-8.024
38515.74	-8.023
38516.74	-8.02
38517.74	-8.022
38518.74	-8.021
38519.74	-8.024
38520.74	-8.021
38521.74	-8.023
38522.74	-8.021
38523.74	-8.02
38524.74	-8.024
38525.74	-8.021
38526.74	-8.021
38527.74	-8.022
38528.74	-8.019
38529.74	-8.026
38530.74	-8.022
38531.74	-8.019
38532.74	-8.02
38533.74	-8.023
38534.74	-8.021
38535.74	-8.021
38536.74	-8.021
38537.74	-8.022
38538.74	-8.023
38539.74	-8.023
38540.74	-8.02
38541.74	-8.019
38542.74	-8.023
38543.74	-8.022
38544.74	-8.02
38545.74	-8.019
38546.74	-8.021
38547.74	-8.02
38548.74	-8.021
38549.74	-8.022
38550.74	-8.019
38551.74	-8.023
38552.74	-8.022
38553.74	-8.021
38554.74	-8.021
38555.74	-8.026
38556.74	-8.022
38557.74	-8.019
38558.74	-8.02
38559.74	-8.022
38560.74	-8.025
38561.74	-8.022
38562.74	-8.021
38563.74	-8.023
38564.74	-8.021
38565.74	-8.023
38566.74	-8.022
38567.74	-8.021
38568.74	-8.022
38569.74	-8.023
38570.74	-8.02
38571.74	-8.022
38572.74	-8.022
38573.74	-8.021
38574.74	-8.022
38575.74	-8.023
38576.74	-8.022
38577.74	-8.022
38578.74	-8.023
38579.74	-8.022
38580.74	-8.022
38581.74	-8.021
38582.74	-8.022
38583.74	-8.022
38584.74	-8.022
38585.74	-8.023
38586.74	-8.022
38587.74	-8.02
38588.74	-8.022
38589.74	-8.023
38590.74	-8.023
38591.74	-8.022
38592.74	-8.022
38593.74	-8.02
38594.74	-8.021
38595.74	-8.021
38596.74	-8.022
38597.74	-8.023
38598.74	-8.024
38599.74	-8.019
38600.74	-8.023
38601.74	-8.022
38602.74	-8.024
38603.74	-8.024
38604.74	-8.023
38605.74	-8.025
38606.74	-8.021
38607.74	-8.022
38608.74	-8.023
38609.74	-8.024
38610.74	-8.022
38611.74	-8.021
38612.74	-8.024
38613.74	-8.02
38614.74	-8.022
38615.74	-8.022
38616.74	-8.022
38617.74	-8.02
38618.74	-8.02
38619.74	-8.02
38620.74	-8.021
38621.74	-8.022
38622.74	-8.022
38623.74	-8.021
38624.74	-8.021
38625.74	-8.023
38626.74	-8.021
38627.74	-8.023
38628.74	-8.025
38629.74	-8.021
38630.74	-8.023
38631.74	-8.022
38632.74	-8.022
38633.74	-8.022
38634.74	-8.022
38635.74	-8.021
38636.74	-8.022
38637.74	-8.02
38638.74	-8.024
38639.74	-8.02
38640.74	-8.02
38641.74	-8.018
38642.74	-8.022
38643.74	-8.019
38644.74	-8.022
38645.74	-8.021
38646.74	-8.024
38647.74	-8.023
38648.74	-8.023
38649.74	-8.022
38650.74	-8.021
38651.74	-8.024
38652.74	-8.023
38653.74	-8.022
38654.74	-8.022
38655.74	-8.023
38656.74	-8.025
38657.74	-8.021
38658.74	-8.019
38659.74	-8.02
38660.74	-8.022
38661.74	-8.024
38662.74	-8.021
38663.74	-8.021
38664.74	-8.022
38665.74	-8.017
38666.74	-8.02
38667.74	-8.022
38668.74	-8.021
38669.74	-8.02
38670.74	-8.021
38671.74	-8.021
38672.74	-8.021
38673.74	-8.022
38674.74	-8.022
38675.74	-8.021
38676.74	-8.02
38677.74	-8.021
38678.74	-8.021
38679.74	-8.023
38680.74	-8.021
38681.74	-8.02
38682.74	-8.022
38683.74	-8.023
38684.74	-8.023
38685.74	-8.022
38686.74	-8.023
38687.74	-8.023
38688.74	-8.021
38689.74	-8.021
38690.74	-8.02
38691.74	-8.021
38692.74	-8.022
38693.74	-8.023
38694.74	-8.023
38695.74	-8.022
38696.74	-8.023
38697.74	-8.022
38698.74	-8.022
38699.74	-8.021
38700.74	-8.021
38701.74	-8.023
38702.74	-8.023
38703.74	-8.025
38704.74	-8.021
38705.74	-8.022
38706.74	-8.024
38707.74	-8.022
38708.74	-8.021
38709.74	-8.021
38710.74	-8.022
38711.74	-8.024
38712.74	-8.018
38713.74	-8.021
38714.74	-8.024
38715.74	-8.024
38716.74	-8.02
38717.74	-8.022
38718.74	-8.023
38719.74	-8.022
38720.74	-8.023
38721.74	-8.023
38722.74	-8.022
38723.74	-8.025
38724.74	-8.021
38725.74	-8.022
38726.74	-8.019
38727.74	-8.023
38728.74	-8.021
38729.74	-8.022
38730.74	-8.021
38731.74	-8.022
38732.74	-8.024
38733.74	-8.02
38734.74	-8.021
38735.74	-8.025
38736.74	-8.024
38737.74	-8.023
38738.74	-8.025
38739.74	-8.023
38740.74	-8.025
38741.74	-8.022
38742.74	-8.024
38743.74	-8.023
38744.74	-8.022
38745.74	-8.023
38746.74	-8.025
38747.74	-8.024
38748.74	-8.023
38749.74	-8.021
38750.74	-8.021
38751.74	-8.022
38752.74	-8.022
38753.74	-8.021
38754.74	-8.019
38755.74	-8.021
38756.74	-8.023
38757.74	-8.024
38758.74	-8.02
38759.74	-8.022
38760.74	-8.023
38761.74	-8.022
38762.74	-8.023
38763.74	-8.023
38764.74	-8.023
38765.74	-8.021
38766.74	-8.022
38767.74	-8.021
38768.74	-8.021
38769.74	-8.023
38770.74	-8.022
38771.74	-8.021
38772.74	-8.024
38773.74	-8.02
38774.74	-8.024
38775.74	-8.023
38776.74	-8.024
38777.74	-8.023
38778.74	-8.02
38779.74	-8.023
38780.74	-8.024
38781.74	-8.022
38782.74	-8.021
38783.74	-8.022
38784.74	-8.024
38785.74	-8.021
38786.74	-8.025
38787.74	-8.021
38788.74	-8.022
38789.74	-8.023
38790.74	-8.019
38791.74	-8.022
38792.74	-8.022
38793.74	-8.022
38794.74	-8.021
38795.74	-8.021
38796.74	-8.02
38797.74	-8.021
38798.74	-8.023
38799.74	-8.024
38800.74	-8.022
38801.74	-8.022
38802.74	-8.02
38803.74	-8.021
38804.74	-8.019
38805.74	-8.019
38806.74	-8.021
38807.74	-8.024
38808.74	-8.025
38809.74	-8.022
38810.74	-8.022
38811.74	-8.022
38812.74	-8.021
38813.74	-8.024
38814.74	-8.021
38815.74	-8.023
38816.74	-8.019
38817.74	-8.024
38818.74	-8.019
38819.74	-8.023
38820.74	-8.02
38821.74	-8.022
38822.74	-8.021
38823.74	-8.022
38824.74	-8.021
38825.74	-8.024
38826.74	-8.021
38827.74	-8.024
38828.74	-8.02
38829.74	-8.025
38830.74	-8.023
38831.74	-8.022
38832.74	-8.023
38833.74	-8.023
38834.74	-8.022
38835.74	-8.022
38836.74	-8.021
38837.74	-8.025
38838.74	-8.022
38839.74	-8.024
38840.74	-8.022
38841.74	-8.02
38842.74	-8.021
38843.74	-8.021
38844.74	-8.021
38845.74	-8.021
38846.74	-8.021
38847.74	-8.022
38848.74	-8.022
38849.74	-8.021
38850.74	-8.023
38851.74	-8.022
38852.74	-8.022
38853.74	-8.022
38854.74	-8.022
38855.74	-8.021
38856.74	-8.024
38857.74	-8.023
38858.74	-8.024
38859.74	-8.022
38860.74	-8.022
38861.74	-8.024
38862.74	-8.021
38863.74	-8.024
38864.74	-8.021
38865.74	-8.023
38866.74	-8.024
38867.74	-8.02
38868.74	-8.025
38869.74	-8.023
38870.74	-8.022
38871.74	-8.024
38872.74	-8.023
38873.74	-8.019
38874.74	-8.019
38875.74	-8.021
38876.74	-8.023
38877.74	-8.02
38878.74	-8.023
38879.74	-8.024
38880.74	-8.021
38881.74	-8.024
38882.74	-8.024
38883.74	-8.023
38884.74	-8.023
38885.74	-8.022
38886.74	-8.024
38887.74	-8.02
38888.74	-8.021
38889.74	-8.02
38890.74	-8.024
38891.74	-8.02
38892.74	-8.023
38893.74	-8.023
38894.74	-8.021
38895.74	-8.022
38896.74	-8.023
38897.74	-8.022
38898.74	-8.022
38899.74	-8.023
38900.74	-8.021
38901.74	-8.022
38902.74	-8.023
38903.74	-8.023
38904.74	-8.021
38905.74	-8.019
38906.74	-8.022
38907.74	-8.023
38908.74	-8.023
38909.74	-8.023
38910.74	-8.023
38911.74	-8.021
38912.74	-8.023
38913.74	-8.021
38914.74	-8.023
38915.74	-8.021
38916.74	-8.021
38917.74	-8.024
38918.74	-8.025
38919.74	-8.024
38920.74	-8.022
38921.74	-8.025
38922.74	-8.019
38923.74	-8.021
38924.74	-8.024
38925.74	-8.022
38926.74	-8.024
38927.74	-8.021
38928.74	-8.022
38929.74	-8.021
38930.74	-8.025
38931.74	-8.02
38932.74	-8.022
38933.74	-8.024
38934.74	-8.021
38935.74	-8.023
38936.74	-8.022
38937.74	-8.022
38938.74	-8.024
38939.74	-8.018
38940.74	-8.02
38941.74	-8.023
38942.74	-8.023
38943.74	-8.024
38944.74	-8.022
38945.74	-8.021
38946.74	-8.024
38947.74	-8.024
38948.74	-8.023
38949.74	-8.023
38950.74	-8.023
38951.74	-8.024
38952.74	-8.022
38953.74	-8.023
38954.74	-8.022
38955.74	-8.025
38956.74	-8.022
38957.74	-8.023
38958.74	-8.021
38959.74	-8.02
38960.74	-8.02
38961.74	-8.022
38962.74	-8.023
38963.74	-8.022
38964.74	-8.023
38965.74	-8.023
38966.74	-8.018
38967.74	-8.023
38968.74	-8.022
38969.74	-8.022
38970.74	-8.024
38971.74	-8.02
38972.74	-8.022
38973.74	-8.022
38974.74	-8.022
38975.74	-8.024
38976.74	-8.022
38977.74	-8.022
38978.74	-8.021
38979.74	-8.021
38980.74	-8.02
38981.74	-8.025
38982.74	-8.022
38983.74	-8.022
38984.74	-8.023
38985.74	-8.02
38986.74	-8.022
38987.74	-8.022
38988.74	-8.021
38989.74	-8.024
38990.74	-8.021
38991.74	-8.023
38992.74	-8.023
38993.74	-8.021
38994.74	-8.021
38995.74	-8.022
38996.74	-8.025
38997.74	-8.021
38998.74	-8.019
38999.74	-8.023
39000.74	-8.022
39001.74	-8.021
39002.74	-8.02
39003.74	-8.025
39004.74	-8.021
39005.74	-8.023
39006.74	-8.018
39007.74	-8.024
39008.74	-8.019
39009.74	-8.019
39010.74	-8.02
39011.74	-8.023
39012.74	-8.024
39013.74	-8.023
39014.74	-8.022
39015.74	-8.023
39016.74	-8.021
39017.74	-8.026
39018.74	-8.021
39019.74	-8.022
39020.74	-8.024
39021.74	-8.024
39022.74	-8.023
39023.74	-8.024
39024.74	-8.024
39025.74	-8.024
39026.74	-8.023
39027.74	-8.023
39028.74	-8.021
39029.74	-8.023
39030.74	-8.02
39031.74	-8.024
39032.74	-8.021
39033.74	-8.02
39034.74	-8.021
39035.74	-8.021
39036.74	-8.027
39037.74	-8.023
39038.74	-8.018
39039.74	-8.025
39040.74	-8.019
39041.74	-8.022
39042.74	-8.019
39043.74	-8.023
39044.74	-8.022
39045.74	-8.024
39046.74	-8.022
39047.74	-8.02
39048.74	-8.021
39049.74	-8.021
39050.74	-8.023
39051.74	-8.025
39052.74	-8.02
39053.74	-8.022
39054.74	-8.02
39055.74	-8.02
39056.74	-8.022
39057.74	-8.021
39058.74	-8.02
39059.74	-8.023
39060.74	-8.021
39061.74	-8.022
39062.74	-8.023
39063.74	-8.021
39064.74	-8.022
39065.74	-8.022
39066.74	-8.022
39067.74	-8.023
39068.74	-8.021
39069.74	-8.021
39070.74	-8.023
39071.74	-8.021
39072.74	-8.023
39073.74	-8.019
39074.74	-8.022
39075.74	-8.022
39076.74	-8.025
39077.74	-8.022
39078.74	-8.022
39079.74	-8.022
39080.74	-8.018
39081.74	-8.021
39082.74	-8.023
39083.74	-8.023
39084.74	-8.022
39085.74	-8.021
39086.74	-8.021
39087.74	-8.024
39088.74	-8.022
39089.74	-8.022
39090.74	-8.022
39091.74	-8.023
39092.74	-8.025
39093.74	-8.025
39094.74	-8.018
39095.74	-8.022
39096.74	-8.024
39097.74	-8.023
39098.74	-8.022
39099.74	-8.024
39100.74	-8.02
39101.74	-8.022
39102.74	-8.021
39103.74	-8.026
39104.74	-8.021
39105.74	-8.02
39106.74	-8.024
39107.74	-8.023
39108.74	-8.02
39109.74	-8.022
39110.74	-8.02
39111.74	-8.021
39112.74	-8.021
39113.74	-8.021
39114.74	-8.024
39115.74	-8.019
39116.74	-8.021
39117.74	-8.02
39118.74	-8.02
39119.74	-8.022
39120.74	-8.021
39121.74	-8.023
39122.74	-8.022
39123.74	-8.021
39124.74	-8.021
39125.74	-8.023
39126.74	-8.023
39127.74	-8.021
39128.74	-8.022
39129.74	-8.023
39130.74	-8.021
39131.74	-8.02
39132.74	-8.025
39133.74	-8.021
39134.74	-8.021
39135.74	-8.023
39136.74	-8.023
39137.74	-8.024
39138.74	-8.024
39139.74	-8.021
39140.74	-8.021
39141.74	-8.021
39142.74	-8.024
39143.74	-8.021
39144.74	-8.02
39145.74	-8.02
39146.74	-8.023
39147.74	-8.024
39148.74	-8.022
39149.74	-8.021
39150.74	-8.021
39151.74	-8.021
39152.74	-8.021
39153.74	-8.024
39154.74	-8.023
39155.74	-8.022
39156.74	-8.023
39157.74	-8.022
39158.74	-8.024
39159.74	-8.023
39160.74	-8.024
39161.74	-8.021
39162.74	-8.021
39163.74	-8.024
39164.74	-8.023
39165.74	-8.021
39166.74	-8.025
39167.74	-8.02
39168.74	-8.022
39169.74	-8.022
39170.74	-8.019
39171.74	-8.023
39172.74	-8.024
39173.74	-8.02
39174.74	-8.02
39175.74	-8.024
39176.74	-8.022
39177.74	-8.022
39178.74	-8.022
39179.74	-8.022
39180.74	-8.023
39181.74	-8.021
39182.74	-8.024
39183.74	-8.02
39184.74	-8.023
39185.74	-8.023
39186.74	-8.021
39187.74	-8.022
39188.74	-8.023
39189.74	-8.022
39190.74	-8.022
39191.74	-8.022
39192.74	-8.023
39193.74	-8.023
39194.74	-8.021
39195.74	-8.022
39196.74	-8.025
39197.74	-8.02
39198.74	-8.023
39199.74	-8.022
39200.74	-8.022
39201.74	-8.022
39202.74	-8.02
39203.74	-8.022
39204.74	-8.02
39205.74	-8.021
39206.74	-8.018
39207.74	-8.023
39208.74	-8.021
39209.74	-8.023
39210.74	-8.023
39211.74	-8.024
39212.74	-8.02
39213.74	-8.022
39214.74	-8.02
39215.74	-8.021
39216.74	-8.024
39217.74	-8.022
39218.74	-8.022
39219.74	-8.02
39220.74	-8.02
39221.74	-8.023
39222.74	-8.018
39223.74	-8.023
39224.74	-8.023
39225.74	-8.019
39226.74	-8.022
39227.74	-8.02
39228.74	-8.022
39229.74	-8.023
39230.74	-8.02
39231.74	-8.02
39232.74	-8.021
39233.74	-8.021
39234.74	-8.022
39235.74	-8.021
39236.74	-8.022
39237.74	-8.024
39238.74	-8.021
39239.74	-8.023
39240.74	-8.024
39241.74	-8.022
39242.74	-8.021
39243.74	-8.021
39244.74	-8.024
39245.74	-8.022
39246.74	-8.023
39247.74	-8.021
39248.74	-8.023
39249.74	-8.021
39250.74	-8.022
39251.74	-8.022
39252.74	-8.023
39253.74	-8.022
39254.74	-8.023
39255.74	-8.022
39256.74	-8.024
39257.74	-8.024
39258.74	-8.021
39259.74	-8.022
39260.74	-8.02
39261.74	-8.023
39262.74	-8.022
39263.74	-8.022
39264.74	-8.022
39265.74	-8.024
39266.74	-8.02
39267.74	-8.024
39268.74	-8.021
39269.74	-8.02
39270.74	-8.02
39271.74	-8.02
39272.74	-8.024
39273.74	-8.025
39274.74	-8.023
39275.74	-8.023
39276.74	-8.022
39277.74	-8.023
39278.74	-8.022
39279.74	-8.025
39280.74	-8.022
39281.74	-8.02
39282.74	-8.022
39283.74	-8.022
39284.74	-8.023
39285.74	-8.022
39286.74	-8.025
39287.74	-8.023
39288.74	-8.022
39289.74	-8.023
39290.74	-8.02
39291.74	-8.023
39292.74	-8.025
39293.74	-8.021
39294.74	-8.023
39295.74	-8.024
39296.74	-8.022
39297.74	-8.022
39298.74	-8.021
39299.74	-8.022
39300.74	-8.023
39301.74	-8.023
39302.74	-8.021
39303.74	-8.025
39304.74	-8.025
39305.74	-8.024
39306.74	-8.02
39307.74	-8.022
39308.74	-8.023
39309.74	-8.022
39310.74	-8.023
39311.74	-8.024
39312.74	-8.023
39313.74	-8.023
39314.74	-8.02
39315.74	-8.021
39316.74	-8.023
39317.74	-8.024
39318.74	-8.022
39319.74	-8.024
39320.74	-8.024
39321.74	-8.023
39322.74	-8.023
39323.74	-8.021
39324.74	-8.022
39325.74	-8.023
39326.74	-8.023
39327.74	-8.022
39328.74	-8.021
39329.74	-8.022
39330.74	-8.022
39331.74	-8.022
39332.74	-8.023
39333.74	-8.024
39334.74	-8.022
39335.74	-8.023
39336.74	-8.022
39337.74	-8.026
39338.74	-8.023
39339.74	-8.023
39340.74	-8.021
39341.74	-8.023
39342.74	-8.021
39343.74	-8.023
39344.74	-8.022
39345.74	-8.023
39346.74	-8.022
39347.74	-8.024
39348.74	-8.023
39349.74	-8.024
39350.74	-8.026
39351.74	-8.022
39352.74	-8.023
39353.74	-8.022
39354.74	-8.024
39355.74	-8.024
39356.74	-8.025
39357.74	-8.022
39358.74	-8.022
39359.74	-8.022
39360.74	-8.019
39361.74	-8.022
39362.74	-8.023
39363.74	-8.025
39364.74	-8.021
39365.74	-8.025
39366.74	-8.022
39367.74	-8.022
39368.74	-8.022
39369.74	-8.021
39370.74	-8.023
39371.74	-8.021
39372.74	-8.021
39373.74	-8.024
39374.74	-8.024
39375.74	-8.022
39376.74	-8.024
39377.74	-8.022
39378.74	-8.022
39379.74	-8.023
39380.74	-8.022
39381.74	-8.024
39382.74	-8.023
39383.74	-8.022
39384.74	-8.023
39385.74	-8.022
39386.74	-8.024
39387.74	-8.022
39388.74	-8.024
39389.74	-8.019
39390.74	-8.024
39391.74	-8.024
39392.74	-8.022
39393.74	-8.024
39394.74	-8.022
39395.74	-8.023
39396.74	-8.021
39397.74	-8.024
39398.74	-8.023
39399.74	-8.021
39400.74	-8.02
39401.74	-8.021
39402.74	-8.02
39403.74	-8.022
39404.74	-8.023
39405.74	-8.021
39406.74	-8.022
39407.74	-8.021
39408.74	-8.021
39409.74	-8.024
39410.74	-8.02
39411.74	-8.022
39412.74	-8.02
39413.74	-8.024
39414.74	-8.02
39415.74	-8.022
39416.74	-8.023
39417.74	-8.02
39418.74	-8.023
39419.74	-8.022
39420.74	-8.021
39421.74	-8.021
39422.74	-8.023
39423.74	-8.021
39424.74	-8.022
39425.74	-8.021
39426.74	-8.022
39427.74	-8.024
39428.74	-8.022
39429.74	-8.022
39430.74	-8.023
39431.74	-8.02
39432.74	-8.023
39433.74	-8.02
39434.74	-8.021
39435.74	-8.022
39436.74	-8.024
39437.74	-8.02
39438.74	-8.023
39439.74	-8.024
39440.74	-8.021
39441.74	-8.023
39442.74	-8.021
39443.74	-8.024
39444.74	-8.022
39445.74	-8.024
39446.74	-8.023
39447.74	-8.025
39448.74	-8.021
39449.74	-8.02
39450.74	-8.023
39451.74	-8.022
39452.74	-8.02
39453.74	-8.022
39454.74	-8.024
39455.74	-8.023
39456.74	-8.021
39457.74	-8.025
39458.74	-8.02
39459.74	-8.021
39460.74	-8.02
39461.74	-8.02
39462.74	-8.021
39463.74	-8.022
39464.74	-8.023
39465.74	-8.024
39466.74	-8.023
39467.74	-8.024
39468.74	-8.02
39469.74	-8.022
39470.74	-8.021
39471.74	-8.022
39472.74	-8.021
39473.74	-8.023
39474.74	-8.022
39475.74	-8.022
39476.74	-8.023
39477.74	-8.02
39478.74	-8.024
39479.74	-8.02
39480.74	-8.021
39481.74	-8.021
39482.74	-8.023
39483.74	-8.024
39484.74	-8.022
39485.74	-8.02
39486.74	-8.021
39487.74	-8.023
39488.74	-8.027
39489.74	-8.023
39490.74	-8.023
39491.74	-8.024
39492.74	-8.021
39493.74	-8.021
39494.74	-8.023
39495.74	-8.024
39496.74	-8.025
39497.74	-8.021
39498.74	-8.023
39499.74	-8.021
39500.74	-8.024
39501.74	-8.022
39502.74	-8.021
39503.74	-8.022
39504.74	-8.02
39505.74	-8.025
39506.74	-8.024
39507.74	-8.021
39508.74	-8.022
39509.74	-8.02
39510.74	-8.023
39511.74	-8.023
39512.74	-8.025
39513.74	-8.023
39514.74	-8.022
39515.74	-8.023
39516.74	-8.023
39517.74	-8.022
39518.74	-8.021
39519.74	-8.021
39520.74	-8.022
39521.74	-8.026
39522.74	-8.022
39523.74	-8.023
39524.74	-8.025
39525.74	-8.02
39526.74	-8.023
39527.74	-8.025
39528.74	-8.023
39529.74	-8.024
39530.74	-8.027
39531.74	-8.022
39532.74	-8.021
39533.74	-8.024
39534.74	-8.022
39535.74	-8.023
39536.74	-8.024
39537.74	-8.025
39538.74	-8.021
39539.74	-8.024
39540.74	-8.026
39541.74	-8.023
39542.74	-8.022
39543.74	-8.021
39544.74	-8.024
39545.74	-8.022
39546.74	-8.022
39547.74	-8.023
39548.74	-8.022
39549.74	-8.026
39550.74	-8.025
39551.74	-8.028
39552.74	-8.024
39553.74	-8.021
39554.74	-8.023
39555.74	-8.024
39556.74	-8.022
39557.74	-8.02
39558.74	-8.022
39559.74	-8.023
39560.74	-8.021
39561.74	-8.022
39562.74	-8.023
39563.74	-8.022
39564.74	-8.022
39565.74	-8.024
39566.74	-8.02
39567.74	-8.023
39568.74	-8.024
39569.74	-8.024
39570.74	-8.024
39571.74	-8.022
39572.74	-8.022
39573.74	-8.022
39574.74	-8.024
39575.74	-8.025
39576.74	-8.022
39577.74	-8.023
39578.74	-8.018
39579.74	-8.022
39580.74	-8.021
39581.74	-8.021
39582.74	-8.022
39583.74	-8.023
39584.74	-8.024
39585.74	-8.022
39586.74	-8.02
39587.74	-8.024
39588.74	-8.022
39589.74	-8.022
39590.74	-8.02
39591.74	-8.019
39592.74	-8.024
39593.74	-8.023
39594.74	-8.023
39595.74	-8.025
39596.74	-8.023
39597.74	-8.02
39598.74	-8.019
39599.74	-8.022
39600.74	-8.018
39601.74	-8.021
39602.74	-8.022
39603.74	-8.023
39604.74	-8.023
39605.74	-8.023
39606.74	-8.023
39607.74	-8.02
39608.74	-8.022
39609.74	-8.02
39610.74	-8.021
39611.74	-8.022
39612.74	-8.023
39613.74	-8.019
39614.74	-8.018
39615.74	-8.018
39616.74	-8.014
39617.74	-8.014
39618.74	-8.013
39619.74	-8.016
39620.74	-8.016
39621.74	-8.017
39622.74	-8.015
39623.74	-8.016
39624.74	-8.016
39625.74	-8.018
39626.74	-8.015
39627.74	-8.018
39628.74	-8.016
39629.74	-8.017
39630.74	-8.018
39631.74	-8.018
39632.74	-8.021
39633.74	-8.014
39634.74	-8.016
39635.74	-8.015
39636.74	-8.016
39637.74	-8.018
39638.74	-8.016
39639.74	-8.016
39640.74	-8.015
39641.74	-8.018
39642.74	-8.014
39643.74	-8.013
39644.74	-8.016
39645.74	-8.017
39646.74	-8.018
39647.74	-8.017
39648.74	-8.015
39649.74	-8.015
39650.74	-8.015
39651.74	-8.007
39652.74	-8.015
39653.74	-8.017
39654.74	-8.017
39655.74	-8.016
39656.74	-8.016
39657.74	-8.017
39658.74	-8.015
39659.74	-8.017
39660.74	-8.016
39661.74	-8.015
39662.74	-8.018
39663.74	-8.013
39664.74	-8.017
39665.74	-8.015
39666.74	-8.016
39667.74	-8.015
39668.74	-8.016
39669.74	-8.017
39670.74	-8.015
39671.74	-8.017
39672.74	-8.016
39673.74	-8.01
39674.74	-8.017
39675.74	-8.018
39676.74	-8.017
39677.74	-8.016
39678.74	-8.019
39679.74	-8.015
39680.74	-8.016
39681.74	-8.017
39682.74	-8.016
39683.74	-8.015
39684.74	-8.016
39685.74	-8.018
39686.74	-8.014
39687.74	-8.018
39688.74	-8.018
39689.74	-8.018
39690.74	-8.017
39691.74	-8.015
39692.74	-8.02
39693.74	-8.015
39694.74	-8.014
39695.74	-8.017
39696.74	-8.015
39697.74	-8.014
39698.74	-8.015
39699.74	-8.016
39700.74	-8.015
39701.74	-8.016
39702.74	-8.016
39703.74	-8.017
39704.74	-8.018
39705.74	-8.015
39706.74	-8.017
39707.74	-8.015
39708.74	-8.015
39709.74	-8.014
39710.74	-8.016
39711.74	-8.015
39712.74	-8.016
39713.74	-8.017
39714.74	-8.014
39715.74	-8.016
39716.74	-8.017
39717.74	-8.018
39718.74	-8.016
39719.74	-8.018
39720.74	-8.014
39721.74	-8.016
39722.74	-8.016
39723.74	-8.016
39724.74	-8.016
39725.74	-8.018
39726.74	-8.011
39727.74	-8.015
39728.74	-8.012
39729.74	-8.018
39730.74	-8.016
39731.74	-8.014
39732.74	-8.011
39733.74	-8.017
39734.74	-8.016
39735.74	-8.01
39736.74	-8.018
39737.74	-8.017
39738.74	-8.017
39739.74	-8.017
39740.74	-8.016
39741.74	-8.019
39742.74	-8.016
39743.74	-8.017
39744.74	-8.016
39745.74	-8.017
39746.74	-8.017
39747.74	-8.018
39748.74	-8.016
39749.74	-8.017
39750.74	-8.01
39751.74	-8.018
39752.74	-8.016
39753.74	-8.015
39754.74	-8.015
39755.74	-8.015
39756.74	-8.017
39757.74	-8.015
39758.74	-8.018
39759.74	-8.016
39760.74	-8.017
39761.74	-8.014
39762.74	-8.017
39763.74	-8.016
39764.74	-8.016
39765.74	-8.014
39766.74	-8.011
39767.74	-8.018
39768.74	-8.019
39769.74	-8.014
39770.74	-8.019
39771.74	-8.016
39772.74	-8.017
39773.74	-8.014
39774.74	-8.009
39775.74	-8.017
39776.74	-8.016
39777.74	-8.017
39778.74	-8.018
39779.74	-8.018
39780.74	-8.018
39781.74	-8.014
39782.74	-8.016
39783.74	-8.011
39784.74	-8.015
39785.74	-8.017
39786.74	-8.014
39787.74	-8.016
39788.74	-8.016
39789.74	-8.017
39790.74	-8.014
39791.74	-8.017
39792.74	-8.014
39793.74	-8.017
39794.74	-8.016
39795.74	-8.014
39796.74	-8.014
39797.74	-8.014
39798.74	-8.016
39799.74	-8.016
39800.74	-8.017
39801.74	-8.014
39802.74	-8.016
39803.74	-8.016
39804.74	-8.017
39805.74	-8.017
39806.74	-8.014
39807.74	-8.015
39808.74	-8.016
39809.74	-8.017
39810.74	-8.017
39811.74	-8.014
39812.74	-8.018
39813.74	-8.016
39814.74	-8.018
39815.74	-8.016
39816.74	-8.016
39817.74	-8.015
39818.74	-8.019
39819.74	-8.017
39820.74	-8.015
39821.74	-8.015
39822.74	-8.016
39823.74	-8.016
39824.74	-8.015
39825.74	-8.018
39826.74	-8.015
39827.74	-8.017
39828.74	-8.017
39829.74	-8.017
39830.74	-8.015
39831.74	-8.018
39832.74	-8.018
39833.74	-8.017
39834.74	-8.02
39835.74	-8.019
39836.74	-8.02
39837.74	-8.022
39838.74	-8.021
39839.74	-8.023
39840.74	-8.021
39841.74	-8.023
39842.74	-8.022
39843.74	-8.022
39844.74	-8.021
39845.74	-8.02
39846.74	-8.022
39847.74	-8.017
39848.74	-8.019
39849.74	-8.022
39850.74	-8.02
39851.74	-8.022
39852.74	-8.018
39853.74	-8.021
39854.74	-8.023
39855.74	-8.023
39856.74	-8.021
39857.74	-8.023
39858.74	-8.018
39859.74	-8.022
39860.74	-8.018
39861.74	-8.021
39862.74	-8.018
39863.74	-8.02
39864.74	-8.02
39865.74	-8.019
39866.74	-8.019
39867.74	-8.021
39868.74	-8.019
39869.74	-8.018
39870.74	-8.023
39871.74	-8.021
39872.74	-8.021
39873.74	-8.021
39874.74	-8.02
39875.74	-8.022
39876.74	-8.021
39877.74	-8.021
39878.74	-8.022
39879.74	-8.021
39880.74	-8.022
39881.74	-8.022
39882.74	-8.019
39883.74	-8.02
39884.74	-8.021
39885.74	-8.019
39886.74	-8.022
39887.74	-8.022
39888.74	-8.023
39889.74	-8.021
39890.74	-8.022
39891.74	-8.022
39892.74	-8.019
39893.74	-8.023
39894.74	-8.025
39895.74	-8.022
39896.74	-8.022
39897.74	-8.02
39898.74	-8.021
39899.74	-8.023
39900.74	-8.023
39901.74	-8.022
39902.74	-8.022
39903.74	-8.022
39904.74	-8.021
39905.74	-8.021
39906.74	-8.022
39907.74	-8.022
39908.74	-8.02
39909.74	-8.023
39910.74	-8.024
39911.74	-8.024
39912.74	-8.025
39913.74	-8.022
39914.74	-8.023
39915.74	-8.022
39916.74	-8.023
39917.74	-8.022
39918.74	-8.02
39919.74	-8.023
39920.74	-8.019
39921.74	-8.021
39922.74	-8.026
39923.74	-8.023
39924.74	-8.021
39925.74	-8.018
39926.74	-8.02
39927.74	-8.022
39928.74	-8.022
39929.74	-8.023
39930.74	-8.019
39931.74	-8.022
39932.74	-8.02
39933.74	-8.02
39934.74	-8.021
39935.74	-8.02
39936.74	-8.021
39937.74	-8.022
39938.74	-8.023
39939.74	-8.022
39940.74	-8.019
39941.74	-8.021
39942.74	-8.022
39943.74	-8.025
39944.74	-8.024
39945.74	-8.026
39946.74	-8.027
39947.74	-8.019
39948.74	-8.024
39949.74	-8.026
39950.74	-8.022
39951.74	-8.021
39952.74	-8.025
39953.74	-8.022
39954.74	-8.025
39955.74	-8.022
39956.74	-8.019
39957.74	-8.022
39958.74	-8.021
39959.74	-8.018
39960.74	-8.021
39961.74	-8.021
39962.74	-8.022
39963.74	-8.022
39964.74	-8.021
39965.74	-8.024
39966.74	-8.023
39967.74	-8.024
39968.74	-8.023
39969.74	-8.023
39970.74	-8.022
39971.74	-8.022
39972.74	-8.02
39973.74	-8.021
39974.74	-8.022
39975.74	-8.021
39976.74	-8.024
39977.74	-8.02
39978.74	-8.023
39979.74	-8.021
39980.74	-8.022
39981.74	-8.023
39982.74	-8.022
39983.74	-8.022
39984.74	-8.021
39985.74	-8.022
39986.74	-8.021
39987.74	-8.022
39988.74	-8.022
39989.74	-8.022
39990.74	-8.022
39991.74	-8.022
39992.74	-8.023
39993.74	-8.021
39994.74	-8.023
39995.74	-8.023
39996.74	-8.02
39997.74	-8.025
39998.74	-8.021
39999.74	-8.022
40000.74	-8.022
40001.74	-8.021
40002.74	-8.022
40003.74	-8.021
40004.74	-8.021
40005.74	-8.023
40006.74	-8.024
40007.74	-8.021
40008.74	-8.023
40009.74	-8.023
40010.74	-8.021
40011.74	-8.022
40012.74	-8.021
40013.74	-8.023
40014.74	-8.02
40015.74	-8.021
40016.74	-8.023
40017.74	-8.022
40018.74	-8.022
40019.74	-8.023
40020.74	-8.023
40021.74	-8.025
40022.74	-8.022
40023.74	-8.023
40024.74	-8.022
40025.74	-8.021
40026.74	-8.02
40027.74	-8.023
40028.74	-8.019
40029.74	-8.022
40030.74	-8.02
40031.74	-8.021
40032.74	-8.025
40033.74	-8.02
40034.74	-8.021
40035.74	-8.022
40036.74	-8.022
40037.74	-8.025
40038.74	-8.019
40039.74	-8.022
40040.74	-8.022
40041.74	-8.019
40042.74	-8.02
40043.74	-8.022
40044.74	-8.022
40045.74	-8.022
40046.74	-8.019
40047.74	-8.023
40048.74	-8.019
40049.74	-8.02
40050.74	-8.023
40051.74	-8.019
40052.74	-8.021
40053.74	-8.018
40054.74	-8.021
40055.74	-8.025
40056.74	-8.024
40057.74	-8.021
40058.74	-8.021
40059.74	-8.022
40060.74	-8.023
40061.74	-8.024
40062.74	-8.021
40063.74	-8.021
40064.74	-8.023
40065.74	-8.021
40066.74	-8.019
40067.74	-8.023
40068.74	-8.023
40069.74	-8.019
40070.74	-8.02
40071.74	-8.023
40072.74	-8.021
40073.74	-8.02
40074.74	-8.024
40075.74	-8.023
40076.74	-8.02
40077.74	-8.021
40078.74	-8.02
40079.74	-8.019
40080.74	-8.022
40081.74	-8.021
40082.74	-8.022
40083.74	-8.019
40084.74	-8.02
40085.74	-8.026
40086.74	-8.02
40087.74	-8.019
40088.74	-8.02
40089.74	-8.021
40090.74	-8.019
40091.74	-8.021
40092.74	-8.022
40093.74	-8.023
40094.74	-8.023
40095.74	-8.02
40096.74	-8.021
40097.74	-8.024
40098.74	-8.023
40099.74	-8.02
40100.74	-8.02
40101.74	-8.022
40102.74	-8.02
40103.74	-8.019
40104.74	-8.022
40105.74	-8.023
40106.74	-8.021
40107.74	-8.021
40108.74	-8.019
40109.74	-8.023
40110.74	-8.023
40111.74	-8.02
40112.74	-8.023
40113.74	-8.023
40114.74	-8.023
40115.74	-8.022
40116.74	-8.02
40117.74	-8.021
40118.74	-8.022
40119.74	-8.021
40120.74	-8.02
40121.74	-8.025
40122.74	-8.021
40123.74	-8.021
40124.74	-8.021
40125.74	-8.021
40126.74	-8.023
40127.74	-8.02
40128.74	-8.024
40129.74	-8.024
40130.74	-8.021
40131.74	-8.026
40132.74	-8.024
40133.74	-8.023
40134.74	-8.021
40135.74	-8.022
40136.74	-8.022
40137.74	-8.023
40138.74	-8.025
40139.74	-8.026
40140.74	-8.021
40141.74	-8.022
40142.74	-8.022
40143.74	-8.022
40144.74	-8.02
40145.74	-8.021
40146.74	-8.021
40147.74	-8.02
40148.74	-8.02
40149.74	-8.023
40150.74	-8.022
40151.74	-8.021
40152.74	-8.021
40153.74	-8.021
40154.74	-8.024
40155.74	-8.024
40156.74	-8.02
40157.74	-8.022
40158.74	-8.023
40159.74	-8.024
40160.74	-8.021
40161.74	-8.021
40162.74	-8.022
40163.74	-8.022
40164.74	-8.024
40165.74	-8.022
40166.74	-8.021
40167.74	-8.02
40168.74	-8.018
40169.74	-8.02
40170.74	-8.021
40171.74	-8.025
40172.74	-8.021
40173.74	-8.021
40174.74	-8.022
40175.74	-8.023
40176.74	-8.021
40177.74	-8.023
40178.74	-8.02
40179.74	-8.022
40180.74	-8.023
40181.74	-8.023
40182.74	-8.023
40183.74	-8.022
40184.74	-8.026
40185.74	-8.02
40186.74	-8.023
40187.74	-8.024
40188.74	-8.024
40189.74	-8.025
40190.74	-8.024
40191.74	-8.023
40192.74	-8.025
40193.74	-8.022
40194.74	-8.023
40195.74	-8.024
40196.74	-8.022
40197.74	-8.024
40198.74	-8.023
40199.74	-8.021
40200.74	-8.023
40201.74	-8.022
40202.74	-8.023
40203.74	-8.021
40204.74	-8.022
40205.74	-8.022
40206.74	-8.021
40207.74	-8.023
40208.74	-8.022
40209.74	-8.022
40210.74	-8.022
40211.74	-8.024
40212.74	-8.022
40213.74	-8.024
40214.74	-8.023
40215.74	-8.023
40216.74	-8.022
40217.74	-8.021
40218.74	-8.02
40219.74	-8.019
40220.74	-8.021
40221.74	-8.022
40222.74	-8.022
40223.74	-8.023
40224.74	-8.021
40225.74	-8.025
40226.74	-8.023
40227.74	-8.023
40228.74	-8.021
40229.74	-8.024
40230.74	-8.025
40231.74	-8.023
40232.74	-8.021
40233.74	-8.022
40234.74	-8.024
40235.74	-8.022
40236.74	-8.027
40237.74	-8.021
40238.74	-8.022
40239.74	-8.023
40240.74	-8.022
40241.74	-8.022
40242.74	-8.023
40243.74	-8.023
40244.74	-8.021
40245.74	-8.023
40246.74	-8.022
40247.74	-8.023
40248.74	-8.024
40249.74	-8.024
40250.74	-8.022
40251.74	-8.024
40252.74	-8.024
40253.74	-8.022
40254.74	-8.022
40255.74	-8.022
40256.74	-8.02
40257.74	-8.023
40258.74	-8.025
40259.74	-8.022
40260.74	-8.018
40261.74	-8.026
40262.74	-8.02
40263.74	-8.024
40264.74	-8.027
40265.74	-8.022
40266.74	-8.023
40267.74	-8.024
40268.74	-8.022
40269.74	-8.023
40270.74	-8.023
40271.74	-8.023
40272.74	-8.023
40273.74	-8.019
40274.74	-8.021
40275.74	-8.022
40276.74	-8.022
40277.74	-8.022
40278.74	-8.022
40279.74	-8.021
40280.74	-8.022
40281.74	-8.025
40282.74	-8.023
40283.74	-8.022
40284.74	-8.024
40285.74	-8.021
40286.74	-8.024
40287.74	-8.026
40288.74	-8.022
40289.74	-8.018
40290.74	-8.024
40291.74	-8.024
40292.74	-8.022
40293.74	-8.022
40294.74	-8.024
40295.74	-8.022
40296.74	-8.023
40297.74	-8.024
40298.74	-8.02
40299.74	-8.023
40300.74	-8.026
40301.74	-8.026
40302.74	-8.025
40303.74	-8.022
40304.74	-8.022
40305.74	-8.024
40306.74	-8.021
40307.74	-8.021
40308.74	-8.021
40309.74	-8.02
40310.74	-8.021
40311.74	-8.021
40312.74	-8.021
40313.74	-8.023
40314.74	-8.024
40315.74	-8.023
40316.74	-8.024
40317.74	-8.022
40318.74	-8.022
40319.74	-8.024
40320.74	-8.024
40321.74	-8.021
40322.74	-8.021
40323.74	-8.021
40324.74	-8.026
40325.74	-8.022
40326.74	-8.023
40327.74	-8.02
40328.74	-8.022
40329.74	-8.021
40330.74	-8.024
40331.74	-8.021
40332.74	-8.022
40333.74	-8.018
40334.74	-8.02
40335.74	-8.021
40336.74	-8.019
40337.74	-8.02
40338.74	-8.022
40339.74	-8.023
40340.74	-8.023
40341.74	-8.021
40342.74	-8.021
40343.74	-8.021
40344.74	-8.018
40345.74	-8.022
40346.74	-8.021
40347.74	-8.022
40348.74	-8.022
40349.74	-8.02
40350.74	-8.023
40351.74	-8.023
40352.74	-8.022
40353.74	-8.022
40354.74	-8.022
40355.74	-8.02
40356.74	-8.024
40357.74	-8.026
40358.74	-8.022
40359.74	-8.024
40360.74	-8.023
40361.74	-8.02
40362.74	-8.022
40363.74	-8.026
40364.74	-8.022
40365.74	-8.023
40366.74	-8.021
40367.74	-8.021
40368.74	-8.023
40369.74	-8.021
40370.74	-8.02
40371.74	-8.02
40372.74	-8.02
40373.74	-8.023
40374.74	-8.02
40375.74	-8.023
40376.74	-8.022
40377.74	-8.022
40378.74	-8.02
40379.74	-8.023
40380.74	-8.027
40381.74	-8.02
40382.74	-8.023
40383.74	-8.021
40384.74	-8.022
40385.74	-8.02
40386.74	-8.025
40387.74	-8.023
40388.74	-8.019
40389.74	-8.022
40390.74	-8.024
40391.74	-8.022
40392.74	-8.024
40393.74	-8.022
40394.74	-8.022
40395.74	-8.025
40396.74	-8.027
40397.74	-8.022
40398.74	-8.021
40399.74	-8.022
40400.74	-8.022
40401.74	-8.022
40402.74	-8.024
40403.74	-8.022
40404.74	-8.018
40405.74	-8.023
40406.74	-8.024
40407.74	-8.021
40408.74	-8.023
40409.74	-8.021
40410.74	-8.024
40411.74	-8.019
40412.74	-8.02
40413.74	-8.023
40414.74	-8.024
40415.74	-8.023
40416.74	-8.019
40417.74	-8.024
40418.74	-8.023
40419.74	-8.022
40420.74	-8.021
40421.74	-8.024
40422.74	-8.021
40423.74	-8.023
40424.74	-8.02
40425.74	-8.021
40426.74	-8.022
40427.74	-8.023
40428.74	-8.023
40429.74	-8.021
40430.74	-8.024
40431.74	-8.021
40432.74	-8.023
40433.74	-8.021
40434.74	-8.023
40435.74	-8.022
40436.74	-8.025
40437.74	-8.023
40438.74	-8.022
40439.74	-8.023
40440.74	-8.024
40441.74	-8.024
40442.74	-8.022
40443.74	-8.021
40444.74	-8.023
40445.74	-8.021
40446.74	-8.02
40447.74	-8.024
40448.74	-8.019
40449.74	-8.024
40450.74	-8.022
40451.74	-8.023
40452.74	-8.022
40453.74	-8.022
40454.74	-8.023
40455.74	-8.022
40456.74	-8.022
40457.74	-8.021
40458.74	-8.022
40459.74	-8.021
40460.74	-8.022
40461.74	-8.023
40462.74	-8.025
40463.74	-8.024
40464.74	-8.022
40465.74	-8.019
40466.74	-8.024
40467.74	-8.024
40468.74	-8.025
40469.74	-8.023
40470.74	-8.022
40471.74	-8.024
40472.74	-8.025
40473.74	-8.022
40474.74	-8.023
40475.74	-8.022
40476.74	-8.023
40477.74	-8.022
40478.74	-8.024
40479.74	-8.022
40480.74	-8.022
40481.74	-8.025
40482.74	-8.024
40483.74	-8.024
40484.74	-8.022
40485.74	-8.024
40486.74	-8.021
40487.74	-8.025
40488.74	-8.022
40489.74	-8.023
40490.74	-8.022
40491.74	-8.022
40492.74	-8.023
40493.74	-8.024
40494.74	-8.024
40495.74	-8.026
40496.74	-8.023
40497.74	-8.023
40498.74	-8.025
40499.74	-8.023
40500.74	-8.025
40501.74	-8.021
40502.74	-8.022
40503.74	-8.023
40504.74	-8.026
40505.74	-8.025
40506.74	-8.022
40507.74	-8.022
40508.74	-8.022
40509.74	-8.022
40510.74	-8.022
40511.74	-8.022
40512.74	-8.021
40513.74	-8.022
40514.74	-8.024
40515.74	-8.022
40516.74	-8.023
40517.74	-8.026
40518.74	-8.023
40519.74	-8.022
40520.74	-8.021
40521.74	-8.022
40522.74	-8.025
40523.74	-8.022
40524.74	-8.023
40525.74	-8.026
40526.74	-8.023
40527.74	-8.024
40528.74	-8.022
40529.74	-8.023
40530.74	-8.024
40531.74	-8.02
40532.74	-8.021
40533.74	-8.019
40534.74	-8.023
40535.74	-8.022
40536.74	-8.023
40537.74	-8.024
40538.74	-8.023
40539.74	-8.022
40540.74	-8.021
40541.74	-8.022
40542.74	-8.022
40543.74	-8.026
40544.74	-8.022
40545.74	-8.024
40546.74	-8.025
40547.74	-8.021
40548.74	-8.022
40549.74	-8.022
40550.74	-8.024
40551.74	-8.025
40552.74	-8.022
40553.74	-8.022
40554.74	-8.023
40555.74	-8.022
40556.74	-8.021
40557.74	-8.02
40558.74	-8.021
40559.74	-8.024
40560.74	-8.023
40561.74	-8.024
40562.74	-8.023
40563.74	-8.022
40564.74	-8.023
40565.74	-8.024
40566.74	-8.024
40567.74	-8.022
40568.74	-8.024
40569.74	-8.024
40570.74	-8.023
40571.74	-8.023
40572.74	-8.021
40573.74	-8.023
40574.74	-8.02
40575.74	-8.023
40576.74	-8.023
40577.74	-8.024
40578.74	-8.024
40579.74	-8.025
40580.74	-8.024
40581.74	-8.021
40582.74	-8.022
40583.74	-8.022
40584.74	-8.022
40585.74	-8.026
40586.74	-8.022
40587.74	-8.021
40588.74	-8.02
40589.74	-8.02
40590.74	-8.022
40591.74	-8.022
40592.74	-8.023
40593.74	-8.021
40594.74	-8.022
40595.74	-8.021
40596.74	-8.024
40597.74	-8.023
40598.74	-8.021
40599.74	-8.022
40600.74	-8.023
40601.74	-8.024
40602.74	-8.022
40603.74	-8.023
40604.74	-8.022
40605.74	-8.024
40606.74	-8.023
40607.74	-8.021
40608.74	-8.022
40609.74	-8.027
40610.74	-8.023
40611.74	-8.023
40612.74	-8.02
40613.74	-8.019
40614.74	-8.019
40615.74	-8.021
40616.74	-8.02
40617.74	-8.023
40618.74	-8.022
40619.74	-8.023
40620.74	-8.021
40621.74	-8.023
40622.74	-8.025
40623.74	-8.022
40624.74	-8.018
40625.74	-8.023
40626.74	-8.024
40627.74	-8.021
40628.74	-8.02
40629.74	-8.024
40630.74	-8.018
40631.74	-8.021
40632.74	-8.022
40633.74	-8.022
40634.74	-8.023
40635.74	-8.023
40636.74	-8.024
40637.74	-8.023
40638.74	-8.022
40639.74	-8.022
40640.74	-8.022
40641.74	-8.023
40642.74	-8.023
40643.74	-8.02
40644.74	-8.021
40645.74	-8.025
40646.74	-8.021
40647.74	-8.02
40648.74	-8.023
40649.74	-8.023
40650.74	-8.022
40651.74	-8.021
40652.74	-8.02
40653.74	-8.022
40654.74	-8.022
40655.74	-8.023
40656.74	-8.022
40657.74	-8.023
40658.74	-8.023
40659.74	-8.021
40660.74	-8.025
40661.74	-8.024
40662.74	-8.021
40663.74	-8.019
40664.74	-8.023
40665.74	-8.019
40666.74	-8.023
40667.74	-8.023
40668.74	-8.021
40669.74	-8.022
40670.74	-8.026
40671.74	-8.019
40672.74	-8.023
40673.74	-8.022
40674.74	-8.024
40675.74	-8.026
40676.74	-8.024
40677.74	-8.023
40678.74	-8.024
40679.74	-8.022
40680.74	-8.024
40681.74	-8.019
40682.74	-8.021
40683.74	-8.023
40684.74	-8.022
40685.74	-8.027
40686.74	-8.021
40687.74	-8.019
40688.74	-8.023
40689.74	-8.022
40690.74	-8.022
40691.74	-8.023
40692.74	-8.023
40693.74	-8.024
40694.74	-8.023
40695.74	-8.023
40696.74	-8.02
40697.74	-8.027
40698.74	-8.021
40699.74	-8.022
40700.74	-8.021
40701.74	-8.024
40702.74	-8.02
40703.74	-8.025
40704.74	-8.024
40705.74	-8.021
40706.74	-8.024
40707.74	-8.023
40708.74	-8.024
40709.74	-8.024
40710.74	-8.025
40711.74	-8.027
40712.74	-8.023
40713.74	-8.023
40714.74	-8.023
40715.74	-8.023
40716.74	-8.023
40717.74	-8.023
40718.74	-8.024
40719.74	-8.025
40720.74	-8.022
40721.74	-8.023
40722.74	-8.024
40723.74	-8.021
40724.74	-8.022
40725.74	-8.021
40726.74	-8.021
40727.74	-8.024
40728.74	-8.02
40729.74	-8.023
40730.74	-8.024
40731.74	-8.024
40732.74	-8.024
40733.74	-8.023
40734.74	-8.019
40735.74	-8.024
40736.74	-8.023
40737.74	-8.024
40738.74	-8.022
40739.74	-8.025
40740.74	-8.025
40741.74	-8.021
40742.74	-8.026
40743.74	-8.021
40744.74	-8.021
40745.74	-8.024
40746.74	-8.026
40747.74	-8.022
40748.74	-8.022
40749.74	-8.021
40750.74	-8.022
40751.74	-8.021
40752.74	-8.022
40753.74	-8.023
40754.74	-8.025
40755.74	-8.023
40756.74	-8.023
40757.74	-8.021
40758.74	-8.021
40759.74	-8.019
40760.74	-8.021
40761.74	-8.025
40762.74	-8.025
40763.74	-8.025
40764.74	-8.023
40765.74	-8.024
40766.74	-8.024
40767.74	-8.026
40768.74	-8.021
40769.74	-8.021
40770.74	-8.022
40771.74	-8.021
40772.74	-8.025
40773.74	-8.025
40774.74	-8.021
40775.74	-8.022
40776.74	-8.022
40777.74	-8.021
40778.74	-8.02
40779.74	-8.024
40780.74	-8.023
40781.74	-8.02
40782.74	-8.024
40783.74	-8.024
40784.74	-8.018
40785.74	-8.024
40786.74	-8.023
40787.74	-8.022
40788.74	-8.019
40789.74	-8.023
40790.74	-8.024
40791.74	-8.02
40792.74	-8.024
40793.74	-8.023
40794.74	-8.026
40795.74	-8.027
40796.74	-8.024
40797.74	-8.024
40798.74	-8.021
40799.74	-8.023
40800.74	-8.023
40801.74	-8.021
40802.74	-8.024
40803.74	-8.025
40804.74	-8.022
40805.74	-8.022
40806.74	-8.025
40807.74	-8.028
40808.74	-8.022
40809.74	-8.018
40810.74	-8.024
40811.74	-8.022
40812.74	-8.024
40813.74	-8.023
40814.74	-8.022
40815.74	-8.025
40816.74	-8.021
40817.74	-8.02
40818.74	-8.025
40819.74	-8.019
40820.74	-8.024
40821.74	-8.025
40822.74	-8.022
40823.74	-8.021
40824.74	-8.023
40825.74	-8.023
40826.74	-8.026
40827.74	-8.02
40828.74	-8.026
40829.74	-8.023
40830.74	-8.023
40831.74	-8.022
40832.74	-8.02
40833.74	-8.023
40834.74	-8.021
40835.74	-8.022
40836.74	-8.024
40837.74	-8.022
40838.74	-8.025
40839.74	-8.024
40840.74	-8.024
40841.74	-8.021
40842.74	-8.021
40843.74	-8.023
40844.74	-8.024
40845.74	-8.022
40846.74	-8.023
40847.74	-8.023
40848.74	-8.029
40849.74	-8.021
40850.74	-8.024
40851.74	-8.023
40852.74	-8.022
40853.74	-8.023
40854.74	-8.027
40855.74	-8.023
40856.74	-8.023
40857.74	-8.023
40858.74	-8.023
40859.74	-8.024
40860.74	-8.021
40861.74	-8.025
40862.74	-8.024
40863.74	-8.024
40864.74	-8.024
40865.74	-8.024
40866.74	-8.026
40867.74	-8.021
40868.74	-8.024
40869.74	-8.021
40870.74	-8.021
40871.74	-8.023
40872.74	-8.023
40873.74	-8.024
40874.74	-8.021
40875.74	-8.021
40876.74	-8.021
40877.74	-8.02
40878.74	-8.023
40879.74	-8.024
40880.74	-8.026
40881.74	-8.022
40882.74	-8.022
40883.74	-8.025
40884.74	-8.023
40885.74	-8.022
40886.74	-8.02
40887.74	-8.022
40888.74	-8.021
40889.74	-8.026
40890.74	-8.025
40891.74	-8.022
40892.74	-8.023
40893.74	-8.023
40894.74	-8.024
40895.74	-8.024
40896.74	-8.024
40897.74	-8.022
40898.74	-8.023
40899.74	-8.025
40900.74	-8.02
40901.74	-8.024
40902.74	-8.023
40903.74	-8.023
40904.74	-8.023
40905.74	-8.024
40906.74	-8.022
40907.74	-8.023
40908.74	-8.023
40909.74	-8.024
40910.74	-8.025
40911.74	-8.023
40912.74	-8.023
40913.74	-8.023
40914.74	-8.027
40915.74	-8.023
40916.74	-8.021
40917.74	-8.022
40918.74	-8.023
40919.74	-8.024
40920.74	-8.021
40921.74	-8.023
40922.74	-8.022
40923.74	-8.024
40924.74	-8.023
40925.74	-8.024
40926.74	-8.023
40927.74	-8.023
40928.74	-8.023
40929.74	-8.024
40930.74	-8.023
40931.74	-8.021
40932.74	-8.024
40933.74	-8.022
40934.74	-8.021
40935.74	-8.022
40936.74	-8.02
40937.74	-8.022
40938.74	-8.02
40939.74	-8.022
40940.74	-8.019
40941.74	-8.025
40942.74	-8.024
40943.74	-8.025
40944.74	-8.024
40945.74	-8.022
40946.74	-8.023
40947.74	-8.023
40948.74	-8.022
40949.74	-8.022
40950.74	-8.019
40951.74	-8.021
40952.74	-8.02
40953.74	-8.018
40954.74	-8.022
40955.74	-8.021
40956.74	-8.021
40957.74	-8.025
40958.74	-8.022
40959.74	-8.023
40960.74	-8.022
40961.74	-8.02
40962.74	-8.022
40963.74	-8.022
40964.74	-8.024
40965.74	-8.024
40966.74	-8.022
40967.74	-8.021
40968.74	-8.02
40969.74	-8.021
40970.74	-8.02
40971.74	-8.02
40972.74	-8.019
40973.74	-8.022
40974.74	-8.023
40975.74	-8.023
40976.74	-8.022
40977.74	-8.025
40978.74	-8.021
40979.74	-8.025
40980.74	-8.023
40981.74	-8.024
40982.74	-8.023
40983.74	-8.026
40984.74	-8.022
40985.74	-8.021
40986.74	-8.024
40987.74	-8.024
40988.74	-8.022
40989.74	-8.026
40990.74	-8.021
40991.74	-8.021
40992.74	-8.02
40993.74	-8.024
40994.74	-8.019
40995.74	-8.024
40996.74	-8.02
40997.74	-8.02
40998.74	-8.024
40999.74	-8.02
41000.74	-8.022
41001.74	-8.021
41002.74	-8.022
41003.74	-8.021
41004.74	-8.027
41005.74	-8.022
41006.74	-8.02
41007.74	-8.022
41008.74	-8.021
41009.74	-8.024
41010.74	-8.022
41011.74	-8.024
41012.74	-8.023
41013.74	-8.021
41014.74	-8.022
41015.74	-8.022
41016.74	-8.022
41017.74	-8.023
41018.74	-8.02
41019.74	-8.023
41020.74	-8.02
41021.74	-8.024
41022.74	-8.025
41023.74	-8.022
41024.74	-8.024
41025.74	-8.022
41026.74	-8.023
41027.74	-8.022
41028.74	-8.021
41029.74	-8.02
41030.74	-8.025
41031.74	-8.023
41032.74	-8.022
41033.74	-8.022
41034.74	-8.024
41035.74	-8.024
41036.74	-8.025
41037.74	-8.02
41038.74	-8.021
41039.74	-8.021
41040.74	-8.021
41041.74	-8.024
41042.74	-8.025
41043.74	-8.022
41044.74	-8.023
41045.74	-8.021
41046.74	-8.021
41047.74	-8.024
41048.74	-8.023
41049.74	-8.02
41050.74	-8.021
41051.74	-8.02
41052.74	-8.024
41053.74	-8.024
41054.74	-8.021
41055.74	-8.021
41056.74	-8.022
41057.74	-8.023
41058.74	-8.022
41059.74	-8.022
41060.74	-8.022
41061.74	-8.024
41062.74	-8.021
41063.74	-8.023
41064.74	-8.024
41065.74	-8.022
41066.74	-8.022
41067.74	-8.023
41068.74	-8.022
41069.74	-8.021
41070.74	-8.022
41071.74	-8.022
41072.74	-8.023
41073.74	-8.023
41074.74	-8.023
41075.74	-8.022
41076.74	-8.023
41077.74	-8.023
41078.74	-8.023
41079.74	-8.022
41080.74	-8.025
41081.74	-8.023
41082.74	-8.019
41083.74	-8.025
41084.74	-8.023
41085.74	-8.023
41086.74	-8.021
41087.74	-8.024
41088.74	-8.022
41089.74	-8.026
41090.74	-8.024
41091.74	-8.023
41092.74	-8.024
41093.74	-8.021
41094.74	-8.023
41095.74	-8.023
41096.74	-8.022
41097.74	-8.02
41098.74	-8.022
41099.74	-8.022
41100.74	-8.021
41101.74	-8.02
41102.74	-8.023
41103.74	-8.024
41104.74	-8.022
41105.74	-8.023
41106.74	-8.021
41107.74	-8.023
41108.74	-8.025
41109.74	-8.026
41110.74	-8.026
41111.74	-8.02
41112.74	-8.021
41113.74	-8.022
41114.74	-8.023
41115.74	-8.021
41116.74	-8.023
41117.74	-8.025
41118.74	-8.023
41119.74	-8.023
41120.74	-8.025
41121.74	-8.021
41122.74	-8.021
41123.74	-8.021
41124.74	-8.022
41125.74	-8.023
41126.74	-8.02
41127.74	-8.022
41128.74	-8.023
41129.74	-8.022
41130.74	-8.025
41131.74	-8.026
41132.74	-8.022
41133.74	-8.023
41134.74	-8.023
41135.74	-8.023
41136.74	-8.022
41137.74	-8.021
41138.74	-8.02
41139.74	-8.023
41140.74	-8.018
41141.74	-8.021
41142.74	-8.022
41143.74	-8.019
41144.74	-8.02
41145.74	-8.023
41146.74	-8.024
41147.74	-8.022
41148.74	-8.021
41149.74	-8.022
41150.74	-8.023
41151.74	-8.021
41152.74	-8.02
41153.74	-8.019
41154.74	-8.023
41155.74	-8.021
41156.74	-8.019
41157.74	-8.022
41158.74	-8.021
41159.74	-8.024
41160.74	-8.023
41161.74	-8.024
41162.74	-8.023
41163.74	-8.023
41164.74	-8.021
41165.74	-8.022
41166.74	-8.023
41167.74	-8.024
41168.74	-8.023
41169.74	-8.024
41170.74	-8.022
41171.74	-8.022
41172.74	-8.021
41173.74	-8.023
41174.74	-8.021
41175.74	-8.02
41176.74	-8.021
41177.74	-8.02
41178.74	-8.024
41179.74	-8.023
41180.74	-8.02
41181.74	-8.021
41182.74	-8.023
41183.74	-8.019
41184.74	-8.023
41185.74	-8.025
41186.74	-8.022
41187.74	-8.024
41188.74	-8.021
41189.74	-8.02
41190.74	-8.022
41191.74	-8.024
41192.74	-8.024
41193.74	-8.022
41194.74	-8.023
41195.74	-8.021
41196.74	-8.022
41197.74	-8.023
41198.74	-8.022
41199.74	-8.022
41200.74	-8.025
41201.74	-8.024
41202.74	-8.022
41203.74	-8.022
41204.74	-8.024
41205.74	-8.024
41206.74	-8.024
41207.74	-8.023
41208.74	-8.023
41209.74	-8.023
41210.74	-8.023
41211.74	-8.023
41212.74	-8.02
41213.74	-8.025
41214.74	-8.023
41215.74	-8.02
41216.74	-8.022
41217.74	-8.023
41218.74	-8.023
41219.74	-8.023
41220.74	-8.023
41221.74	-8.024
41222.74	-8.022
41223.74	-8.023
41224.74	-8.023
41225.74	-8.024
41226.74	-8.026
41227.74	-8.025
41228.74	-8.024
41229.74	-8.024
41230.74	-8.022
41231.74	-8.022
41232.74	-8.02
41233.74	-8.024
41234.74	-8.024
41235.74	-8.023
41236.74	-8.022
41237.74	-8.024
41238.74	-8.024
41239.74	-8.022
41240.74	-8.024
41241.74	-8.023
41242.74	-8.024
41243.74	-8.02
41244.74	-8.023
41245.74	-8.022
41246.74	-8.023
41247.74	-8.023
41248.74	-8.027
41249.74	-8.024
41250.74	-8.023
41251.74	-8.024
41252.74	-8.024
41253.74	-8.024
41254.74	-8.021
41255.74	-8.023
41256.74	-8.021
41257.74	-8.022
41258.74	-8.023
41259.74	-8.024
41260.74	-8.024
41261.74	-8.023
41262.74	-8.022
41263.74	-8.024
41264.74	-8.024
41265.74	-8.021
41266.74	-8.021
41267.74	-8.022
41268.74	-8.024
41269.74	-8.026
41270.74	-8.023
41271.74	-8.023
41272.74	-8.026
41273.74	-8.024
41274.74	-8.022
41275.74	-8.024
41276.74	-8.022
41277.74	-8.023
41278.74	-8.023
41279.74	-8.023
41280.74	-8.025
41281.74	-8.023
41282.74	-8.024
41283.74	-8.022
41284.74	-8.023
41285.74	-8.024
41286.74	-8.023
41287.74	-8.023
41288.74	-8.021
41289.74	-8.021
41290.74	-8.023
41291.74	-8.024
41292.74	-8.021
41293.74	-8.022
41294.74	-8.021
41295.74	-8.024
41296.74	-8.022
41297.74	-8.022
41298.74	-8.023
41299.74	-8.024
41300.74	-8.02
41301.74	-8.023
41302.74	-8.021
41303.74	-8.021
41304.74	-8.023
41305.74	-8.023
41306.74	-8.024
41307.74	-8.023
41308.74	-8.024
41309.74	-8.022
41310.74	-8.023
41311.74	-8.023
41312.74	-8.024
41313.74	-8.023
41314.74	-8.023
41315.74	-8.023
41316.74	-8.023
41317.74	-8.024
41318.74	-8.022
41319.74	-8.021
41320.74	-8.025
41321.74	-8.022
41322.74	-8.022
41323.74	-8.024
41324.74	-8.022
41325.74	-8.021
41326.74	-8.021
41327.74	-8.021
41328.74	-8.023
41329.74	-8.022
41330.74	-8.023
41331.74	-8.022
41332.74	-8.021
41333.74	-8.022
41334.74	-8.024
41335.74	-8.022
41336.74	-8.022
41337.74	-8.021
41338.74	-8.023
41339.74	-8.02
41340.74	-8.021
41341.74	-8.023
41342.74	-8.022
41343.74	-8.025
41344.74	-8.019
41345.74	-8.02
41346.74	-8.021
41347.74	-8.021
41348.74	-8.019
41349.74	-8.024
41350.74	-8.02
41351.74	-8.023
41352.74	-8.022
41353.74	-8.02
41354.74	-8.021
41355.74	-8.024
41356.74	-8.015
41357.74	-8.016
41358.74	-8.016
41359.74	-8.017
41360.74	-8.017
41361.74	-8.016
41362.74	-8.018
41363.74	-8.016
41364.74	-8.011
41365.74	-8.017
41366.74	-8.018
41367.74	-8.016
41368.74	-8.017
41369.74	-8.017
41370.74	-8.01
41371.74	-8.016
41372.74	-8.016
41373.74	-8.016
41374.74	-8.016
41375.74	-8.014
41376.74	-8.02
41377.74	-8.015
41378.74	-8.011
41379.74	-8.01
41380.74	-8.017
41381.74	-8.016
41382.74	-8.016
41383.74	-8.015
41384.74	-8.013
41385.74	-8.019
41386.74	-8.016
41387.74	-8.018
41388.74	-8.017
41389.74	-8.018
41390.74	-8.014
41391.74	-8.009
41392.74	-8.016
41393.74	-8.013
41394.74	-8.016
41395.74	-8.016
41396.74	-8.014
41397.74	-8.015
41398.74	-8.016
41399.74	-8.017
41400.74	-8.017
41401.74	-8.018
41402.74	-8.012
41403.74	-8.012
41404.74	-8.016
41405.74	-8.017
41406.74	-8.017
41407.74	-8.016
41408.74	-8.016
41409.74	-8.015
41410.74	-8.018
41411.74	-8.018
41412.74	-8.009
41413.74	-8.015
41414.74	-8.014
41415.74	-8.017
41416.74	-8.014
41417.74	-8.018
41418.74	-8.018
41419.74	-8.011
41420.74	-8.012
41421.74	-8.011
41422.74	-8.017
41423.74	-8.013
41424.74	-8.017
41425.74	-8.009
41426.74	-8.018
41427.74	-8.013
41428.74	-8.018
41429.74	-8.013
41430.74	-8.012
41431.74	-8.018
41432.74	-8.016
41433.74	-8.015
41434.74	-8.017
41435.74	-8.015
41436.74	-8.013
41437.74	-8.018
41438.74	-8.013
41439.74	-8.012
41440.74	-8.016
41441.74	-8.015
41442.74	-8.015
41443.74	-8.017
41444.74	-8.014
41445.74	-8.016
41446.74	-8.015
41447.74	-8.017
41448.74	-8.011
41449.74	-8.017
41450.74	-8.01
41451.74	-8.016
41452.74	-8.012
41453.74	-8.015
41454.74	-8.017
41455.74	-8.018
41456.74	-8.017
41457.74	-8.017
41458.74	-8.017
41459.74	-8.016
41460.74	-8.016
41461.74	-8.016
41462.74	-8.012
41463.74	-8.014
41464.74	-8.017
41465.74	-8.015
41466.74	-8.018
41467.74	-8.019
41468.74	-8.014
41469.74	-8.017
41470.74	-8.017
41471.74	-8.018
41472.74	-8.016
41473.74	-8.011
41474.74	-8.016
41475.74	-8.016
41476.74	-8.016
41477.74	-8.009
41478.74	-8.018
41479.74	-8.016
41480.74	-8.01
41481.74	-8.019
41482.74	-8.016
41483.74	-8.017
41484.74	-8.018
41485.74	-8.017
41486.74	-8.016
41487.74	-8.015
41488.74	-8.014
41489.74	-8.017
41490.74	-8.017
41491.74	-8.018
41492.74	-8.016
41493.74	-8.018
41494.74	-8.018
41495.74	-8.016
41496.74	-8.011
41497.74	-8.016
41498.74	-8.018
41499.74	-8.02
41500.74	-8.017
41501.74	-8.014
41502.74	-8.012
41503.74	-8.015
41504.74	-8.016
41505.74	-8.016
41506.74	-8.019
41507.74	-8.016
41508.74	-8.011
41509.74	-8.018
41510.74	-8.016
41511.74	-8.014
41512.74	-8.018
41513.74	-8.015
41514.74	-8.012
41515.74	-8.016
41516.74	-8.014
41517.74	-8.018
41518.74	-8.016
41519.74	-8.011
41520.74	-8.017
41521.74	-8.014
41522.74	-8.016
41523.74	-8.017
41524.74	-8.018
41525.74	-8.013
41526.74	-8.02
41527.74	-8.016
41528.74	-8.016
41529.74	-8.016
41530.74	-8.017
41531.74	-8.016
41532.74	-8.015
41533.74	-8.017
41534.74	-8.013
41535.74	-8.017
41536.74	-8.017
41537.74	-8.019
41538.74	-8.013
41539.74	-8.017
41540.74	-8.018
41541.74	-8.012
41542.74	-8.016
41543.74	-8.017
41544.74	-8.01
41545.74	-8.017
41546.74	-8.015
41547.74	-8.018
41548.74	-8.015
41549.74	-8.019
41550.74	-8.012
41551.74	-8.015
41552.74	-8.018
41553.74	-8.016
41554.74	-8.01
41555.74	-8.016
41556.74	-8.018
41557.74	-8.014
41558.74	-8.017
41559.74	-8.018
41560.74	-8.017
41561.74	-8.017
41562.74	-8.018
41563.74	-8.018
41564.74	-8.02
41565.74	-8.014
41566.74	-8.016
41567.74	-8.017
41568.74	-8.016
41569.74	-8.014
41570.74	-8.015
41571.74	-8.015
41572.74	-8.018
41573.74	-8.018
41574.74	-8.018
41575.74	-8.018
41576.74	-8.015
41577.74	-8.015
41578.74	-8.018
41579.74	-8.015
41580.74	-8.018
41581.74	-8.016
41582.74	-8.014
41583.74	-8.016
41584.74	-8.014
41585.74	-8.011
41586.74	-8.017
41587.74	-8.017
41588.74	-8.017
41589.74	-8.016
41590.74	-8.015
41591.74	-8.016
41592.74	-8.012
41593.74	-8.017
41594.74	-8.019
41595.74	-8.017
41596.74	-8.017
41597.74	-8.018
41598.74	-8.014
41599.74	-8.017
41600.74	-8.018
41601.74	-8.017
41602.74	-8.012
41603.74	-8.016
41604.74	-8.01
41605.74	-8.017
41606.74	-8.018
41607.74	-8.018
41608.74	-8.014
41609.74	-8.011
41610.74	-8.019
41611.74	-8.017
41612.74	-8.012
41613.74	-8.016
41614.74	-8.017
41615.74	-8.017
41616.74	-8.016
41617.74	-8.012
41618.74	-8.017
41619.74	-8.015
41620.74	-8.018
41621.74	-8.015
41622.74	-8.016
41623.74	-8.017
41624.74	-8.016
41625.74	-8.012
41626.74	-8.019
41627.74	-8.017
41628.74	-8.009
41629.74	-8.016
41630.74	-8.01
41631.74	-8.015
41632.74	-8.016
41633.74	-8.014
41634.74	-8.018
41635.74	-8.016
41636.74	-8.017
41637.74	-8.018
41638.74	-8.019
41639.74	-8.019
41640.74	-8.018
41641.74	-8.018
41642.74	-8.014
41643.74	-8.012
41644.74	-8.014
41645.74	-8.018
41646.74	-8.019
41647.74	-8.015
41648.74	-8.017
41649.74	-8.016
41650.74	-8.013
41651.74	-8.016
41652.74	-8.016
41653.74	-8.016
41654.74	-8.018
41655.74	-8.013
41656.74	-8.016
41657.74	-8.02
41658.74	-8.021
41659.74	-8.024
41660.74	-8.023
41661.74	-8.022
41662.74	-8.021
41663.74	-8.022
41664.74	-8.023
41665.74	-8.023
41666.74	-8.022
41667.74	-8.023
41668.74	-8.023
41669.74	-8.025
41670.74	-8.022
41671.74	-8.025
41672.74	-8.023
41673.74	-8.023
41674.74	-8.022
41675.74	-8.02
41676.74	-8.022
41677.74	-8.024
41678.74	-8.021
41679.74	-8.021
41680.74	-8.02
41681.74	-8.02
41682.74	-8.022
41683.74	-8.022
41684.74	-8.026
41685.74	-8.024
41686.74	-8.023
41687.74	-8.023
41688.74	-8.02
41689.74	-8.022
41690.74	-8.023
41691.74	-8.023
41692.74	-8.022
41693.74	-8.022
41694.74	-8.022
41695.74	-8.024
41696.74	-8.023
41697.74	-8.024
41698.74	-8.024
41699.74	-8.022
41700.74	-8.023
41701.74	-8.022
41702.74	-8.023
41703.74	-8.023
41704.74	-8.023
41705.74	-8.021
41706.74	-8.022
41707.74	-8.023
41708.74	-8.022
41709.74	-8.023
41710.74	-8.021
41711.74	-8.022
41712.74	-8.025
41713.74	-8.023
41714.74	-8.023
41715.74	-8.022
41716.74	-8.022
41717.74	-8.022
41718.74	-8.019
41719.74	-8.02
41720.74	-8.022
41721.74	-8.02
41722.74	-8.024
41723.74	-8.024
41724.74	-8.021
41725.74	-8.023
41726.74	-8.024
41727.74	-8.021
41728.74	-8.022
41729.74	-8.023
41730.74	-8.023
41731.74	-8.023
41732.74	-8.023
41733.74	-8.021
41734.74	-8.024
41735.74	-8.023
41736.74	-8.02
41737.74	-8.022
41738.74	-8.021
41739.74	-8.022
41740.74	-8.021
41741.74	-8.021
41742.74	-8.021
41743.74	-8.022
41744.74	-8.022
41745.74	-8.024
41746.74	-8.023
41747.74	-8.022
41748.74	-8.022
41749.74	-8.023
41750.74	-8.022
41751.74	-8.022
41752.74	-8.021
41753.74	-8.023
41754.74	-8.022
41755.74	-8.023
41756.74	-8.023
41757.74	-8.022
41758.74	-8.019
41759.74	-8.022
41760.74	-8.021
41761.74	-8.022
41762.74	-8.022
41763.74	-8.024
41764.74	-8.022
41765.74	-8.022
41766.74	-8.021
41767.74	-8.022
41768.74	-8.022
41769.74	-8.021
41770.74	-8.021
41771.74	-8.022
41772.74	-8.021
41773.74	-8.019
41774.74	-8.021
41775.74	-8.022
41776.74	-8.02
41777.74	-8.023
41778.74	-8.022
41779.74	-8.02
41780.74	-8.02
41781.74	-8.022
41782.74	-8.022
41783.74	-8.02
41784.74	-8.022
41785.74	-8.023
41786.74	-8.022
41787.74	-8.023
41788.74	-8.022
41789.74	-8.022
41790.74	-8.02
41791.74	-8.021
41792.74	-8.02
41793.74	-8.021
41794.74	-8.023
41795.74	-8.023
41796.74	-8.022
41797.74	-8.023
41798.74	-8.022
41799.74	-8.023
41800.74	-8.025
41801.74	-8.02
41802.74	-8.025
41803.74	-8.02
41804.74	-8.023
41805.74	-8.02
41806.74	-8.021
41807.74	-8.022
41808.74	-8.022
41809.74	-8.022
41810.74	-8.023
41811.74	-8.022
41812.74	-8.022
41813.74	-8.02
41814.74	-8.02
41815.74	-8.021
41816.74	-8.023
41817.74	-8.023
41818.74	-8.02
41819.74	-8.025
41820.74	-8.021
41821.74	-8.022
41822.74	-8.022
41823.74	-8.025
41824.74	-8.023
41825.74	-8.021
41826.74	-8.025
41827.74	-8.023
41828.74	-8.023
41829.74	-8.024
41830.74	-8.023
41831.74	-8.021
41832.74	-8.019
41833.74	-8.022
41834.74	-8.023
41835.74	-8.022
41836.74	-8.022
41837.74	-8.022
41838.74	-8.022
41839.74	-8.022
41840.74	-8.023
41841.74	-8.02
41842.74	-8.021
41843.74	-8.022
41844.74	-8.021
41845.74	-8.022
41846.74	-8.019
41847.74	-8.023
41848.74	-8.021
41849.74	-8.021
41850.74	-8.022
41851.74	-8.022
41852.74	-8.023
41853.74	-8.023
41854.74	-8.025
41855.74	-8.023
41856.74	-8.021
41857.74	-8.022
41858.74	-8.021
41859.74	-8.022
41860.74	-8.022
41861.74	-8.023
41862.74	-8.023
41863.74	-8.023
41864.74	-8.025
41865.74	-8.023
41866.74	-8.022
41867.74	-8.021
41868.74	-8.02
41869.74	-8.021
41870.74	-8.023
41871.74	-8.024
41872.74	-8.022
41873.74	-8.023
41874.74	-8.021
41875.74	-8.023
41876.74	-8.022
41877.74	-8.023
41878.74	-8.02
41879.74	-8.023
41880.74	-8.022
41881.74	-8.022
41882.74	-8.022
41883.74	-8.023
41884.74	-8.021
41885.74	-8.021
41886.74	-8.022
41887.74	-8.021
41888.74	-8.02
41889.74	-8.022
41890.74	-8.024
41891.74	-8.021
41892.74	-8.021
41893.74	-8.02
41894.74	-8.022
41895.74	-8.021
41896.74	-8.021
41897.74	-8.023
41898.74	-8.023
41899.74	-8.023
41900.74	-8.022
41901.74	-8.021
41902.74	-8.02
41903.74	-8.023
41904.74	-8.021
41905.74	-8.024
41906.74	-8.02
41907.74	-8.02
41908.74	-8.022
41909.74	-8.022
41910.74	-8.02
41911.74	-8.021
41912.74	-8.022
41913.74	-8.019
41914.74	-8.02
41915.74	-8.021
41916.74	-8.021
41917.74	-8.02
41918.74	-8.021
41919.74	-8.023
41920.74	-8.022
41921.74	-8.021
41922.74	-8.023
41923.74	-8.022
41924.74	-8.021
41925.74	-8.023
41926.74	-8.022
41927.74	-8.02
41928.74	-8.022
41929.74	-8.021
41930.74	-8.024
41931.74	-8.021
41932.74	-8.023
41933.74	-8.022
41934.74	-8.023
41935.74	-8.02
41936.74	-8.022
41937.74	-8.018
41938.74	-8.022
41939.74	-8.022
41940.74	-8.021
41941.74	-8.023
41942.74	-8.022
41943.74	-8.021
41944.74	-8.019
41945.74	-8.023
41946.74	-8.023
41947.74	-8.024
41948.74	-8.022
41949.74	-8.022
41950.74	-8.022
41951.74	-8.021
41952.74	-8.022
41953.74	-8.019
41954.74	-8.022
41955.74	-8.022
41956.74	-8.022
41957.74	-8.024
41958.74	-8.021
41959.74	-8.023
41960.74	-8.022
41961.74	-8.024
41962.74	-8.023
41963.74	-8.022
41964.74	-8.025
41965.74	-8.02
41966.74	-8.021
41967.74	-8.02
41968.74	-8.02
41969.74	-8.024
41970.74	-8.023
41971.74	-8.022
41972.74	-8.021
41973.74	-8.02
41974.74	-8.022
41975.74	-8.023
41976.74	-8.022
41977.74	-8.023
41978.74	-8.023
41979.74	-8.02
41980.74	-8.022
41981.74	-8.024
41982.74	-8.021
41983.74	-8.021
41984.74	-8.022
41985.74	-8.024
41986.74	-8.023
41987.74	-8.021
41988.74	-8.022
41989.74	-8.023
41990.74	-8.021
41991.74	-8.021
41992.74	-8.023
41993.74	-8.021
41994.74	-8.024
41995.74	-8.024
41996.74	-8.022
41997.74	-8.022
41998.74	-8.022
41999.74	-8.022
42000.74	-8.024
42001.74	-8.025
42002.74	-8.022
42003.74	-8.022
42004.74	-8.023
42005.74	-8.021
42006.74	-8.021
42007.74	-8.025
42008.74	-8.021
42009.74	-8.024
42010.74	-8.024
42011.74	-8.021
42012.74	-8.021
42013.74	-8.024
42014.74	-8.022
42015.74	-8.022
42016.74	-8.023
42017.74	-8.021
42018.74	-8.021
42019.74	-8.022
42020.74	-8.021
42021.74	-8.02
42022.74	-8.022
42023.74	-8.021
42024.74	-8.021
42025.74	-8.022
42026.74	-8.023
42027.74	-8.024
42028.74	-8.022
42029.74	-8.022
42030.74	-8.024
42031.74	-8.026
42032.74	-8.022
42033.74	-8.023
42034.74	-8.021
42035.74	-8.021
42036.74	-8.023
42037.74	-8.021
42038.74	-8.022
42039.74	-8.02
42040.74	-8.023
42041.74	-8.022
42042.74	-8.023
42043.74	-8.023
42044.74	-8.022
42045.74	-8.023
42046.74	-8.02
42047.74	-8.023
42048.74	-8.024
42049.74	-8.025
42050.74	-8.02
42051.74	-8.022
42052.74	-8.024
42053.74	-8.022
42054.74	-8.021
42055.74	-8.023
42056.74	-8.022
42057.74	-8.022
42058.74	-8.022
42059.74	-8.021
42060.74	-8.021
42061.74	-8.022
42062.74	-8.02
42063.74	-8.021
42064.74	-8.022
42065.74	-8.023
42066.74	-8.023
42067.74	-8.023
42068.74	-8.025
42069.74	-8.02
42070.74	-8.022
42071.74	-8.026
42072.74	-8.022
42073.74	-8.023
42074.74	-8.024
42075.74	-8.022
42076.74	-8.022
42077.74	-8.021
42078.74	-8.022
42079.74	-8.022
42080.74	-8.023
42081.74	-8.022
42082.74	-8.026
42083.74	-8.021
42084.74	-8.026
42085.74	-8.02
42086.74	-8.021
42087.74	-8.024
42088.74	-8.021
42089.74	-8.022
42090.74	-8.023
42091.74	-8.024
42092.74	-8.023
42093.74	-8.025
42094.74	-8.024
42095.74	-8.023
42096.74	-8.025
42097.74	-8.024
42098.74	-8.023
42099.74	-8.025
42100.74	-8.026
42101.74	-8.023
42102.74	-8.022
42103.74	-8.023
42104.74	-8.022
42105.74	-8.024
42106.74	-8.024
42107.74	-8.024
42108.74	-8.023
42109.74	-8.021
42110.74	-8.022
42111.74	-8.023
42112.74	-8.022
42113.74	-8.022
42114.74	-8.023
42115.74	-8.024
42116.74	-8.023
42117.74	-8.02
42118.74	-8.024
42119.74	-8.025
42120.74	-8.025
42121.74	-8.021
42122.74	-8.022
42123.74	-8.024
42124.74	-8.025
42125.74	-8.026
42126.74	-8.023
42127.74	-8.024
42128.74	-8.024
42129.74	-8.025
42130.74	-8.023
42131.74	-8.026
42132.74	-8.026
42133.74	-8.022
42134.74	-8.022
42135.74	-8.02
42136.74	-8.024
42137.74	-8.026
42138.74	-8.024
42139.74	-8.021
42140.74	-8.024
42141.74	-8.024
42142.74	-8.023
42143.74	-8.023
42144.74	-8.023
42145.74	-8.022
42146.74	-8.023
42147.74	-8.024
42148.74	-8.024
42149.74	-8.025
42150.74	-8.022
42151.74	-8.024
42152.74	-8.022
42153.74	-8.022
42154.74	-8.022
42155.74	-8.021
42156.74	-8.025
42157.74	-8.022
42158.74	-8.024
42159.74	-8.024
42160.74	-8.026
42161.74	-8.024
42162.74	-8.025
42163.74	-8.025
42164.74	-8.021
42165.74	-8.023
42166.74	-8.023
42167.74	-8.025
42168.74	-8.024
42169.74	-8.022
42170.74	-8.023
42171.74	-8.022
42172.74	-8.023
42173.74	-8.023
42174.74	-8.023
42175.74	-8.022
42176.74	-8.02
42177.74	-8.022
42178.74	-8.027
42179.74	-8.024
42180.74	-8.022
42181.74	-8.023
42182.74	-8.023
42183.74	-8.024
42184.74	-8.021
42185.74	-8.022
42186.74	-8.023
42187.74	-8.026
42188.74	-8.024
42189.74	-8.022
42190.74	-8.023
42191.74	-8.022
42192.74	-8.022
42193.74	-8.024
42194.74	-8.021
42195.74	-8.025
42196.74	-8.022
42197.74	-8.024
42198.74	-8.02
42199.74	-8.023
42200.74	-8.023
42201.74	-8.02
42202.74	-8.024
42203.74	-8.025
42204.74	-8.019
42205.74	-8.022
42206.74	-8.021
42207.74	-8.02
42208.74	-8.023
42209.74	-8.022
42210.74	-8.024
42211.74	-8.02
42212.74	-8.021
42213.74	-8.022
42214.74	-8.022
42215.74	-8.023
42216.74	-8.02
42217.74	-8.021
42218.74	-8.023
42219.74	-8.027
42220.74	-8.022
42221.74	-8.023
42222.74	-8.023
42223.74	-8.021
42224.74	-8.025
42225.74	-8.021
42226.74	-8.023
42227.74	-8.023
42228.74	-8.023
42229.74	-8.024
42230.74	-8.022
42231.74	-8.022
42232.74	-8.024
42233.74	-8.023
42234.74	-8.024
42235.74	-8.023
42236.74	-8.025
42237.74	-8.025
42238.74	-8.023
42239.74	-8.023
42240.74	-8.021
42241.74	-8.022
42242.74	-8.021
42243.74	-8.025
42244.74	-8.025
42245.74	-8.021
42246.74	-8.022
42247.74	-8.022
42248.74	-8.023
42249.74	-8.02
42250.74	-8.023
42251.74	-8.02
42252.74	-8.024
42253.74	-8.023
42254.74	-8.024
42255.74	-8.022
42256.74	-8.023
42257.74	-8.023
42258.74	-8.023
42259.74	-8.021
42260.74	-8.021
42261.74	-8.023
42262.74	-8.023
42263.74	-8.02
42264.74	-8.021
42265.74	-8.021
42266.74	-8.022
42267.74	-8.025
42268.74	-8.024
42269.74	-8.023
42270.74	-8.025
42271.74	-8.023
42272.74	-8.023
42273.74	-8.022
42274.74	-8.021
42275.74	-8.022
42276.74	-8.023
42277.74	-8.021
42278.74	-8.023
42279.74	-8.024
42280.74	-8.023
42281.74	-8.023
42282.74	-8.023
42283.74	-8.023
42284.74	-8.025
42285.74	-8.021
42286.74	-8.022
42287.74	-8.023
42288.74	-8.022
42289.74	-8.021
42290.74	-8.022
42291.74	-8.025
42292.74	-8.022
42293.74	-8.025
42294.74	-8.024
42295.74	-8.024
42296.74	-8.023
42297.74	-8.023
42298.74	-8.023
42299.74	-8.02
42300.74	-8.022
42301.74	-8.023
42302.74	-8.024
42303.74	-8.024
42304.74	-8.025
42305.74	-8.023
42306.74	-8.022
42307.74	-8.024
42308.74	-8.025
42309.74	-8.021
42310.74	-8.023
42311.74	-8.024
42312.74	-8.023
42313.74	-8.027
42314.74	-8.023
42315.74	-8.024
42316.74	-8.023
42317.74	-8.023
42318.74	-8.023
42319.74	-8.024
42320.74	-8.02
42321.74	-8.023
42322.74	-8.023
42323.74	-8.027
42324.74	-8.024
42325.74	-8.025
42326.74	-8.022
42327.74	-8.022
42328.74	-8.023
42329.74	-8.024
42330.74	-8.022
42331.74	-8.024
42332.74	-8.024
42333.74	-8.026
42334.74	-8.025
42335.74	-8.025
42336.74	-8.024
42337.74	-8.024
42338.74	-8.027
42339.74	-8.024
42340.74	-8.023
42341.74	-8.023
42342.74	-8.024
42343.74	-8.022
42344.74	-8.023
42345.74	-8.023
42346.74	-8.022
42347.74	-8.024
42348.74	-8.021
42349.74	-8.025
42350.74	-8.024
42351.74	-8.025
42352.74	-8.023
42353.74	-8.022
42354.74	-8.024
42355.74	-8.025
42356.74	-8.022
42357.74	-8.024
42358.74	-8.027
42359.74	-8.025
42360.74	-8.022
42361.74	-8.024
42362.74	-8.024
42363.74	-8.024
42364.74	-8.025
42365.74	-8.023
42366.74	-8.025
42367.74	-8.025
42368.74	-8.024
42369.74	-8.025
42370.74	-8.025
42371.74	-8.024
42372.74	-8.023
42373.74	-8.024
42374.74	-8.023
42375.74	-8.025
42376.74	-8.023
42377.74	-8.022
42378.74	-8.026
42379.74	-8.023
42380.74	-8.023
42381.74	-8.025
42382.74	-8.024
42383.74	-8.024
42384.74	-8.018
42385.74	-8.023
42386.74	-8.024
42387.74	-8.022
42388.74	-8.021
42389.74	-8.024
42390.74	-8.022
42391.74	-8.023
42392.74	-8.025
42393.74	-8.024
42394.74	-8.023
42395.74	-8.023
42396.74	-8.024
42397.74	-8.026
42398.74	-8.02
42399.74	-8.024
42400.74	-8.025
42401.74	-8.022
42402.74	-8.022
42403.74	-8.023
42404.74	-8.021
42405.74	-8.023
42406.74	-8.022
42407.74	-8.025
42408.74	-8.022
42409.74	-8.024
42410.74	-8.024
42411.74	-8.021
42412.74	-8.023
42413.74	-8.024
42414.74	-8.022
42415.74	-8.026
42416.74	-8.022
42417.74	-8.021
42418.74	-8.024
42419.74	-8.024
42420.74	-8.023
42421.74	-8.023
42422.74	-8.024
42423.74	-8.024
42424.74	-8.024
42425.74	-8.024
42426.74	-8.025
42427.74	-8.026
42428.74	-8.025
42429.74	-8.023
42430.74	-8.025
42431.74	-8.025
42432.74	-8.024
42433.74	-8.025
42434.74	-8.023
42435.74	-8.024
42436.74	-8.021
42437.74	-8.025
42438.74	-8.025
42439.74	-8.027
42440.74	-8.024
42441.74	-8.023
42442.74	-8.025
42443.74	-8.025
42444.74	-8.024
42445.74	-8.023
42446.74	-8.028
42447.74	-8.023
42448.74	-8.026
42449.74	-8.022
42450.74	-8.024
42451.74	-8.023
42452.74	-8.024
42453.74	-8.023
42454.74	-8.024
42455.74	-8.023
42456.74	-8.022
42457.74	-8.023
42458.74	-8.022
42459.74	-8.022
42460.74	-8.022
42461.74	-8.024
42462.74	-8.023
42463.74	-8.023
42464.74	-8.022
42465.74	-8.025
42466.74	-8.026
42467.74	-8.025
42468.74	-8.024
42469.74	-8.026
42470.74	-8.026
42471.74	-8.021
42472.74	-8.025
42473.74	-8.024
42474.74	-8.026
42475.74	-8.025
42476.74	-8.026
42477.74	-8.019
42478.74	-8.024
42479.74	-8.024
42480.74	-8.025
42481.74	-8.024
42482.74	-8.024
42483.74	-8.026
42484.74	-8.025
42485.74	-8.025
42486.74	-8.025
42487.74	-8.023
42488.74	-8.024
42489.74	-8.025
42490.74	-8.025
42491.74	-8.025
42492.74	-8.024
42493.74	-8.026
42494.74	-8.024
42495.74	-8.024
42496.74	-8.023
42497.74	-8.023
42498.74	-8.024
42499.74	-8.024
42500.74	-8.025
42501.74	-8.023
42502.74	-8.022
42503.74	-8.025
42504.74	-8.024
42505.74	-8.024
42506.74	-8.023
42507.74	-8.025
42508.74	-8.021
42509.74	-8.027
42510.74	-8.023
42511.74	-8.024
42512.74	-8.024
42513.74	-8.026
42514.74	-8.024
42515.74	-8.026
42516.74	-8.025
42517.74	-8.023
42518.74	-8.024
42519.74	-8.024
42520.74	-8.021
42521.74	-8.023
42522.74	-8.024
42523.74	-8.025
42524.74	-8.023
42525.74	-8.022
42526.74	-8.023
42527.74	-8.026
42528.74	-8.025
42529.74	-8.024
42530.74	-8.022
42531.74	-8.024
42532.74	-8.023
42533.74	-8.022
42534.74	-8.024
42535.74	-8.025
42536.74	-8.025
42537.74	-8.024
42538.74	-8.024
42539.74	-8.022
42540.74	-8.023
42541.74	-8.023
42542.74	-8.024
42543.74	-8.024
42544.74	-8.027
42545.74	-8.024
42546.74	-8.023
42547.74	-8.025
42548.74	-8.025
42549.74	-8.023
42550.74	-8.024
42551.74	-8.023
42552.74	-8.023
42553.74	-8.023
42554.74	-8.021
42555.74	-8.023
42556.74	-8.02
42557.74	-8.024
42558.74	-8.022
42559.74	-8.023
42560.74	-8.023
42561.74	-8.022
42562.74	-8.021
42563.74	-8.024
42564.74	-8.024
42565.74	-8.021
42566.74	-8.022
42567.74	-8.023
42568.74	-8.024
42569.74	-8.023
42570.74	-8.026
42571.74	-8.024
42572.74	-8.025
42573.74	-8.024
42574.74	-8.023
42575.74	-8.021
42576.74	-8.026
42577.74	-8.023
42578.74	-8.022
42579.74	-8.024
42580.74	-8.025
42581.74	-8.023
42582.74	-8.023
42583.74	-8.025
42584.74	-8.025
42585.74	-8.025
42586.74	-8.024
42587.74	-8.024
42588.74	-8.022
42589.74	-8.023
42590.74	-8.024
42591.74	-8.024
42592.74	-8.023
42593.74	-8.021
42594.74	-8.022
42595.74	-8.021
42596.74	-8.024
42597.74	-8.023
42598.74	-8.023
42599.74	-8.02
42600.74	-8.023
42601.74	-8.021
42602.74	-8.025
42603.74	-8.023
42604.74	-8.023
42605.74	-8.023
42606.74	-8.024
42607.74	-8.022
42608.74	-8.023
42609.74	-8.024
42610.74	-8.024
42611.74	-8.025
42612.74	-8.025
42613.74	-8.022
42614.74	-8.022
42615.74	-8.025
42616.74	-8.022
42617.74	-8.022
42618.74	-8.021
42619.74	-8.024
42620.74	-8.023
42621.74	-8.022
42622.74	-8.026
42623.74	-8.024
42624.74	-8.024
42625.74	-8.024
42626.74	-8.026
42627.74	-8.024
42628.74	-8.023
42629.74	-8.022
42630.74	-8.02
42631.74	-8.024
42632.74	-8.023
42633.74	-8.022
42634.74	-8.024
42635.74	-8.024
42636.74	-8.023
42637.74	-8.024
42638.74	-8.024
42639.74	-8.024
42640.74	-8.022
42641.74	-8.025
42642.74	-8.023
42643.74	-8.023
42644.74	-8.022
42645.74	-8.024
42646.74	-8.024
42647.74	-8.024
42648.74	-8.022
42649.74	-8.024
42650.74	-8.02
42651.74	-8.022
42652.74	-8.023
42653.74	-8.024
42654.74	-8.025
42655.74	-8.022
42656.74	-8.023
42657.74	-8.022
42658.74	-8.023
42659.74	-8.023
42660.74	-8.023
42661.74	-8.023
42662.74	-8.022
42663.74	-8.024
42664.74	-8.023
42665.74	-8.024
42666.74	-8.023
42667.74	-8.023
42668.74	-8.023
42669.74	-8.023
42670.74	-8.021
42671.74	-8.023
42672.74	-8.023
42673.74	-8.021
42674.74	-8.023
42675.74	-8.024
42676.74	-8.026
42677.74	-8.023
42678.74	-8.022
42679.74	-8.024
42680.74	-8.023
42681.74	-8.02
42682.74	-8.025
42683.74	-8.024
42684.74	-8.025
42685.74	-8.022
42686.74	-8.022
42687.74	-8.024
42688.74	-8.022
42689.74	-8.025
42690.74	-8.024
42691.74	-8.024
42692.74	-8.023
42693.74	-8.024
42694.74	-8.024
42695.74	-8.024
42696.74	-8.025
42697.74	-8.023
42698.74	-8.021
42699.74	-8.022
42700.74	-8.022
42701.74	-8.022
42702.74	-8.022
42703.74	-8.023
42704.74	-8.025
42705.74	-8.023
42706.74	-8.024
42707.74	-8.02
42708.74	-8.023
42709.74	-8.023
42710.74	-8.023
42711.74	-8.022
42712.74	-8.023
42713.74	-8.021
42714.74	-8.024
42715.74	-8.023
42716.74	-8.02
42717.74	-8.022
42718.74	-8.023
42719.74	-8.023
42720.74	-8.025
42721.74	-8.022
42722.74	-8.024
42723.74	-8.024
42724.74	-8.026
42725.74	-8.021
42726.74	-8.025
42727.74	-8.024
42728.74	-8.023
42729.74	-8.022
42730.74	-8.024
42731.74	-8.023
42732.74	-8.028
42733.74	-8.024
42734.74	-8.025
42735.74	-8.022
42736.74	-8.027
42737.74	-8.023
42738.74	-8.022
42739.74	-8.024
42740.74	-8.025
42741.74	-8.023
42742.74	-8.025
42743.74	-8.02
42744.74	-8.022
42745.74	-8.024
42746.74	-8.021
42747.74	-8.026
42748.74	-8.023
42749.74	-8.025
42750.74	-8.025
42751.74	-8.023
42752.74	-8.022
42753.74	-8.021
42754.74	-8.023
42755.74	-8.024
42756.74	-8.025
42757.74	-8.025
42758.74	-8.024
42759.74	-8.026
42760.74	-8.026
42761.74	-8.023
42762.74	-8.021
42763.74	-8.026
42764.74	-8.023
42765.74	-8.023
42766.74	-8.023
42767.74	-8.025
42768.74	-8.024
42769.74	-8.024
42770.74	-8.024
42771.74	-8.025
42772.74	-8.026
42773.74	-8.027
42774.74	-8.024
42775.74	-8.024
42776.74	-8.023
42777.74	-8.023
42778.74	-8.024
42779.74	-8.026
42780.74	-8.024
42781.74	-8.025
42782.74	-8.023
42783.74	-8.024
42784.74	-8.025
42785.74	-8.024
42786.74	-8.028
42787.74	-8.023
42788.74	-8.021
42789.74	-8.023
42790.74	-8.024
42791.74	-8.022
42792.74	-8.022
42793.74	-8.022
42794.74	-8.025
42795.74	-8.022
42796.74	-8.025
42797.74	-8.023
42798.74	-8.023
42799.74	-8.025
42800.74	-8.024
42801.74	-8.023
42802.74	-8.021
42803.74	-8.023
42804.74	-8.025
42805.74	-8.024
42806.74	-8.024
42807.74	-8.025
42808.74	-8.022
42809.74	-8.025
42810.74	-8.024
42811.74	-8.024
42812.74	-8.024
42813.74	-8.023
42814.74	-8.025
42815.74	-8.025
42816.74	-8.024
42817.74	-8.023
42818.74	-8.025
42819.74	-8.022
42820.74	-8.02
42821.74	-8.021
42822.74	-8.022
42823.74	-8.023
42824.74	-8.023
42825.74	-8.025
42826.74	-8.022
42827.74	-8.022
42828.74	-8.025
42829.74	-8.021
42830.74	-8.022
42831.74	-8.02
42832.74	-8.021
42833.74	-8.022
42834.74	-8.025
42835.74	-8.021
42836.74	-8.023
42837.74	-8.022
42838.74	-8.02
42839.74	-8.025
42840.74	-8.021
42841.74	-8.021
42842.74	-8.023
42843.74	-8.025
42844.74	-8.022
42845.74	-8.019
42846.74	-8.02
42847.74	-8.022
42848.74	-8.024
42849.74	-8.022
42850.74	-8.022
42851.74	-8.021
42852.74	-8.022
42853.74	-8.022
42854.74	-8.023
42855.74	-8.017
42856.74	-8.013
42857.74	-8.016
42858.74	-8.017
42859.74	-8.02
42860.74	-8.019
42861.74	-8.018
42862.74	-8.018
42863.74	-8.018
42864.74	-8.017
42865.74	-8.018
42866.74	-8.02
42867.74	-8.015
42868.74	-8.016
42869.74	-8.017
42870.74	-8.016
42871.74	-8.016
42872.74	-8.012
42873.74	-8.016
42874.74	-8.016
42875.74	-8.015
42876.74	-8.017
42877.74	-8.014
42878.74	-8.017
42879.74	-8.018
42880.74	-8.018
42881.74	-8.018
42882.74	-8.015
42883.74	-8.014
42884.74	-8.015
42885.74	-8.018
42886.74	-8.017
42887.74	-8.019
42888.74	-8.017
42889.74	-8.016
42890.74	-8.019
42891.74	-8.012
42892.74	-8.019
42893.74	-8.015
42894.74	-8.019
42895.74	-8.017
42896.74	-8.015
42897.74	-8.014
42898.74	-8.017
42899.74	-8.018
42900.74	-8.016
42901.74	-8.018
42902.74	-8.018
42903.74	-8.018
42904.74	-8.016
42905.74	-8.019
42906.74	-8.018
42907.74	-8.018
42908.74	-8.015
42909.74	-8.017
42910.74	-8.014
42911.74	-8.014
42912.74	-8.017
42913.74	-8.015
42914.74	-8.013
42915.74	-8.018
42916.74	-8.014
42917.74	-8.018
42918.74	-8.014
42919.74	-8.018
42920.74	-8.018
42921.74	-8.014
42922.74	-8.016
42923.74	-8.016
42924.74	-8.018
42925.74	-8.021
42926.74	-8.015
42927.74	-8.017
42928.74	-8.018
42929.74	-8.019
42930.74	-8.018
42931.74	-8.016
42932.74	-8.019
42933.74	-8.019
42934.74	-8.015
42935.74	-8.017
42936.74	-8.019
42937.74	-8.016
42938.74	-8.017
42939.74	-8.018
42940.74	-8.016
42941.74	-8.021
42942.74	-8.017
42943.74	-8.016
42944.74	-8.018
42945.74	-8.013
42946.74	-8.017
42947.74	-8.017
42948.74	-8.017
42949.74	-8.017
42950.74	-8.014
42951.74	-8.018
42952.74	-8.016
42953.74	-8.014
42954.74	-8.017
42955.74	-8.015
42956.74	-8.017
42957.74	-8.013
42958.74	-8.016
42959.74	-8.019
42960.74	-8.017
42961.74	-8.016
42962.74	-8.013
42963.74	-8.016
42964.74	-8.017
42965.74	-8.018
42966.74	-8.016
42967.74	-8.014
42968.74	-8.015
42969.74	-8.018
42970.74	-8.012
42971.74	-8.018
42972.74	-8.016
42973.74	-8.018
42974.74	-8.017
42975.74	-8.019
42976.74	-8.018
42977.74	-8.016
42978.74	-8.015
42979.74	-8.02
42980.74	-8.017
42981.74	-8.015
42982.74	-8.018
42983.74	-8.014
42984.74	-8.018
42985.74	-8.018
42986.74	-8.015
42987.74	-8.018
42988.74	-8.015
42989.74	-8.017
42990.74	-8.014
42991.74	-8.014
42992.74	-8.017
42993.74	-8.018
42994.74	-8.018
42995.74	-8.016
42996.74	-8.014
42997.74	-8.013
42998.74	-8.011
42999.74	-8.013
43000.74	-8.015
43001.74	-8.017
43002.74	-8.014
43003.74	-8.016
43004.74	-8.018
43005.74	-8.018
43006.74	-8.016
43007.74	-8.018
43008.74	-8.019
43009.74	-8.019
43010.74	-8.014
43011.74	-8.013
43012.74	-8.02
43013.74	-8.009
43014.74	-8.015
43015.74	-8.017
43016.74	-8.015
43017.74	-8.019
43018.74	-8.014
43019.74	-8.013
43020.74	-8.011
43021.74	-8.011
43022.74	-8.017
43023.74	-8.016
43024.74	-8.008
43025.74	-8.013
43026.74	-8.019
43027.74	-8.014
43028.74	-8.015
43029.74	-8.018
43030.74	-8.016
43031.74	-8.012
43032.74	-8.008
43033.74	-8.014
43034.74	-8.017
43035.74	-8.015
43036.74	-8.017
43037.74	-8.014
43038.74	-8.016
43039.74	-8.015
43040.74	-8.018
43041.74	-8.018
43042.74	-8.016
43043.74	-8.017
43044.74	-8.014
43045.74	-8.018
43046.74	-8.019
43047.74	-8.016
43048.74	-8.017
43049.74	-8.019
43050.74	-8.018
43051.74	-8.014
43052.74	-8.011
43053.74	-8.015
43054.74	-8.014
43055.74	-8.018
43056.74	-8.015
43057.74	-8.01
43058.74	-8.017
43059.74	-8.016
43060.74	-8.013
43061.74	-8.012
43062.74	-8.017
43063.74	-8.015
43064.74	-8.011
43065.74	-8.016
43066.74	-8.019
43067.74	-8.018
43068.74	-8.019
43069.74	-8.02
43070.74	-8.017
43071.74	-8.019
43072.74	-8.014
43073.74	-8.017
43074.74	-8.016
43075.74	-8.013
43076.74	-8.018
43077.74	-8.017
43078.74	-8.017
43079.74	-8.019
43080.74	-8.013
43081.74	-8.016
43082.74	-8.014
43083.74	-8.019
43084.74	-8.022
43085.74	-8.021
43086.74	-8.024
43087.74	-8.022
43088.74	-8.022
43089.74	-8.02
43090.74	-8.019
43091.74	-8.023
43092.74	-8.02
43093.74	-8.024
43094.74	-8.025
43095.74	-8.02
43096.74	-8.021
43097.74	-8.022
43098.74	-8.025
43099.74	-8.022
43100.74	-8.02
43101.74	-8.023
43102.74	-8.022
43103.74	-8.023
43104.74	-8.024
43105.74	-8.023
43106.74	-8.022
43107.74	-8.022
43108.74	-8.024
43109.74	-8.02
43110.74	-8.02
43111.74	-8.023
43112.74	-8.021
43113.74	-8.02
43114.74	-8.021
43115.74	-8.025
43116.74	-8.021
43117.74	-8.023
43118.74	-8.024
43119.74	-8.021
43120.74	-8.022
43121.74	-8.021
43122.74	-8.023
43123.74	-8.017
43124.74	-8.021
43125.74	-8.022
43126.74	-8.023
43127.74	-8.022
43128.74	-8.024
43129.74	-8.023
43130.74	-8.022
43131.74	-8.025
43132.74	-8.022
43133.74	-8.022
43134.74	-8.02
43135.74	-8.022
43136.74	-8.023
43137.74	-8.023
43138.74	-8.024
43139.74	-8.021
43140.74	-8.021
43141.74	-8.022
43142.74	-8.023
43143.74	-8.024
43144.74	-8.022
43145.74	-8.021
43146.74	-8.019
43147.74	-8.023
43148.74	-8.023
43149.74	-8.022
43150.74	-8.022
43151.74	-8.021
43152.74	-8.023
43153.74	-8.019
43154.74	-8.022
43155.74	-8.022
43156.74	-8.023
43157.74	-8.019
43158.74	-8.022
43159.74	-8.024
43160.74	-8.023
43161.74	-8.023
43162.74	-8.022
43163.74	-8.022
43164.74	-8.023
43165.74	-8.022
43166.74	-8.024
43167.74	-8.023
43168.74	-8.024
43169.74	-8.023
43170.74	-8.025
43171.74	-8.02
43172.74	-8.022
43173.74	-8.022
43174.74	-8.024
43175.74	-8.023
43176.74	-8.024
43177.74	-8.021
43178.74	-8.022
43179.74	-8.021
43180.74	-8.021
43181.74	-8.022
43182.74	-8.021
43183.74	-8.022
43184.74	-8.022
43185.74	-8.022
43186.74	-8.024
43187.74	-8.022
43188.74	-8.022
43189.74	-8.02
43190.74	-8.021
43191.74	-8.023
43192.74	-8.022
43193.74	-8.022
43194.74	-8.021
43195.74	-8.023
43196.74	-8.021
43197.74	-8.019
43198.74	-8.022
43199.74	-8.023
43200.74	-8.021
43201.74	-8.021
43202.74	-8.02
43203.74	-8.021
43204.74	-8.023
43205.74	-8.023
43206.74	-8.023
43207.74	-8.021
43208.74	-8.023
43209.74	-8.022
43210.74	-8.021
43211.74	-8.023
43212.74	-8.024
43213.74	-8.024
43214.74	-8.021
43215.74	-8.024
43216.74	-8.023
43217.74	-8.021
43218.74	-8.021
43219.74	-8.023
43220.74	-8.022
43221.74	-8.021
43222.74	-8.022
43223.74	-8.023
43224.74	-8.021
43225.74	-8.021
43226.74	-8.023
43227.74	-8.022
43228.74	-8.022
43229.74	-8.023
43230.74	-8.022
43231.74	-8.023
43232.74	-8.022
43233.74	-8.025
43234.74	-8.024
43235.74	-8.022
43236.74	-8.02
43237.74	-8.022
43238.74	-8.022
43239.74	-8.021
43240.74	-8.021
43241.74	-8.022
43242.74	-8.023
43243.74	-8.024
43244.74	-8.024
43245.74	-8.022
43246.74	-8.023
43247.74	-8.024
43248.74	-8.021
43249.74	-8.022
43250.74	-8.024
43251.74	-8.025
43252.74	-8.022
43253.74	-8.023
43254.74	-8.02
43255.74	-8.023
43256.74	-8.022
43257.74	-8.022
43258.74	-8.023
43259.74	-8.02
43260.74	-8.023
43261.74	-8.023
43262.74	-8.022
43263.74	-8.021
43264.74	-8.02
43265.74	-8.024
43266.74	-8.023
43267.74	-8.022
43268.74	-8.023
43269.74	-8.019
43270.74	-8.022
43271.74	-8.023
43272.74	-8.022
43273.74	-8.026
43274.74	-8.022
43275.74	-8.021
43276.74	-8.023
43277.74	-8.025
43278.74	-8.021
43279.74	-8.023
43280.74	-8.023
43281.74	-8.022
43282.74	-8.023
43283.74	-8.023
43284.74	-8.023
43285.74	-8.024
43286.74	-8.021
43287.74	-8.021
43288.74	-8.021
43289.74	-8.022
43290.74	-8.022
43291.74	-8.022
43292.74	-8.023
43293.74	-8.023
43294.74	-8.022
43295.74	-8.021
43296.74	-8.021
43297.74	-8.022
43298.74	-8.024
43299.74	-8.02
43300.74	-8.021
43301.74	-8.021
43302.74	-8.022
43303.74	-8.022
43304.74	-8.021
43305.74	-8.021
43306.74	-8.021
43307.74	-8.022
43308.74	-8.022
43309.74	-8.019
43310.74	-8.025
43311.74	-8.021
43312.74	-8.021
43313.74	-8.022
43314.74	-8.023
43315.74	-8.021
43316.74	-8.02
43317.74	-8.022
43318.74	-8.022
43319.74	-8.023
43320.74	-8.023
43321.74	-8.023
43322.74	-8.023
43323.74	-8.022
43324.74	-8.023
43325.74	-8.024
43326.74	-8.024
43327.74	-8.024
43328.74	-8.023
43329.74	-8.022
43330.74	-8.022
43331.74	-8.018
43332.74	-8.024
43333.74	-8.023
43334.74	-8.022
43335.74	-8.023
43336.74	-8.021
43337.74	-8.023
43338.74	-8.022
43339.74	-8.024
43340.74	-8.023
43341.74	-8.021
43342.74	-8.022
43343.74	-8.021
43344.74	-8.024
43345.74	-8.023
43346.74	-8.025
43347.74	-8.024
43348.74	-8.019
43349.74	-8.021
43350.74	-8.023
43351.74	-8.023
43352.74	-8.025
43353.74	-8.024
43354.74	-8.022
43355.74	-8.022
43356.74	-8.022
43357.74	-8.023
43358.74	-8.022
43359.74	-8.024
43360.74	-8.022
43361.74	-8.022
43362.74	-8.023
43363.74	-8.022
43364.74	-8.025
43365.74	-8.023
43366.74	-8.022
43367.74	-8.021
43368.74	-8.023
43369.74	-8.025
43370.74	-8.022
43371.74	-8.022
43372.74	-8.021
43373.74	-8.022
43374.74	-8.025
43375.74	-8.023
43376.74	-8.021
43377.74	-8.023
43378.74	-8.023
43379.74	-8.024
43380.74	-8.022
43381.74	-8.024
43382.74	-8.025
43383.74	-8.023
43384.74	-8.024
43385.74	-8.023
43386.74	-8.024
43387.74	-8.024
43388.74	-8.025
43389.74	-8.02
43390.74	-8.021
43391.74	-8.022
43392.74	-8.024
43393.74	-8.022
43394.74	-8.023
43395.74	-8.023
43396.74	-8.023
43397.74	-8.023
43398.74	-8.022
43399.74	-8.024
43400.74	-8.022
43401.74	-8.023
43402.74	-8.023
43403.74	-8.023
43404.74	-8.024
43405.74	-8.023
43406.74	-8.024
43407.74	-8.024
43408.74	-8.022
43409.74	-8.025
43410.74	-8.023
43411.74	-8.023
43412.74	-8.023
43413.74	-8.022
43414.74	-8.02
43415.74	-8.024
43416.74	-8.021
43417.74	-8.022
43418.74	-8.025
43419.74	-8.026
43420.74	-8.023
43421.74	-8.021
43422.74	-8.025
43423.74	-8.022
43424.74	-8.022
43425.74	-8.025
43426.74	-8.022
43427.74	-8.022
43428.74	-8.022
43429.74	-8.022
43430.74	-8.023
43431.74	-8.021
43432.74	-8.021
43433.74	-8.024
43434.74	-8.024
43435.74	-8.022
43436.74	-8.021
43437.74	-8.021
43438.74	-8.021
43439.74	-8.022
43440.74	-8.02
43441.74	-8.02
43442.74	-8.022
43443.74	-8.024
43444.74	-8.024
43445.74	-8.021
43446.74	-8.025
43447.74	-8.022
43448.74	-8.023
43449.74	-8.022
43450.74	-8.023
43451.74	-8.022
43452.74	-8.026
43453.74	-8.021
43454.74	-8.022
43455.74	-8.021
43456.74	-8.02
43457.74	-8.022
43458.74	-8.025
43459.74	-8.022
43460.74	-8.025
43461.74	-8.023
43462.74	-8.022
43463.74	-8.025
43464.74	-8.024
43465.74	-8.021
43466.74	-8.024
43467.74	-8.022
43468.74	-8.019
43469.74	-8.022
43470.74	-8.02
43471.74	-8.023
43472.74	-8.025
43473.74	-8.02
43474.74	-8.023
43475.74	-8.023
43476.74	-8.023
43477.74	-8.025
43478.74	-8.024
43479.74	-8.022
43480.74	-8.02
43481.74	-8.024
43482.74	-8.026
43483.74	-8.023
43484.74	-8.024
43485.74	-8.023
43486.74	-8.023
43487.74	-8.023
43488.74	-8.021
43489.74	-8.022
43490.74	-8.022
43491.74	-8.022
43492.74	-8.02
43493.74	-8.023
43494.74	-8.019
43495.74	-8.024
43496.74	-8.022
43497.74	-8.022
43498.74	-8.025
43499.74	-8.025
43500.74	-8.021
43501.74	-8.023
43502.74	-8.023
43503.74	-8.025
43504.74	-8.023
43505.74	-8.023
43506.74	-8.024
43507.74	-8.024
43508.74	-8.021
43509.74	-8.025
43510.74	-8.024
43511.74	-8.023
43512.74	-8.021
43513.74	-8.022
43514.74	-8.024
43515.74	-8.024
43516.74	-8.025
43517.74	-8.022
43518.74	-8.027
43519.74	-8.024
43520.74	-8.023
43521.74	-8.024
43522.74	-8.023
43523.74	-8.026
43524.74	-8.024
43525.74	-8.023
43526.74	-8.025
43527.74	-8.023
43528.74	-8.023
43529.74	-8.022
43530.74	-8.023
43531.74	-8.024
43532.74	-8.021
43533.74	-8.023
43534.74	-8.022
43535.74	-8.024
43536.74	-8.022
43537.74	-8.021
43538.74	-8.023
43539.74	-8.025
43540.74	-8.022
43541.74	-8.022
43542.74	-8.02
43543.74	-8.022
43544.74	-8.024
43545.74	-8.023
43546.74	-8.023
43547.74	-8.023
43548.74	-8.023
43549.74	-8.02
43550.74	-8.024
43551.74	-8.024
43552.74	-8.024
43553.74	-8.023
43554.74	-8.024
43555.74	-8.024
43556.74	-8.021
43557.74	-8.023
43558.74	-8.023
43559.74	-8.022
43560.74	-8.021
43561.74	-8.022
43562.74	-8.022
43563.74	-8.023
43564.74	-8.025
43565.74	-8.023
43566.74	-8.022
43567.74	-8.022
43568.74	-8.022
43569.74	-8.023
43570.74	-8.022
43571.74	-8.024
43572.74	-8.026
43573.74	-8.026
43574.74	-8.025
43575.74	-8.024
43576.74	-8.024
43577.74	-8.024
43578.74	-8.027
43579.74	-8.024
43580.74	-8.024
43581.74	-8.026
43582.74	-8.02
43583.74	-8.024
43584.74	-8.024
43585.74	-8.022
43586.74	-8.021
43587.74	-8.025
43588.74	-8.021
43589.74	-8.022
43590.74	-8.021
43591.74	-8.023
43592.74	-8.021
43593.74	-8.022
43594.74	-8.021
43595.74	-8.02
43596.74	-8.025
43597.74	-8.023
43598.74	-8.022
43599.74	-8.02
43600.74	-8.022
43601.74	-8.022
43602.74	-8.023
43603.74	-8.023
43604.74	-8.023
43605.74	-8.023
43606.74	-8.021
43607.74	-8.025
43608.74	-8.022
43609.74	-8.021
43610.74	-8.022
43611.74	-8.025
43612.74	-8.023
43613.74	-8.02
43614.74	-8.023
43615.74	-8.024
43616.74	-8.023
43617.74	-8.025
43618.74	-8.021
43619.74	-8.024
43620.74	-8.022
43621.74	-8.021
43622.74	-8.023
43623.74	-8.023
43624.74	-8.022
43625.74	-8.022
43626.74	-8.021
43627.74	-8.019
43628.74	-8.023
43629.74	-8.023
43630.74	-8.021
43631.74	-8.021
43632.74	-8.022
43633.74	-8.024
43634.74	-8.021
43635.74	-8.021
43636.74	-8.02
43637.74	-8.023
43638.74	-8.023
43639.74	-8.023
43640.74	-8.022
43641.74	-8.022
43642.74	-8.021
43643.74	-8.024
43644.74	-8.023
43645.74	-8.021
43646.74	-8.021
43647.74	-8.02
43648.74	-8.022
43649.74	-8.021
43650.74	-8.024
43651.74	-8.025
43652.74	-8.021
43653.74	-8.023
43654.74	-8.024
43655.74	-8.02
43656.74	-8.022
43657.74	-8.024
43658.74	-8.023
43659.74	-8.021
43660.74	-8.019
43661.74	-8.024
43662.74	-8.02
43663.74	-8.023
43664.74	-8.024
43665.74	-8.022
43666.74	-8.02
43667.74	-8.022
43668.74	-8.023
43669.74	-8.022
43670.74	-8.022
43671.74	-8.019
43672.74	-8.02
43673.74	-8.024
43674.74	-8.023
43675.74	-8.022
43676.74	-8.021
43677.74	-8.024
43678.74	-8.021
43679.74	-8.024
43680.74	-8.024
43681.74	-8.021
43682.74	-8.024
43683.74	-8.026
43684.74	-8.023
43685.74	-8.022
43686.74	-8.022
43687.74	-8.02
43688.74	-8.023
43689.74	-8.021
43690.74	-8.022
43691.74	-8.021
43692.74	-8.023
43693.74	-8.022
43694.74	-8.024
43695.74	-8.024
43696.74	-8.023
43697.74	-8.022
43698.74	-8.023
43699.74	-8.024
43700.74	-8.021
43701.74	-8.023
43702.74	-8.023
43703.74	-8.02
43704.74	-8.026
43705.74	-8.024
43706.74	-8.021
43707.74	-8.027
43708.74	-8.023
43709.74	-8.023
43710.74	-8.024
43711.74	-8.021
43712.74	-8.02
43713.74	-8.023
43714.74	-8.025
43715.74	-8.024
43716.74	-8.021
43717.74	-8.02
43718.74	-8.021
43719.74	-8.025
43720.74	-8.022
43721.74	-8.02
43722.74	-8.022
43723.74	-8.024
43724.74	-8.022
43725.74	-8.022
43726.74	-8.021
43727.74	-8.021
43728.74	-8.022
43729.74	-8.023
43730.74	-8.023
43731.74	-8.019
43732.74	-8.025
43733.74	-8.022
43734.74	-8.021
43735.74	-8.023
43736.74	-8.022
43737.74	-8.023
43738.74	-8.023
43739.74	-8.025
43740.74	-8.025
43741.74	-8.024
43742.74	-8.022
43743.74	-8.026
43744.74	-8.022
43745.74	-8.02
43746.74	-8.022
43747.74	-8.023
43748.74	-8.021
43749.74	-8.022
43750.74	-8.024
43751.74	-8.023
43752.74	-8.021
43753.74	-8.022
43754.74	-8.021
43755.74	-8.024
43756.74	-8.023
43757.74	-8.025
43758.74	-8.023
43759.74	-8.022
43760.74	-8.024
43761.74	-8.024
43762.74	-8.02
43763.74	-8.021
43764.74	-8.021
43765.74	-8.023
43766.74	-8.023
43767.74	-8.023
43768.74	-8.022
43769.74	-8.023
43770.74	-8.024
43771.74	-8.021
43772.74	-8.023
43773.74	-8.023
43774.74	-8.023
43775.74	-8.022
43776.74	-8.027
43777.74	-8.022
43778.74	-8.021
43779.74	-8.025
43780.74	-8.023
43781.74	-8.022
43782.74	-8.023
43783.74	-8.022
43784.74	-8.023
43785.74	-8.023
43786.74	-8.023
43787.74	-8.021
43788.74	-8.022
43789.74	-8.021
43790.74	-8.023
43791.74	-8.023
43792.74	-8.023
43793.74	-8.021
43794.74	-8.023
43795.74	-8.023
43796.74	-8.02
43797.74	-8.022
43798.74	-8.021
43799.74	-8.02
43800.74	-8.023
43801.74	-8.022
43802.74	-8.02
43803.74	-8.024
43804.74	-8.022
43805.74	-8.024
43806.74	-8.021
43807.74	-8.023
43808.74	-8.02
43809.74	-8.021
43810.74	-8.023
43811.74	-8.024
43812.74	-8.021
43813.74	-8.022
43814.74	-8.023
43815.74	-8.022
43816.74	-8.023
43817.74	-8.023
43818.74	-8.023
43819.74	-8.022
43820.74	-8.023
43821.74	-8.026
43822.74	-8.023
43823.74	-8.021
43824.74	-8.02
43825.74	-8.025
43826.74	-8.022
43827.74	-8.022
43828.74	-8.022
43829.74	-8.022
43830.74	-8.022
43831.74	-8.023
43832.74	-8.028
43833.74	-8.023
43834.74	-8.019
43835.74	-8.02
43836.74	-8.026
43837.74	-8.023
43838.74	-8.023
43839.74	-8.024
43840.74	-8.024
43841.74	-8.022
43842.74	-8.021
43843.74	-8.024
43844.74	-8.024
43845.74	-8.024
43846.74	-8.022
43847.74	-8.025
43848.74	-8.023
43849.74	-8.022
43850.74	-8.023
43851.74	-8.023
43852.74	-8.022
43853.74	-8.024
43854.74	-8.022
43855.74	-8.021
43856.74	-8.023
43857.74	-8.025
43858.74	-8.022
43859.74	-8.021
43860.74	-8.023
43861.74	-8.022
43862.74	-8.02
43863.74	-8.023
43864.74	-8.025
43865.74	-8.023
43866.74	-8.027
43867.74	-8.028
43868.74	-8.024
43869.74	-8.026
43870.74	-8.021
43871.74	-8.024
43872.74	-8.022
43873.74	-8.026
43874.74	-8.023
43875.74	-8.022
43876.74	-8.024
43877.74	-8.024
43878.74	-8.027
43879.74	-8.023
43880.74	-8.023
43881.74	-8.025
43882.74	-8.026
43883.74	-8.022
43884.74	-8.023
43885.74	-8.022
43886.74	-8.022
43887.74	-8.023
43888.74	-8.024
43889.74	-8.023
43890.74	-8.023
43891.74	-8.021
43892.74	-8.023
43893.74	-8.023
43894.74	-8.021
43895.74	-8.021
43896.74	-8.024
43897.74	-8.023
43898.74	-8.023
43899.74	-8.023
43900.74	-8.023
43901.74	-8.023
43902.74	-8.025
43903.74	-8.025
43904.74	-8.023
43905.74	-8.022
43906.74	-8.022
43907.74	-8.023
43908.74	-8.023
43909.74	-8.024
43910.74	-8.024
43911.74	-8.025
43912.74	-8.024
43913.74	-8.026
43914.74	-8.024
43915.74	-8.022
43916.74	-8.023
43917.74	-8.025
43918.74	-8.024
43919.74	-8.022
43920.74	-8.021
43921.74	-8.024
43922.74	-8.024
43923.74	-8.024
43924.74	-8.024
43925.74	-8.022
43926.74	-8.025
43927.74	-8.023
43928.74	-8.023
43929.74	-8.023
43930.74	-8.023
43931.74	-8.023
43932.74	-8.024
43933.74	-8.024
43934.74	-8.021
43935.74	-8.023
43936.74	-8.022
43937.74	-8.025
43938.74	-8.02
43939.74	-8.024
43940.74	-8.023
43941.74	-8.021
43942.74	-8.023
43943.74	-8.022
43944.74	-8.023
43945.74	-8.023
43946.74	-8.021
43947.74	-8.026
43948.74	-8.025
43949.74	-8.02
43950.74	-8.022
43951.74	-8.022
43952.74	-8.024
43953.74	-8.024
43954.74	-8.024
43955.74	-8.023
43956.74	-8.023
43957.74	-8.023
43958.74	-8.025
43959.74	-8.024
43960.74	-8.025
43961.74	-8.024
43962.74	-8.02
43963.74	-8.023
43964.74	-8.02
43965.74	-8.024
43966.74	-8.028
43967.74	-8.019
43968.74	-8.021
43969.74	-8.023
43970.74	-8.022
43971.74	-8.024
43972.74	-8.023
43973.74	-8.026
43974.74	-8.025
43975.74	-8.022
43976.74	-8.023
43977.74	-8.023
43978.74	-8.024
43979.74	-8.022
43980.74	-8.024
43981.74	-8.025
43982.74	-8.021
43983.74	-8.023
43984.74	-8.026
43985.74	-8.026
43986.74	-8.022
43987.74	-8.024
43988.74	-8.025
43989.74	-8.026
43990.74	-8.022
43991.74	-8.026
43992.74	-8.023
43993.74	-8.025
43994.74	-8.023
43995.74	-8.021
43996.74	-8.025
43997.74	-8.025
43998.74	-8.024
43999.74	-8.026
44000.74	-8.023
44001.74	-8.022
44002.74	-8.023
44003.74	-8.023
44004.74	-8.024
44005.74	-8.026
44006.74	-8.021
44007.74	-8.024
44008.74	-8.022
44009.74	-8.022
44010.74	-8.024
44011.74	-8.025
44012.74	-8.022
44013.74	-8.028
44014.74	-8.023
44015.74	-8.022
44016.74	-8.025
44017.74	-8.023
44018.74	-8.026
44019.74	-8.025
44020.74	-8.021
44021.74	-8.023
44022.74	-8.023
44023.74	-8.023
44024.74	-8.024
44025.74	-8.024
44026.74	-8.022
44027.74	-8.023
44028.74	-8.024
44029.74	-8.028
44030.74	-8.022
44031.74	-8.023
44032.74	-8.024
44033.74	-8.023
44034.74	-8.023
44035.74	-8.021
44036.74	-8.025
44037.74	-8.026
44038.74	-8.022
44039.74	-8.023
44040.74	-8.026
44041.74	-8.027
44042.74	-8.026
44043.74	-8.025
44044.74	-8.024
44045.74	-8.023
44046.74	-8.025
44047.74	-8.023
44048.74	-8.024
44049.74	-8.024
44050.74	-8.024
44051.74	-8.026
44052.74	-8.025
44053.74	-8.022
44054.74	-8.024
44055.74	-8.023
44056.74	-8.023
44057.74	-8.023
44058.74	-8.025
44059.74	-8.024
44060.74	-8.025
44061.74	-8.024
44062.74	-8.025
44063.74	-8.023
44064.74	-8.022
44065.74	-8.024
44066.74	-8.022
44067.74	-8.025
44068.74	-8.022
44069.74	-8.022
44070.74	-8.025
44071.74	-8.023
44072.74	-8.021
44073.74	-8.022
44074.74	-8.021
44075.74	-8.025
44076.74	-8.024
44077.74	-8.022
44078.74	-8.024
44079.74	-8.027
44080.74	-8.024
44081.74	-8.022
44082.74	-8.022
44083.74	-8.026
44084.74	-8.023
44085.74	-8.024
44086.74	-8.022
44087.74	-8.024
44088.74	-8.026
44089.74	-8.023
44090.74	-8.025
44091.74	-8.022
44092.74	-8.022
44093.74	-8.026
44094.74	-8.02
44095.74	-8.023
44096.74	-8.024
44097.74	-8.024
44098.74	-8.021
44099.74	-8.02
44100.74	-8.023
44101.74	-8.024
44102.74	-8.025
44103.74	-8.025
44104.74	-8.025
44105.74	-8.022
44106.74	-8.023
44107.74	-8.024
44108.74	-8.021
44109.74	-8.022
44110.74	-8.025
44111.74	-8.022
44112.74	-8.025
44113.74	-8.024
44114.74	-8.023
44115.74	-8.024
44116.74	-8.024
44117.74	-8.024
44118.74	-8.023
44119.74	-8.025
44120.74	-8.023
44121.74	-8.022
44122.74	-8.025
44123.74	-8.022
44124.74	-8.021
44125.74	-8.026
44126.74	-8.026
44127.74	-8.023
44128.74	-8.024
44129.74	-8.024
44130.74	-8.023
44131.74	-8.024
44132.74	-8.026
44133.74	-8.023
44134.74	-8.025
44135.74	-8.024
44136.74	-8.026
44137.74	-8.026
44138.74	-8.022
44139.74	-8.022
44140.74	-8.025
44141.74	-8.024
44142.74	-8.023
44143.74	-8.023
44144.74	-8.023
44145.74	-8.024
44146.74	-8.021
44147.74	-8.023
44148.74	-8.022
44149.74	-8.021
44150.74	-8.023
44151.74	-8.025
44152.74	-8.023
44153.74	-8.021
44154.74	-8.023
44155.74	-8.026
44156.74	-8.023
44157.74	-8.026
44158.74	-8.021
44159.74	-8.024
44160.74	-8.024
44161.74	-8.021
44162.74	-8.021
44163.74	-8.023
44164.74	-8.024
44165.74	-8.022
44166.74	-8.021
44167.74	-8.024
44168.74	-8.024
44169.74	-8.025
44170.74	-8.022
44171.74	-8.02
44172.74	-8.023
44173.74	-8.021
44174.74	-8.022
44175.74	-8.024
44176.74	-8.024
44177.74	-8.022
44178.74	-8.022
44179.74	-8.023
44180.74	-8.023
44181.74	-8.025
44182.74	-8.025
44183.74	-8.024
44184.74	-8.022
44185.74	-8.023
44186.74	-8.023
44187.74	-8.023
44188.74	-8.023
44189.74	-8.022
44190.74	-8.027
44191.74	-8.023
44192.74	-8.023
44193.74	-8.023
44194.74	-8.023
44195.74	-8.024
44196.74	-8.024
44197.74	-8.025
44198.74	-8.023
44199.74	-8.024
44200.74	-8.022
44201.74	-8.02
44202.74	-8.024
44203.74	-8.023
44204.74	-8.025
44205.74	-8.024
44206.74	-8.022
44207.74	-8.021
44208.74	-8.022
44209.74	-8.024
44210.74	-8.025
44211.74	-8.022
44212.74	-8.022
44213.74	-8.024
44214.74	-8.025
44215.74	-8.024
44216.74	-8.023
44217.74	-8.026
44218.74	-8.024
44219.74	-8.025
44220.74	-8.024
44221.74	-8.024
44222.74	-8.024
44223.74	-8.023
44224.74	-8.022
44225.74	-8.024
44226.74	-8.022
44227.74	-8.023
44228.74	-8.023
44229.74	-8.023
44230.74	-8.025
44231.74	-8.025
44232.74	-8.021
44233.74	-8.024
44234.74	-8.02
44235.74	-8.023
44236.74	-8.024
44237.74	-8.024
44238.74	-8.022
44239.74	-8.021
44240.74	-8.023
44241.74	-8.024
44242.74	-8.023
44243.74	-8.021
44244.74	-8.021
44245.74	-8.022
44246.74	-8.027
44247.74	-8.027
44248.74	-8.024
44249.74	-8.023
44250.74	-8.021
44251.74	-8.022
44252.74	-8.023
44253.74	-8.022
44254.74	-8.022
44255.74	-8.025
44256.74	-8.024
44257.74	-8.025
44258.74	-8.023
44259.74	-8.024
44260.74	-8.024
44261.74	-8.023
44262.74	-8.022
44263.74	-8.026
44264.74	-8.025
44265.74	-8.02
44266.74	-8.024
44267.74	-8.022
44268.74	-8.023
44269.74	-8.021
44270.74	-8.025
44271.74	-8.02
44272.74	-8.024
44273.74	-8.024
44274.74	-8.023
44275.74	-8.021
44276.74	-8.026
44277.74	-8.025
44278.74	-8.022
44279.74	-8.028
44280.74	-8.021
44281.74	-8.024
44282.74	-8.025
44283.74	-8.023
44284.74	-8.026
44285.74	-8.026
44286.74	-8.023
44287.74	-8.022
44288.74	-8.021
44289.74	-8.021
44290.74	-8.02
44291.74	-8.023
44292.74	-8.024
44293.74	-8.022
44294.74	-8.025
44295.74	-8.02
44296.74	-8.022
44297.74	-8.022
44298.74	-8.023
44299.74	-8.023
44300.74	-8.02
44301.74	-8.023
44302.74	-8.02
44303.74	-8.025
44304.74	-8.024
44305.74	-8.02
44306.74	-8.024
44307.74	-8.021
44308.74	-8.02
44309.74	-8.022
44310.74	-8.022
44311.74	-8.021
44312.74	-8.022
44313.74	-8.02
44314.74	-8.02
44315.74	-8.024
44316.74	-8.022
44317.74	-8.023
44318.74	-8.023
44319.74	-8.019
44320.74	-8.022
44321.74	-8.021
44322.74	-8.014
44323.74	-8.014
44324.74	-8.016
44325.74	-8.014
44326.74	-8.016
44327.74	-8.017
44328.74	-8.019
44329.74	-8.017
44330.74	-8.016
44331.74	-8.017
44332.74	-8.017
44333.74	-8.013
44334.74	-8.018
44335.74	-8.018
44336.74	-8.017
44337.74	-8.017
44338.74	-8.018
44339.74	-8.017
44340.74	-8.019
44341.74	-8.016
44342.74	-8.018
44343.74	-8.016
44344.74	-8.017
44345.74	-8.014
44346.74	-8.016
44347.74	-8.016
44348.74	-8.017
44349.74	-8.017
44350.74	-8.017
44351.74	-8.017
44352.74	-8.015
44353.74	-8.014
44354.74	-8.018
44355.74	-8.019
44356.74	-8.016
44357.74	-8.016
44358.74	-8.017
44359.74	-8.018
44360.74	-8.015
44361.74	-8.015
44362.74	-8.016
44363.74	-8.018
44364.74	-8.017
44365.74	-8.018
44366.74	-8.017
44367.74	-8.016
44368.74	-8.018
44369.74	-8.016
44370.74	-8.015
44371.74	-8.016
44372.74	-8.015
44373.74	-8.018
44374.74	-8.018
44375.74	-8.014
44376.74	-8.015
44377.74	-8.017
44378.74	-8.012
44379.74	-8.017
44380.74	-8.016
44381.74	-8.017
44382.74	-8.016
44383.74	-8.015
44384.74	-8.017
44385.74	-8.015
44386.74	-8.016
44387.74	-8.015
44388.74	-8.017
44389.74	-8.017
44390.74	-8.016
44391.74	-8.014
44392.74	-8.017
44393.74	-8.016
44394.74	-8.015
44395.74	-8.016
44396.74	-8.018
44397.74	-8.015
44398.74	-8.017
44399.74	-8.017
44400.74	-8.019
44401.74	-8.016
44402.74	-8.02
44403.74	-8.017
44404.74	-8.013
44405.74	-8.015
44406.74	-8.015
44407.74	-8.017
44408.74	-8.016
44409.74	-8.017
44410.74	-8.018
44411.74	-8.016
44412.74	-8.012
44413.74	-8.015
44414.74	-8.015
44415.74	-8.015
44416.74	-8.02
44417.74	-8.019
44418.74	-8.016
44419.74	-8.017
44420.74	-8.019
44421.74	-8.018
44422.74	-8.017
44423.74	-8.018
44424.74	-8.016
44425.74	-8.019
44426.74	-8.018
44427.74	-8.016
44428.74	-8.017
44429.74	-8.014
44430.74	-8.017
44431.74	-8.014
44432.74	-8.016
44433.74	-8.019
44434.74	-8.017
44435.74	-8.016
44436.74	-8.015
44437.74	-8.014
44438.74	-8.016
44439.74	-8.017
44440.74	-8.018
44441.74	-8.017
44442.74	-8.016
44443.74	-8.016
44444.74	-8.018
44445.74	-8.015
44446.74	-8.016
44447.74	-8.016
44448.74	-8.015
44449.74	-8.016
44450.74	-8.016
44451.74	-8.02
44452.74	-8.015
44453.74	-8.018
44454.74	-8.015
44455.74	-8.018
44456.74	-8.014
44457.74	-8.016
44458.74	-8.019
44459.74	-8.017
44460.74	-8.017
44461.74	-8.021
44462.74	-8.019
44463.74	-8.022
44464.74	-8.021
44465.74	-8.02
44466.74	-8.022
44467.74	-8.019
44468.74	-8.021
44469.74	-8.022
44470.74	-8.021
44471.74	-8.019
44472.74	-8.022
44473.74	-8.023
44474.74	-8.022
44475.74	-8.021
44476.74	-8.018
44477.74	-8.023
44478.74	-8.021
44479.74	-8.021
44480.74	-8.021
44481.74	-8.02
44482.74	-8.024
44483.74	-8.02
44484.74	-8.025
44485.74	-8.023
44486.74	-8.018
44487.74	-8.02
44488.74	-8.019
44489.74	-8.022
44490.74	-8.021
44491.74	-8.023
44492.74	-8.019
44493.74	-8.022
44494.74	-8.021
44495.74	-8.02
44496.74	-8.022
44497.74	-8.021
44498.74	-8.024
44499.74	-8.023
44500.74	-8.021
44501.74	-8.02
44502.74	-8.021
44503.74	-8.021
44504.74	-8.022
44505.74	-8.025
44506.74	-8.022
44507.74	-8.021
44508.74	-8.021
44509.74	-8.021
44510.74	-8.024
44511.74	-8.022
44512.74	-8.02
44513.74	-8.024
44514.74	-8.023
44515.74	-8.02
44516.74	-8.02
44517.74	-8.021
44518.74	-8.021
44519.74	-8.02
44520.74	-8.024
44521.74	-8.018
44522.74	-8.021
44523.74	-8.024
44524.74	-8.02
44525.74	-8.024
44526.74	-8.021
44527.74	-8.024
44528.74	-8.025
44529.74	-8.023
44530.74	-8.025
44531.74	-8.024
44532.74	-8.021
44533.74	-8.023
44534.74	-8.022
44535.74	-8.021
44536.74	-8.023
44537.74	-8.024
44538.74	-8.022
44539.74	-8.02
44540.74	-8.02
44541.74	-8.022
44542.74	-8.024
44543.74	-8.024
44544.74	-8.019
44545.74	-8.022
44546.74	-8.026
44547.74	-8.022
44548.74	-8.022
44549.74	-8.023
44550.74	-8.022
44551.74	-8.022
44552.74	-8.021
44553.74	-8.022
44554.74	-8.022
44555.74	-8.021
44556.74	-8.024
44557.74	-8.023
44558.74	-8.022
44559.74	-8.022
44560.74	-8.025
44561.74	-8.021
44562.74	-8.022
44563.74	-8.022
44564.74	-8.024
44565.74	-8.023
44566.74	-8.021
44567.74	-8.024
44568.74	-8.022
44569.74	-8.021
44570.74	-8.023
44571.74	-8.022
44572.74	-8.024
44573.74	-8.022
44574.74	-8.02
44575.74	-8.023
44576.74	-8.02
44577.74	-8.022
44578.74	-8.023
44579.74	-8.021
44580.74	-8.021
44581.74	-8.022
44582.74	-8.023
44583.74	-8.022
44584.74	-8.023
44585.74	-8.02
44586.74	-8.02
44587.74	-8.023
44588.74	-8.022
44589.74	-8.025
44590.74	-8.023
44591.74	-8.022
44592.74	-8.022
44593.74	-8.024
44594.74	-8.025
44595.74	-8.022
44596.74	-8.02
44597.74	-8.023
44598.74	-8.024
44599.74	-8.025
44600.74	-8.022
44601.74	-8.022
44602.74	-8.021
44603.74	-8.022
44604.74	-8.022
44605.74	-8.022
44606.74	-8.023
44607.74	-8.02
44608.74	-8.02
44609.74	-8.022
44610.74	-8.023
44611.74	-8.022
44612.74	-8.021
44613.74	-8.022
44614.74	-8.022
44615.74	-8.023
44616.74	-8.022
44617.74	-8.024
44618.74	-8.025
44619.74	-8.022
44620.74	-8.022
44621.74	-8.023
44622.74	-8.028
44623.74	-8.023
44624.74	-8.023
44625.74	-8.024
44626.74	-8.022
44627.74	-8.022
44628.74	-8.022
44629.74	-8.021
44630.74	-8.024
44631.74	-8.024
44632.74	-8.023
44633.74	-8.022
44634.74	-8.022
44635.74	-8.022
44636.74	-8.022
44637.74	-8.022
44638.74	-8.022
44639.74	-8.021
44640.74	-8.021
44641.74	-8.02
44642.74	-8.023
44643.74	-8.022
44644.74	-8.022
44645.74	-8.021
44646.74	-8.023
44647.74	-8.022
44648.74	-8.021
44649.74	-8.02
44650.74	-8.023
44651.74	-8.022
44652.74	-8.019
44653.74	-8.02
44654.74	-8.022
44655.74	-8.022
44656.74	-8.022
44657.74	-8.019
44658.74	-8.021
44659.74	-8.021
44660.74	-8.02
44661.74	-8.024
44662.74	-8.022
44663.74	-8.025
44664.74	-8.022
44665.74	-8.022
44666.74	-8.023
44667.74	-8.021
44668.74	-8.023
44669.74	-8.024
44670.74	-8.023
44671.74	-8.021
44672.74	-8.023
44673.74	-8.023
44674.74	-8.023
44675.74	-8.025
44676.74	-8.023
44677.74	-8.022
44678.74	-8.022
44679.74	-8.023
44680.74	-8.022
44681.74	-8.023
44682.74	-8.019
44683.74	-8.021
44684.74	-8.023
44685.74	-8.023
44686.74	-8.019
44687.74	-8.022
44688.74	-8.026
44689.74	-8.022
44690.74	-8.023
44691.74	-8.021
44692.74	-8.023
44693.74	-8.023
44694.74	-8.023
44695.74	-8.024
44696.74	-8.02
44697.74	-8.024
44698.74	-8.024
44699.74	-8.022
44700.74	-8.024
44701.74	-8.025
44702.74	-8.022
44703.74	-8.025
44704.74	-8.022
44705.74	-8.025
44706.74	-8.024
44707.74	-8.024
44708.74	-8.022
44709.74	-8.023
44710.74	-8.021
44711.74	-8.026
44712.74	-8.024
44713.74	-8.025
44714.74	-8.021
44715.74	-8.021
44716.74	-8.024
44717.74	-8.021
44718.74	-8.02
44719.74	-8.022
44720.74	-8.024
44721.74	-8.022
44722.74	-8.02
44723.74	-8.02
44724.74	-8.021
44725.74	-8.021
44726.74	-8.023
44727.74	-8.024
44728.74	-8.024
44729.74	-8.025
44730.74	-8.024
44731.74	-8.02
44732.74	-8.022
44733.74	-8.022
44734.74	-8.028
44735.74	-8.024
44736.74	-8.023
44737.74	-8.02
44738.74	-8.023
44739.74	-8.023
44740.74	-8.021
44741.74	-8.023
44742.74	-8.023
44743.74	-8.021
44744.74	-8.022
44745.74	-8.022
44746.74	-8.023
44747.74	-8.021
44748.74	-8.025
44749.74	-8.023
44750.74	-8.023
44751.74	-8.024
44752.74	-8.021
44753.74	-8.019
44754.74	-8.025
44755.74	-8.021
44756.74	-8.021
44757.74	-8.021
44758.74	-8.02
44759.74	-8.024
44760.74	-8.017
44761.74	-8.021
44762.74	-8.021
44763.74	-8.023
44764.74	-8.022
44765.74	-8.023
44766.74	-8.025
44767.74	-8.022
44768.74	-8.023
44769.74	-8.023
44770.74	-8.021
44771.74	-8.022
44772.74	-8.023
44773.74	-8.019
44774.74	-8.023
44775.74	-8.023
44776.74	-8.022
44777.74	-8.023
44778.74	-8.02
44779.74	-8.022
44780.74	-8.022
44781.74	-8.018
44782.74	-8.022
44783.74	-8.023
44784.74	-8.024
44785.74	-8.02
44786.74	-8.02
44787.74	-8.021
44788.74	-8.023
44789.74	-8.022
44790.74	-8.023
44791.74	-8.021
44792.74	-8.021
44793.74	-8.022
44794.74	-8.021
44795.74	-8.021
44796.74	-8.023
44797.74	-8.023
44798.74	-8.023
44799.74	-8.022
44800.74	-8.023
44801.74	-8.022
44802.74	-8.021
44803.74	-8.02
44804.74	-8.022
44805.74	-8.021
44806.74	-8.022
44807.74	-8.019
44808.74	-8.022
44809.74	-8.022
44810.74	-8.023
44811.74	-8.021
44812.74	-8.021
44813.74	-8.021
44814.74	-8.02
44815.74	-8.024
44816.74	-8.024
44817.74	-8.02
44818.74	-8.021
44819.74	-8.024
44820.74	-8.021
44821.74	-8.024
44822.74	-8.021
44823.74	-8.021
44824.74	-8.022
44825.74	-8.021
44826.74	-8.023
44827.74	-8.023
44828.74	-8.02
44829.74	-8.022
44830.74	-8.022
44831.74	-8.021
44832.74	-8.018
44833.74	-8.024
44834.74	-8.022
44835.74	-8.023
44836.74	-8.024
44837.74	-8.021
44838.74	-8.023
44839.74	-8.021
44840.74	-8.019
44841.74	-8.021
44842.74	-8.023
44843.74	-8.021
44844.74	-8.023
44845.74	-8.024
44846.74	-8.022
44847.74	-8.022
44848.74	-8.022
44849.74	-8.023
44850.74	-8.023
44851.74	-8.024
44852.74	-8.021
44853.74	-8.022
44854.74	-8.021
44855.74	-8.02
44856.74	-8.023
44857.74	-8.021
44858.74	-8.025
44859.74	-8.021
44860.74	-8.023
44861.74	-8.022
44862.74	-8.021
44863.74	-8.025
44864.74	-8.025
44865.74	-8.024
44866.74	-8.027
44867.74	-8.021
44868.74	-8.02
44869.74	-8.025
44870.74	-8.021
44871.74	-8.024
44872.74	-8.019
44873.74	-8.023
44874.74	-8.021
44875.74	-8.024
44876.74	-8.023
44877.74	-8.024
44878.74	-8.021
44879.74	-8.02
44880.74	-8.02
44881.74	-8.022
44882.74	-8.021
44883.74	-8.026
44884.74	-8.023
44885.74	-8.019
44886.74	-8.023
44887.74	-8.023
44888.74	-8.026
44889.74	-8.024
44890.74	-8.023
44891.74	-8.024
44892.74	-8.023
44893.74	-8.023
44894.74	-8.023
44895.74	-8.022
44896.74	-8.023
44897.74	-8.021
44898.74	-8.022
44899.74	-8.021
44900.74	-8.022
44901.74	-8.02
44902.74	-8.019
44903.74	-8.023
44904.74	-8.023
44905.74	-8.026
44906.74	-8.024
44907.74	-8.023
44908.74	-8.023
44909.74	-8.023
44910.74	-8.023
44911.74	-8.022
44912.74	-8.021
44913.74	-8.02
44914.74	-8.025
44915.74	-8.025
44916.74	-8.025
44917.74	-8.022
44918.74	-8.02
44919.74	-8.023
44920.74	-8.023
44921.74	-8.023
44922.74	-8.022
44923.74	-8.022
44924.74	-8.022
44925.74	-8.021
44926.74	-8.024
44927.74	-8.022
44928.74	-8.022
44929.74	-8.024
44930.74	-8.023
44931.74	-8.022
44932.74	-8.021
44933.74	-8.021
44934.74	-8.024
44935.74	-8.022
44936.74	-8.023
44937.74	-8.021
44938.74	-8.02
44939.74	-8.022
44940.74	-8.024
44941.74	-8.022
44942.74	-8.021
44943.74	-8.023
44944.74	-8.022
44945.74	-8.022
44946.74	-8.024
44947.74	-8.022
44948.74	-8.023
44949.74	-8.023
44950.74	-8.022
44951.74	-8.022
44952.74	-8.022
44953.74	-8.022
44954.74	-8.023
44955.74	-8.024
44956.74	-8.022
44957.74	-8.022
44958.74	-8.021
44959.74	-8.021
44960.74	-8.022
44961.74	-8.021
44962.74	-8.022
44963.74	-8.021
44964.74	-8.019
44965.74	-8.025
44966.74	-8.023
44967.74	-8.022
44968.74	-8.021
44969.74	-8.025
44970.74	-8.023
44971.74	-8.023
44972.74	-8.022
44973.74	-8.023
44974.74	-8.021
44975.74	-8.021
44976.74	-8.023
44977.74	-8.023
44978.74	-8.023
44979.74	-8.023
44980.74	-8.02
44981.74	-8.023
44982.74	-8.023
44983.74	-8.026
44984.74	-8.022
44985.74	-8.021
44986.74	-8.022
44987.74	-8.023
44988.74	-8.022
44989.74	-8.022
44990.74	-8.023
44991.74	-8.023
44992.74	-8.024
44993.74	-8.023
44994.74	-8.023
44995.74	-8.025
44996.74	-8.025
44997.74	-8.024
44998.74	-8.023
44999.74	-8.023
45000.74	-8.023
45001.74	-8.024
45002.74	-8.021
45003.74	-8.023
45004.74	-8.022
45005.74	-8.022
45006.74	-8.024
45007.74	-8.021
45008.74	-8.023
45009.74	-8.024
45010.74	-8.023
45011.74	-8.024
45012.74	-8.022
45013.74	-8.02
45014.74	-8.023
45015.74	-8.024
45016.74	-8.022
45017.74	-8.022
45018.74	-8.022
45019.74	-8.025
45020.74	-8.024
45021.74	-8.022
45022.74	-8.021
45023.74	-8.021
45024.74	-8.02
45025.74	-8.024
45026.74	-8.023
45027.74	-8.022
45028.74	-8.022
45029.74	-8.023
45030.74	-8.023
45031.74	-8.024
45032.74	-8.02
45033.74	-8.022
45034.74	-8.022
45035.74	-8.024
45036.74	-8.024
45037.74	-8.024
45038.74	-8.021
45039.74	-8.021
45040.74	-8.023
45041.74	-8.021
45042.74	-8.023
45043.74	-8.022
45044.74	-8.022
45045.74	-8.023
45046.74	-8.024
45047.74	-8.023
45048.74	-8.023
45049.74	-8.025
45050.74	-8.022
45051.74	-8.023
45052.74	-8.022
45053.74	-8.024
45054.74	-8.022
45055.74	-8.021
45056.74	-8.024
45057.74	-8.023
45058.74	-8.022
45059.74	-8.021
45060.74	-8.025
45061.74	-8.022
45062.74	-8.024
45063.74	-8.022
45064.74	-8.024
45065.74	-8.025
45066.74	-8.02
45067.74	-8.023
45068.74	-8.024
45069.74	-8.023
45070.74	-8.022
45071.74	-8.025
45072.74	-8.024
45073.74	-8.021
45074.74	-8.022
45075.74	-8.021
45076.74	-8.022
45077.74	-8.022
45078.74	-8.023
45079.74	-8.021
45080.74	-8.022
45081.74	-8.026
45082.74	-8.023
45083.74	-8.021
45084.74	-8.023
45085.74	-8.023
45086.74	-8.021
45087.74	-8.021
45088.74	-8.023
45089.74	-8.023
45090.74	-8.02
45091.74	-8.023
45092.74	-8.022
45093.74	-8.023
45094.74	-8.025
45095.74	-8.023
45096.74	-8.025
45097.74	-8.022
45098.74	-8.025
45099.74	-8.022
45100.74	-8.023
45101.74	-8.022
45102.74	-8.021
45103.74	-8.023
45104.74	-8.022
45105.74	-8.025
45106.74	-8.026
45107.74	-8.024
45108.74	-8.025
45109.74	-8.024
45110.74	-8.022
45111.74	-8.024
45112.74	-8.024
45113.74	-8.023
45114.74	-8.025
45115.74	-8.024
45116.74	-8.025
45117.74	-8.025
45118.74	-8.025
45119.74	-8.024
45120.74	-8.021
45121.74	-8.022
45122.74	-8.021
45123.74	-8.021
45124.74	-8.023
45125.74	-8.021
45126.74	-8.022
45127.74	-8.02
45128.74	-8.023
45129.74	-8.02
45130.74	-8.022
45131.74	-8.025
45132.74	-8.022
45133.74	-8.022
45134.74	-8.022
45135.74	-8.023
45136.74	-8.022
45137.74	-8.021
45138.74	-8.022
45139.74	-8.02
45140.74	-8.023
45141.74	-8.024
45142.74	-8.023
45143.74	-8.023
45144.74	-8.023
45145.74	-8.024
45146.74	-8.022
45147.74	-8.02
45148.74	-8.024
45149.74	-8.02
45150.74	-8.022
45151.74	-8.021
45152.74	-8.021
45153.74	-8.023
45154.74	-8.026
45155.74	-8.023
45156.74	-8.022
45157.74	-8.022
45158.74	-8.022
45159.74	-8.024
45160.74	-8.025
45161.74	-8.022
45162.74	-8.02
45163.74	-8.021
45164.74	-8.025
45165.74	-8.022
45166.74	-8.023
45167.74	-8.024
45168.74	-8.022
45169.74	-8.024
45170.74	-8.02
45171.74	-8.023
45172.74	-8.022
45173.74	-8.024
45174.74	-8.024
45175.74	-8.022
45176.74	-8.023
45177.74	-8.022
45178.74	-8.021
45179.74	-8.024
45180.74	-8.024
45181.74	-8.024
45182.74	-8.024
45183.74	-8.022
45184.74	-8.021
45185.74	-8.023
45186.74	-8.023
45187.74	-8.021
45188.74	-8.023
45189.74	-8.021
45190.74	-8.021
45191.74	-8.021
45192.74	-8.022
45193.74	-8.027
45194.74	-8.023
45195.74	-8.022
45196.74	-8.022
45197.74	-8.025
45198.74	-8.022
45199.74	-8.023
45200.74	-8.026
45201.74	-8.025
45202.74	-8.024
45203.74	-8.025
45204.74	-8.019
45205.74	-8.024
45206.74	-8.02
45207.74	-8.021
45208.74	-8.024
45209.74	-8.024
45210.74	-8.023
45211.74	-8.02
45212.74	-8.027
45213.74	-8.023
45214.74	-8.024
45215.74	-8.021
45216.74	-8.024
45217.74	-8.022
45218.74	-8.022
45219.74	-8.022
45220.74	-8.025
45221.74	-8.023
45222.74	-8.02
45223.74	-8.023
45224.74	-8.022
45225.74	-8.025
45226.74	-8.021
45227.74	-8.023
45228.74	-8.022
45229.74	-8.022
45230.74	-8.022
45231.74	-8.023
45232.74	-8.021
45233.74	-8.023
45234.74	-8.023
45235.74	-8.023
45236.74	-8.022
45237.74	-8.023
45238.74	-8.024
45239.74	-8.02
45240.74	-8.025
45241.74	-8.023
45242.74	-8.023
45243.74	-8.022
45244.74	-8.025
45245.74	-8.023
45246.74	-8.022
45247.74	-8.024
45248.74	-8.022
45249.74	-8.023
45250.74	-8.023
45251.74	-8.023
45252.74	-8.024
45253.74	-8.023
45254.74	-8.023
45255.74	-8.024
45256.74	-8.022
45257.74	-8.022
45258.74	-8.023
45259.74	-8.022
45260.74	-8.025
45261.74	-8.022
45262.74	-8.021
45263.74	-8.023
45264.74	-8.026
45265.74	-8.026
45266.74	-8.021
45267.74	-8.021
45268.74	-8.02
45269.74	-8.022
45270.74	-8.022
45271.74	-8.022
45272.74	-8.024
45273.74	-8.023
45274.74	-8.022
45275.74	-8.024
45276.74	-8.023
45277.74	-8.02
45278.74	-8.024
45279.74	-8.022
45280.74	-8.021
45281.74	-8.022
45282.74	-8.021
45283.74	-8.023
45284.74	-8.024
45285.74	-8.022
45286.74	-8.023
45287.74	-8.021
45288.74	-8.023
45289.74	-8.023
45290.74	-8.024
45291.74	-8.022
45292.74	-8.023
45293.74	-8.021
45294.74	-8.024
45295.74	-8.026
45296.74	-8.023
45297.74	-8.022
45298.74	-8.024
45299.74	-8.02
45300.74	-8.022
45301.74	-8.024
45302.74	-8.023
45303.74	-8.026
45304.74	-8.024
45305.74	-8.022
45306.74	-8.022
45307.74	-8.022
45308.74	-8.024
45309.74	-8.023
45310.74	-8.022
45311.74	-8.023
45312.74	-8.024
45313.74	-8.022
45314.74	-8.022
45315.74	-8.022
45316.74	-8.023
45317.74	-8.023
45318.74	-8.022
45319.74	-8.024
45320.74	-8.022
45321.74	-8.021
45322.74	-8.022
45323.74	-8.022
45324.74	-8.026
45325.74	-8.022
45326.74	-8.024
45327.74	-8.025
45328.74	-8.024
45329.74	-8.027
45330.74	-8.025
45331.74	-8.024
45332.74	-8.023
45333.74	-8.024
45334.74	-8.024
45335.74	-8.024
45336.74	-8.021
45337.74	-8.022
45338.74	-8.023
45339.74	-8.024
45340.74	-8.024
45341.74	-8.026
45342.74	-8.025
45343.74	-8.026
45344.74	-8.025
45345.74	-8.021
45346.74	-8.022
45347.74	-8.023
45348.74	-8.021
45349.74	-8.024
45350.74	-8.022
45351.74	-8.022
45352.74	-8.023
45353.74	-8.023
45354.74	-8.024
45355.74	-8.022
45356.74	-8.023
45357.74	-8.024
45358.74	-8.022
45359.74	-8.024
45360.74	-8.021
45361.74	-8.022
45362.74	-8.022
45363.74	-8.022
45364.74	-8.024
45365.74	-8.02
45366.74	-8.02
45367.74	-8.025
45368.74	-8.025
45369.74	-8.025
45370.74	-8.025
45371.74	-8.021
45372.74	-8.022
45373.74	-8.024
45374.74	-8.022
45375.74	-8.022
45376.74	-8.022
45377.74	-8.022
45378.74	-8.02
45379.74	-8.025
45380.74	-8.024
45381.74	-8.023
45382.74	-8.026
45383.74	-8.022
45384.74	-8.023
45385.74	-8.024
45386.74	-8.021
45387.74	-8.024
45388.74	-8.025
45389.74	-8.024
45390.74	-8.024
45391.74	-8.022
45392.74	-8.021
45393.74	-8.023
45394.74	-8.023
45395.74	-8.025
45396.74	-8.025
45397.74	-8.024
45398.74	-8.022
45399.74	-8.024
45400.74	-8.025
45401.74	-8.022
45402.74	-8.025
45403.74	-8.026
45404.74	-8.024
45405.74	-8.022
45406.74	-8.023
45407.74	-8.022
45408.74	-8.02
45409.74	-8.022
45410.74	-8.022
45411.74	-8.023
45412.74	-8.024
45413.74	-8.024
45414.74	-8.024
45415.74	-8.023
45416.74	-8.023
45417.74	-8.021
45418.74	-8.022
45419.74	-8.023
45420.74	-8.024
45421.74	-8.023
45422.74	-8.022
45423.74	-8.022
45424.74	-8.022
45425.74	-8.027
45426.74	-8.023
45427.74	-8.024
45428.74	-8.023
45429.74	-8.024
45430.74	-8.024
45431.74	-8.024
45432.74	-8.025
45433.74	-8.027
45434.74	-8.024
45435.74	-8.026
45436.74	-8.023
45437.74	-8.024
45438.74	-8.025
45439.74	-8.025
45440.74	-8.024
45441.74	-8.024
45442.74	-8.022
45443.74	-8.023
45444.74	-8.023
45445.74	-8.026
45446.74	-8.025
45447.74	-8.023
45448.74	-8.024
45449.74	-8.024
45450.74	-8.023
45451.74	-8.026
45452.74	-8.022
45453.74	-8.024
45454.74	-8.02
45455.74	-8.023
45456.74	-8.022
45457.74	-8.023
45458.74	-8.023
45459.74	-8.024
45460.74	-8.023
45461.74	-8.022
45462.74	-8.024
45463.74	-8.023
45464.74	-8.022
45465.74	-8.021
45466.74	-8.024
45467.74	-8.022
45468.74	-8.023
45469.74	-8.024
45470.74	-8.022
45471.74	-8.023
45472.74	-8.024
45473.74	-8.025
45474.74	-8.021
45475.74	-8.023
45476.74	-8.024
45477.74	-8.024
45478.74	-8.023
45479.74	-8.025
45480.74	-8.02
45481.74	-8.023
45482.74	-8.021
45483.74	-8.024
45484.74	-8.027
45485.74	-8.022
45486.74	-8.022
45487.74	-8.021
45488.74	-8.024
45489.74	-8.022
45490.74	-8.023
45491.74	-8.023
45492.74	-8.024
45493.74	-8.021
45494.74	-8.021
45495.74	-8.022
45496.74	-8.022
45497.74	-8.023
45498.74	-8.023
45499.74	-8.023
45500.74	-8.022
45501.74	-8.024
45502.74	-8.024
45503.74	-8.023
45504.74	-8.026
45505.74	-8.024
45506.74	-8.026
45507.74	-8.023
45508.74	-8.022
45509.74	-8.021
45510.74	-8.022
45511.74	-8.024
45512.74	-8.025
45513.74	-8.024
45514.74	-8.02
45515.74	-8.023
45516.74	-8.022
45517.74	-8.021
45518.74	-8.022
45519.74	-8.023
45520.74	-8.022
45521.74	-8.024
45522.74	-8.022
45523.74	-8.023
45524.74	-8.021
45525.74	-8.022
45526.74	-8.02
45527.74	-8.02
45528.74	-8.024
45529.74	-8.022
45530.74	-8.022
45531.74	-8.023
45532.74	-8.022
45533.74	-8.024
45534.74	-8.02
45535.74	-8.025
45536.74	-8.022
45537.74	-8.023
45538.74	-8.026
45539.74	-8.025
45540.74	-8.025
45541.74	-8.023
45542.74	-8.02
45543.74	-8.023
45544.74	-8.025
45545.74	-8.023
45546.74	-8.022
45547.74	-8.025
45548.74	-8.021
45549.74	-8.026
45550.74	-8.026
45551.74	-8.023
45552.74	-8.023
45553.74	-8.02
45554.74	-8.024
45555.74	-8.024
45556.74	-8.022
45557.74	-8.024
45558.74	-8.023
45559.74	-8.022
45560.74	-8.023
45561.74	-8.022
45562.74	-8.023
45563.74	-8.025
45564.74	-8.022
45565.74	-8.022
45566.74	-8.022
45567.74	-8.022
45568.74	-8.022
45569.74	-8.024
45570.74	-8.021
45571.74	-8.022
45572.74	-8.027
45573.74	-8.025
45574.74	-8.023
45575.74	-8.022
45576.74	-8.024
45577.74	-8.022
45578.74	-8.024
45579.74	-8.024
45580.74	-8.026
45581.74	-8.024
45582.74	-8.023
45583.74	-8.025
45584.74	-8.024
45585.74	-8.026
45586.74	-8.022
45587.74	-8.025
45588.74	-8.024
45589.74	-8.024
45590.74	-8.022
45591.74	-8.022
45592.74	-8.026
45593.74	-8.023
45594.74	-8.028
45595.74	-8.023
45596.74	-8.022
45597.74	-8.027
45598.74	-8.025
45599.74	-8.021
45600.74	-8.023
45601.74	-8.024
45602.74	-8.023
45603.74	-8.024
45604.74	-8.023
45605.74	-8.024
45606.74	-8.025
45607.74	-8.026
45608.74	-8.023
45609.74	-8.025
45610.74	-8.024
45611.74	-8.023
45612.74	-8.022
45613.74	-8.025
45614.74	-8.023
45615.74	-8.025
45616.74	-8.024
45617.74	-8.022
45618.74	-8.026
45619.74	-8.023
45620.74	-8.024
45621.74	-8.024
45622.74	-8.025
45623.74	-8.025
45624.74	-8.025
45625.74	-8.023
45626.74	-8.024
45627.74	-8.025
45628.74	-8.023
45629.74	-8.025
45630.74	-8.027
45631.74	-8.022
45632.74	-8.023
45633.74	-8.02
45634.74	-8.023
45635.74	-8.021
45636.74	-8.022
45637.74	-8.022
45638.74	-8.023
45639.74	-8.024
45640.74	-8.025
45641.74	-8.026
45642.74	-8.024
45643.74	-8.023
45644.74	-8.024
45645.74	-8.022
45646.74	-8.023
45647.74	-8.021
45648.74	-8.021
45649.74	-8.027
45650.74	-8.023
45651.74	-8.023
45652.74	-8.023
45653.74	-8.025
45654.74	-8.025
45655.74	-8.025
45656.74	-8.022
45657.74	-8.025
45658.74	-8.022
45659.74	-8.023
45660.74	-8.025
45661.74	-8.022
45662.74	-8.02
45663.74	-8.024
45664.74	-8.023
45665.74	-8.023
45666.74	-8.023
45667.74	-8.024
45668.74	-8.024
45669.74	-8.026
45670.74	-8.021
45671.74	-8.026
45672.74	-8.027
45673.74	-8.024
45674.74	-8.021
45675.74	-8.022
45676.74	-8.021
45677.74	-8.022
45678.74	-8.021
45679.74	-8.021
45680.74	-8.02
45681.74	-8.021
45682.74	-8.021
45683.74	-8.024
45684.74	-8.022
45685.74	-8.024
45686.74	-8.019
45687.74	-8.025
45688.74	-8.019
45689.74	-8.022
45690.74	-8.023
45691.74	-8.021
45692.74	-8.019
45693.74	-8.021
45694.74	-8.021
45695.74	-8.021
45696.74	-8.02
45697.74	-8.022
45698.74	-8.02
45699.74	-8.018
45700.74	-8.014
45701.74	-8.017
45702.74	-8.018
45703.74	-8.015
45704.74	-8.018
45705.74	-8.017
45706.74	-8.016
45707.74	-8.018
45708.74	-8.017
45709.74	-8.016
45710.74	-8.019
45711.74	-8.018
45712.74	-8.017
45713.74	-8.016
45714.74	-8.014
45715.74	-8.019
45716.74	-8.017
45717.74	-8.016
45718.74	-8.017
45719.74	-8.013
45720.74	-8.016
45721.74	-8.016
45722.74	-8.018
45723.74	-8.017
45724.74	-8.016
45725.74	-8.017
45726.74	-8.017
45727.74	-8.017
45728.74	-8.017
45729.74	-8.017
45730.74	-8.017
45731.74	-8.016
45732.74	-8.015
45733.74	-8.015
45734.74	-8.015
45735.74	-8.015
45736.74	-8.016
45737.74	-8.016
45738.74	-8.017
45739.74	-8.019
45740.74	-8.016
45741.74	-8.016
45742.74	-8.012
45743.74	-8.014
45744.74	-8.019
45745.74	-8.019
45746.74	-8.017
45747.74	-8.015
45748.74	-8.018
45749.74	-8.018
45750.74	-8.016
45751.74	-8.015
45752.74	-8.016
45753.74	-8.016
45754.74	-8.017
45755.74	-8.015
45756.74	-8.019
45757.74	-8.018
45758.74	-8.018
45759.74	-8.015
45760.74	-8.015
45761.74	-8.016
45762.74	-8.017
45763.74	-8.017
45764.74	-8.015
45765.74	-8.017
45766.74	-8.016
45767.74	-8.015
45768.74	-8.014
45769.74	-8.018
45770.74	-8.017
45771.74	-8.018
45772.74	-8.016
45773.74	-8.018
45774.74	-8.016
45775.74	-8.018
45776.74	-8.017
45777.74	-8.015
45778.74	-8.018
45779.74	-8.015
45780.74	-8.016
45781.74	-8.016
45782.74	-8.016
45783.74	-8.016
45784.74	-8.018
45785.74	-8.016
45786.74	-8.02
45787.74	-8.017
45788.74	-8.017
45789.74	-8.018
45790.74	-8.017
45791.74	-8.014
45792.74	-8.016
45793.74	-8.017
45794.74	-8.017
45795.74	-8.016
45796.74	-8.013
45797.74	-8.017
45798.74	-8.015
45799.74	-8.018
45800.74	-8.017
45801.74	-8.013
45802.74	-8.016
45803.74	-8.019
45804.74	-8.017
45805.74	-8.017
45806.74	-8.015
45807.74	-8.016
45808.74	-8.018
45809.74	-8.018
45810.74	-8.015
45811.74	-8.015
45812.74	-8.018
45813.74	-8.016
45814.74	-8.018
45815.74	-8.016
45816.74	-8.019
45817.74	-8.017
45818.74	-8.018
45819.74	-8.016
45820.74	-8.017
45821.74	-8.019
45822.74	-8.016
45823.74	-8.017
45824.74	-8.019
45825.74	-8.017
45826.74	-8.018
45827.74	-8.017
45828.74	-8.016
45829.74	-8.012
45830.74	-8.018
45831.74	-8.016
45832.74	-8.016
45833.74	-8.018
45834.74	-8.016
45835.74	-8.018
45836.74	-8.009
45837.74	-8.017
45838.74	-8.016
45839.74	-8.017
45840.74	-8.017
45841.74	-8.018
45842.74	-8.016
45843.74	-8.017
45844.74	-8.013
45845.74	-8.015
45846.74	-8.017
45847.74	-8.016
45848.74	-8.018
45849.74	-8.017
45850.74	-8.019
45851.74	-8.016
45852.74	-8.018
45853.74	-8.014
45854.74	-8.017
45855.74	-8.017
45856.74	-8.018
45857.74	-8.018
45858.74	-8.017
45859.74	-8.017
45860.74	-8.018
45861.74	-8.018
45862.74	-8.018
45863.74	-8.01
45864.74	-8.016
45865.74	-8.017
45866.74	-8.019
45867.74	-8.017
45868.74	-8.017
45869.74	-8.019
45870.74	-8.016
45871.74	-8.017
45872.74	-8.016
45873.74	-8.017
45874.74	-8.016
45875.74	-8.017
45876.74	-8.015
45877.74	-8.016
45878.74	-8.015
45879.74	-8.017
45880.74	-8.018
45881.74	-8.016
45882.74	-8.019
45883.74	-8.019
45884.74	-8.018
45885.74	-8.016
45886.74	-8.018
45887.74	-8.015
45888.74	-8.018
45889.74	-8.017
45890.74	-8.016
45891.74	-8.018
45892.74	-8.018
45893.74	-8.017
45894.74	-8.016
45895.74	-8.015
45896.74	-8.02
45897.74	-8.017
45898.74	-8.017
45899.74	-8.008
45900.74	-8.016
45901.74	-8.019
45902.74	-8.016
45903.74	-8.015
45904.74	-8.017
45905.74	-8.017
45906.74	-8.017
45907.74	-8.016
45908.74	-8.016
45909.74	-8.016
45910.74	-8.018
45911.74	-8.018
45912.74	-8.017
45913.74	-8.017
45914.74	-8.015
45915.74	-8.016
45916.74	-8.015
45917.74	-8.018
45918.74	-8.015
45919.74	-8.018
45920.74	-8.016
45921.74	-8.017
45922.74	-8.016
45923.74	-8.016
45924.74	-8.017
45925.74	-8.017
45926.74	-8.017
45927.74	-8.017
45928.74	-8.015
45929.74	-8.017
45930.74	-8.014
45931.74	-8.017
45932.74	-8.018
45933.74	-8.017
45934.74	-8.015
45935.74	-8.018
45936.74	-8.019
45937.74	-8.019
45938.74	-8.019
45939.74	-8.021
45940.74	-8.02
45941.74	-8.022
45942.74	-8.023
45943.74	-8.02
45944.74	-8.02
45945.74	-8.022
45946.74	-8.017
45947.74	-8.024
45948.74	-8.02
45949.74	-8.021
45950.74	-8.021
45951.74	-8.02
45952.74	-8.021
45953.74	-8.022
45954.74	-8.025
45955.74	-8.021
45956.74	-8.024
45957.74	-8.021
45958.74	-8.024
45959.74	-8.022
45960.74	-8.023
45961.74	-8.02
45962.74	-8.024
45963.74	-8.021
45964.74	-8.023
45965.74	-8.021
45966.74	-8.02
45967.74	-8.024
45968.74	-8.019
45969.74	-8.021
45970.74	-8.019
45971.74	-8.019
45972.74	-8.02
45973.74	-8.019
45974.74	-8.021
45975.74	-8.02
45976.74	-8.022
45977.74	-8.021
45978.74	-8.021
45979.74	-8.023
45980.74	-8.022
45981.74	-8.02
45982.74	-8.022
45983.74	-8.021
45984.74	-8.022
45985.74	-8.026
45986.74	-8.02
45987.74	-8.024
45988.74	-8.024
45989.74	-8.022
45990.74	-8.022
45991.74	-8.023
45992.74	-8.024
45993.74	-8.02
45994.74	-8.022
45995.74	-8.022
45996.74	-8.024
45997.74	-8.019
45998.74	-8.022
45999.74	-8.022
46000.74	-8.023
46001.74	-8.021
46002.74	-8.022
46003.74	-8.022
46004.74	-8.021
46005.74	-8.023
46006.74	-8.022
46007.74	-8.02
46008.74	-8.019
46009.74	-8.021
46010.74	-8.019
46011.74	-8.021
46012.74	-8.021
46013.74	-8.022
46014.74	-8.021
46015.74	-8.025
46016.74	-8.023
46017.74	-8.02
46018.74	-8.022
46019.74	-8.021
46020.74	-8.025
46021.74	-8.025
46022.74	-8.023
46023.74	-8.023
46024.74	-8.022
46025.74	-8.022
46026.74	-8.022
46027.74	-8.022
46028.74	-8.023
46029.74	-8.023
46030.74	-8.022
46031.74	-8.021
46032.74	-8.023
46033.74	-8.024
46034.74	-8.022
46035.74	-8.023
46036.74	-8.021
46037.74	-8.021
46038.74	-8.022
46039.74	-8.021
46040.74	-8.021
46041.74	-8.021
46042.74	-8.021
46043.74	-8.023
46044.74	-8.023
46045.74	-8.022
46046.74	-8.022
46047.74	-8.022
46048.74	-8.024
46049.74	-8.023
46050.74	-8.019
46051.74	-8.023
46052.74	-8.023
46053.74	-8.022
46054.74	-8.021
46055.74	-8.022
46056.74	-8.022
46057.74	-8.022
46058.74	-8.021
46059.74	-8.026
46060.74	-8.02
46061.74	-8.019
46062.74	-8.021
46063.74	-8.02
46064.74	-8.021
46065.74	-8.019
46066.74	-8.023
46067.74	-8.019
46068.74	-8.023
46069.74	-8.022
46070.74	-8.024
46071.74	-8.023
46072.74	-8.023
46073.74	-8.022
46074.74	-8.024
46075.74	-8.024
46076.74	-8.022
46077.74	-8.02
46078.74	-8.022
46079.74	-8.021
46080.74	-8.024
46081.74	-8.024
46082.74	-8.02
46083.74	-8.021
46084.74	-8.024
46085.74	-8.023
46086.74	-8.026
46087.74	-8.02
46088.74	-8.025
46089.74	-8.02
46090.74	-8.023
46091.74	-8.021
46092.74	-8.022
46093.74	-8.022
46094.74	-8.023
46095.74	-8.023
46096.74	-8.024
46097.74	-8.023
46098.74	-8.022
46099.74	-8.023
46100.74	-8.021
46101.74	-8.022
46102.74	-8.019
46103.74	-8.023
46104.74	-8.023
46105.74	-8.022
46106.74	-8.023
46107.74	-8.023
46108.74	-8.02
46109.74	-8.025
46110.74	-8.021
46111.74	-8.025
46112.74	-8.019
46113.74	-8.023
46114.74	-8.023
46115.74	-8.022
46116.74	-8.024
46117.74	-8.025
46118.74	-8.021
46119.74	-8.023
46120.74	-8.023
46121.74	-8.021
46122.74	-8.022
46123.74	-8.021
46124.74	-8.023
46125.74	-8.022
46126.74	-8.023
46127.74	-8.022
46128.74	-8.024
46129.74	-8.023
46130.74	-8.025
46131.74	-8.024
46132.74	-8.024
46133.74	-8.02
46134.74	-8.023
46135.74	-8.024
46136.74	-8.024
46137.74	-8.021
46138.74	-8.021
46139.74	-8.023
46140.74	-8.022
46141.74	-8.021
46142.74	-8.023
46143.74	-8.024
46144.74	-8.024
46145.74	-8.021
46146.74	-8.022
46147.74	-8.022
46148.74	-8.021
46149.74	-8.023
46150.74	-8.024
46151.74	-8.022
46152.74	-8.019
46153.74	-8.022
46154.74	-8.02
46155.74	-8.02
46156.74	-8.025
46157.74	-8.024
46158.74	-8.022
46159.74	-8.02
46160.74	-8.021
46161.74	-8.023
46162.74	-8.022
46163.74	-8.023
46164.74	-8.022
46165.74	-8.02
46166.74	-8.023
46167.74	-8.022
46168.74	-8.024
46169.74	-8.025
46170.74	-8.022
46171.74	-8.022
46172.74	-8.021
46173.74	-8.024
46174.74	-8.023
46175.74	-8.02
46176.74	-8.025
46177.74	-8.023
46178.74	-8.022
46179.74	-8.021
46180.74	-8.022
46181.74	-8.021
46182.74	-8.021
46183.74	-8.024
46184.74	-8.022
46185.74	-8.022
46186.74	-8.021
46187.74	-8.021
46188.74	-8.02
46189.74	-8.022
46190.74	-8.024
46191.74	-8.024
46192.74	-8.022
46193.74	-8.02
46194.74	-8.022
46195.74	-8.021
46196.74	-8.023
46197.74	-8.021
46198.74	-8.02
46199.74	-8.023
46200.74	-8.021
46201.74	-8.021
46202.74	-8.024
46203.74	-8.022
46204.74	-8.023
46205.74	-8.022
46206.74	-8.022
46207.74	-8.023
46208.74	-8.024
46209.74	-8.021
46210.74	-8.023
46211.74	-8.022
46212.74	-8.022
46213.74	-8.023
46214.74	-8.022
46215.74	-8.022
46216.74	-8.022
46217.74	-8.021
46218.74	-8.025
46219.74	-8.021
46220.74	-8.022
46221.74	-8.021
46222.74	-8.021
46223.74	-8.023
46224.74	-8.021
46225.74	-8.018
46226.74	-8.024
46227.74	-8.018
46228.74	-8.02
46229.74	-8.022
46230.74	-8.022
46231.74	-8.024
46232.74	-8.022
46233.74	-8.022
46234.74	-8.022
46235.74	-8.021
46236.74	-8.019
46237.74	-8.021
46238.74	-8.023
46239.74	-8.023
46240.74	-8.023
46241.74	-8.024
46242.74	-8.022
46243.74	-8.023
46244.74	-8.022
46245.74	-8.022
46246.74	-8.025
46247.74	-8.023
46248.74	-8.021
46249.74	-8.028
46250.74	-8.019
46251.74	-8.022
46252.74	-8.021
46253.74	-8.024
46254.74	-8.022
46255.74	-8.024
46256.74	-8.023
46257.74	-8.022
46258.74	-8.021
46259.74	-8.025
46260.74	-8.022
46261.74	-8.022
46262.74	-8.023
46263.74	-8.022
46264.74	-8.02
46265.74	-8.02
46266.74	-8.022
46267.74	-8.019
46268.74	-8.022
46269.74	-8.021
46270.74	-8.022
46271.74	-8.02
46272.74	-8.023
46273.74	-8.021
46274.74	-8.02
46275.74	-8.023
46276.74	-8.022
46277.74	-8.024
46278.74	-8.024
46279.74	-8.02
46280.74	-8.025
46281.74	-8.022
46282.74	-8.022
46283.74	-8.021
46284.74	-8.02
46285.74	-8.026
46286.74	-8.024
46287.74	-8.022
46288.74	-8.025
46289.74	-8.021
46290.74	-8.021
46291.74	-8.023
46292.74	-8.022
46293.74	-8.022
46294.74	-8.024
46295.74	-8.022
46296.74	-8.022
46297.74	-8.023
46298.74	-8.021
46299.74	-8.024
46300.74	-8.023
46301.74	-8.022
46302.74	-8.023
46303.74	-8.022
46304.74	-8.023
46305.74	-8.023
46306.74	-8.022
46307.74	-8.021
46308.74	-8.024
46309.74	-8.023
46310.74	-8.023
46311.74	-8.023
46312.74	-8.019
46313.74	-8.02
46314.74	-8.021
46315.74	-8.022
46316.74	-8.022
46317.74	-8.023
46318.74	-8.021
46319.74	-8.023
46320.74	-8.021
46321.74	-8.022
46322.74	-8.021
46323.74	-8.022
46324.74	-8.021
46325.74	-8.022
46326.74	-8.021
46327.74	-8.022
46328.74	-8.024
46329.74	-8.024
46330.74	-8.023
46331.74	-8.023
46332.74	-8.02
46333.74	-8.023
46334.74	-8.022
46335.74	-8.022
46336.74	-8.021
46337.74	-8.022
46338.74	-8.021
46339.74	-8.023
46340.74	-8.023
46341.74	-8.023
46342.74	-8.022
46343.74	-8.023
46344.74	-8.022
46345.74	-8.022
46346.74	-8.018
46347.74	-8.024
46348.74	-8.022
46349.74	-8.021
46350.74	-8.02
46351.74	-8.021
46352.74	-8.024
46353.74	-8.021
46354.74	-8.02
46355.74	-8.023
46356.74	-8.02
46357.74	-8.022
46358.74	-8.024
46359.74	-8.025
46360.74	-8.021
46361.74	-8.023
46362.74	-8.023
46363.74	-8.022
46364.74	-8.022
46365.74	-8.022
46366.74	-8.022
46367.74	-8.021
46368.74	-8.023
46369.74	-8.019
46370.74	-8.023
46371.74	-8.02
46372.74	-8.022
46373.74	-8.022
46374.74	-8.021
46375.74	-8.022
46376.74	-8.022
46377.74	-8.021
46378.74	-8.02
46379.74	-8.021
46380.74	-8.018
46381.74	-8.023
46382.74	-8.024
46383.74	-8.023
46384.74	-8.021
46385.74	-8.022
46386.74	-8.022
46387.74	-8.019
46388.74	-8.023
46389.74	-8.023
46390.74	-8.023
46391.74	-8.023
46392.74	-8.021
46393.74	-8.019
46394.74	-8.023
46395.74	-8.023
46396.74	-8.023
46397.74	-8.024
46398.74	-8.02
46399.74	-8.023
46400.74	-8.023
46401.74	-8.021
46402.74	-8.021
46403.74	-8.022
46404.74	-8.024
46405.74	-8.024
46406.74	-8.023
46407.74	-8.023
46408.74	-8.021
46409.74	-8.022
46410.74	-8.023
46411.74	-8.021
46412.74	-8.024
46413.74	-8.022
46414.74	-8.022
46415.74	-8.021
46416.74	-8.023
46417.74	-8.023
46418.74	-8.022
46419.74	-8.023
46420.74	-8.023
46421.74	-8.021
46422.74	-8.024
46423.74	-8.023
46424.74	-8.021
46425.74	-8.025
46426.74	-8.021
46427.74	-8.019
46428.74	-8.021
46429.74	-8.02
46430.74	-8.019
46431.74	-8.024
46432.74	-8.022
46433.74	-8.019
46434.74	-8.018
46435.74	-8.025
46436.74	-8.022
46437.74	-8.023
46438.74	-8.021
46439.74	-8.021
46440.74	-8.023
46441.74	-8.024
46442.74	-8.024
46443.74	-8.022
46444.74	-8.02
46445.74	-8.024
46446.74	-8.023
46447.74	-8.025
46448.74	-8.021
46449.74	-8.022
46450.74	-8.023
46451.74	-8.022
46452.74	-8.022
46453.74	-8.025
46454.74	-8.022
46455.74	-8.023
46456.74	-8.022
46457.74	-8.021
46458.74	-8.024
46459.74	-8.022
46460.74	-8.019
46461.74	-8.022
46462.74	-8.02
46463.74	-8.021
46464.74	-8.023
46465.74	-8.021
46466.74	-8.022
46467.74	-8.021
46468.74	-8.021
46469.74	-8.021
46470.74	-8.025
46471.74	-8.024
46472.74	-8.024
46473.74	-8.023
46474.74	-8.022
46475.74	-8.023
46476.74	-8.022
46477.74	-8.022
46478.74	-8.021
46479.74	-8.023
46480.74	-8.019
46481.74	-8.022
46482.74	-8.021
46483.74	-8.023
46484.74	-8.022
46485.74	-8.022
46486.74	-8.019
46487.74	-8.021
46488.74	-8.023
46489.74	-8.021
46490.74	-8.024
46491.74	-8.026
46492.74	-8.022
46493.74	-8.021
46494.74	-8.022
46495.74	-8.019
46496.74	-8.022
46497.74	-8.022
46498.74	-8.025
46499.74	-8.022
46500.74	-8.023
46501.74	-8.024
46502.74	-8.023
46503.74	-8.023
46504.74	-8.023
46505.74	-8.023
46506.74	-8.021
46507.74	-8.022
46508.74	-8.021
46509.74	-8.024
46510.74	-8.023
46511.74	-8.022
46512.74	-8.022
46513.74	-8.023
46514.74	-8.024
46515.74	-8.022
46516.74	-8.023
46517.74	-8.023
46518.74	-8.023
46519.74	-8.023
46520.74	-8.026
46521.74	-8.023
46522.74	-8.022
46523.74	-8.023
46524.74	-8.024
46525.74	-8.021
46526.74	-8.023
46527.74	-8.024
46528.74	-8.024
46529.74	-8.024
46530.74	-8.022
46531.74	-8.022
46532.74	-8.023
46533.74	-8.023
46534.74	-8.026
46535.74	-8.024
46536.74	-8.022
46537.74	-8.024
46538.74	-8.022
46539.74	-8.023
46540.74	-8.027
46541.74	-8.025
46542.74	-8.024
46543.74	-8.022
46544.74	-8.024
46545.74	-8.022
46546.74	-8.02
46547.74	-8.024
46548.74	-8.023
46549.74	-8.024
46550.74	-8.021
46551.74	-8.021
46552.74	-8.021
46553.74	-8.021
46554.74	-8.023
46555.74	-8.021
46556.74	-8.023
46557.74	-8.026
46558.74	-8.025
46559.74	-8.019
46560.74	-8.022
46561.74	-8.02
46562.74	-8.024
46563.74	-8.022
46564.74	-8.025
46565.74	-8.022
46566.74	-8.021
46567.74	-8.022
46568.74	-8.023
46569.74	-8.023
46570.74	-8.021
46571.74	-8.025
46572.74	-8.025
46573.74	-8.024
46574.74	-8.02
46575.74	-8.023
46576.74	-8.022
46577.74	-8.022
46578.74	-8.023
46579.74	-8.019
46580.74	-8.022
46581.74	-8.021
46582.74	-8.023
46583.74	-8.023
46584.74	-8.022
46585.74	-8.021
46586.74	-8.022
46587.74	-8.022
46588.74	-8.022
46589.74	-8.024
46590.74	-8.024
46591.74	-8.023
46592.74	-8.023
46593.74	-8.02
46594.74	-8.021
46595.74	-8.024
46596.74	-8.025
46597.74	-8.024
46598.74	-8.023
46599.74	-8.023
46600.74	-8.025
46601.74	-8.025
46602.74	-8.023
46603.74	-8.025
46604.74	-8.025
46605.74	-8.023
46606.74	-8.023
46607.74	-8.022
46608.74	-8.024
46609.74	-8.024
46610.74	-8.022
46611.74	-8.023
46612.74	-8.022
46613.74	-8.023
46614.74	-8.022
46615.74	-8.022
46616.74	-8.024
46617.74	-8.021
46618.74	-8.025
46619.74	-8.021
46620.74	-8.023
46621.74	-8.023
46622.74	-8.023
46623.74	-8.022
46624.74	-8.026
46625.74	-8.023
46626.74	-8.022
46627.74	-8.024
46628.74	-8.025
46629.74	-8.023
46630.74	-8.022
46631.74	-8.022
46632.74	-8.027
46633.74	-8.022
46634.74	-8.025
46635.74	-8.02
46636.74	-8.023
46637.74	-8.026
46638.74	-8.022
46639.74	-8.022
46640.74	-8.023
46641.74	-8.024
46642.74	-8.021
46643.74	-8.02
46644.74	-8.025
46645.74	-8.022
46646.74	-8.024
46647.74	-8.024
46648.74	-8.023
46649.74	-8.022
46650.74	-8.024
46651.74	-8.024
46652.74	-8.023
46653.74	-8.027
46654.74	-8.025
46655.74	-8.023
46656.74	-8.022
46657.74	-8.024
46658.74	-8.026
46659.74	-8.021
46660.74	-8.024
46661.74	-8.022
46662.74	-8.025
46663.74	-8.024
46664.74	-8.021
46665.74	-8.026
46666.74	-8.023
46667.74	-8.019
46668.74	-8.024
46669.74	-8.023
46670.74	-8.024
46671.74	-8.021
46672.74	-8.02
46673.74	-8.021
46674.74	-8.023
46675.74	-8.023
46676.74	-8.026
46677.74	-8.02
46678.74	-8.024
46679.74	-8.027
46680.74	-8.02
46681.74	-8.022
46682.74	-8.026
46683.74	-8.023
46684.74	-8.024
46685.74	-8.024
46686.74	-8.026
46687.74	-8.025
46688.74	-8.025
46689.74	-8.025
46690.74	-8.021
46691.74	-8.023
46692.74	-8.022
46693.74	-8.026
46694.74	-8.022
46695.74	-8.023
46696.74	-8.022
46697.74	-8.023
46698.74	-8.026
46699.74	-8.02
46700.74	-8.021
46701.74	-8.023
46702.74	-8.022
46703.74	-8.023
46704.74	-8.02
46705.74	-8.025
46706.74	-8.024
46707.74	-8.023
46708.74	-8.021
46709.74	-8.025
46710.74	-8.024
46711.74	-8.025
46712.74	-8.019
46713.74	-8.023
46714.74	-8.021
46715.74	-8.021
46716.74	-8.023
46717.74	-8.023
46718.74	-8.024
46719.74	-8.024
46720.74	-8.026
46721.74	-8.025
46722.74	-8.023
46723.74	-8.022
46724.74	-8.021
46725.74	-8.022
46726.74	-8.024
46727.74	-8.022
46728.74	-8.026
46729.74	-8.024
46730.74	-8.023
46731.74	-8.02
46732.74	-8.021
46733.74	-8.022
46734.74	-8.026
46735.74	-8.025
46736.74	-8.024
46737.74	-8.023
46738.74	-8.021
46739.74	-8.022
46740.74	-8.022
46741.74	-8.023
46742.74	-8.023
46743.74	-8.025
46744.74	-8.021
46745.74	-8.025
46746.74	-8.023
46747.74	-8.026
46748.74	-8.022
46749.74	-8.022
46750.74	-8.023
46751.74	-8.023
46752.74	-8.023
46753.74	-8.025
46754.74	-8.025
46755.74	-8.024
46756.74	-8.021
46757.74	-8.022
46758.74	-8.02
46759.74	-8.023
46760.74	-8.023
46761.74	-8.026
46762.74	-8.022
46763.74	-8.023
46764.74	-8.024
46765.74	-8.026
46766.74	-8.023
46767.74	-8.023
46768.74	-8.024
46769.74	-8.023
46770.74	-8.024
46771.74	-8.025
46772.74	-8.023
46773.74	-8.022
46774.74	-8.024
46775.74	-8.021
46776.74	-8.026
46777.74	-8.023
46778.74	-8.023
46779.74	-8.022
46780.74	-8.022
46781.74	-8.023
46782.74	-8.023
46783.74	-8.023
46784.74	-8.023
46785.74	-8.021
46786.74	-8.026
46787.74	-8.024
46788.74	-8.026
46789.74	-8.021
46790.74	-8.023
46791.74	-8.025
46792.74	-8.026
46793.74	-8.026
46794.74	-8.022
46795.74	-8.023
46796.74	-8.023
46797.74	-8.024
46798.74	-8.022
46799.74	-8.024
46800.74	-8.024
46801.74	-8.021
46802.74	-8.023
46803.74	-8.024
46804.74	-8.021
46805.74	-8.023
46806.74	-8.026
46807.74	-8.022
46808.74	-8.021
46809.74	-8.023
46810.74	-8.022
46811.74	-8.022
46812.74	-8.023
46813.74	-8.025
46814.74	-8.025
46815.74	-8.023
46816.74	-8.023
46817.74	-8.027
46818.74	-8.021
46819.74	-8.025
46820.74	-8.023
46821.74	-8.024
46822.74	-8.023
46823.74	-8.025
46824.74	-8.027
46825.74	-8.021
46826.74	-8.026
46827.74	-8.027
46828.74	-8.026
46829.74	-8.027
46830.74	-8.025
46831.74	-8.024
46832.74	-8.024
46833.74	-8.026
46834.74	-8.026
46835.74	-8.021
46836.74	-8.021
46837.74	-8.022
46838.74	-8.024
46839.74	-8.023
46840.74	-8.024
46841.74	-8.024
46842.74	-8.024
46843.74	-8.023
46844.74	-8.024
46845.74	-8.025
46846.74	-8.024
46847.74	-8.022
46848.74	-8.025
46849.74	-8.024
46850.74	-8.024
46851.74	-8.022
46852.74	-8.025
46853.74	-8.023
46854.74	-8.024
46855.74	-8.021
46856.74	-8.026
46857.74	-8.021
46858.74	-8.025
46859.74	-8.023
46860.74	-8.024
46861.74	-8.025
46862.74	-8.025
46863.74	-8.024
46864.74	-8.022
46865.74	-8.027
46866.74	-8.023
46867.74	-8.021
46868.74	-8.024
46869.74	-8.024
46870.74	-8.023
46871.74	-8.023
46872.74	-8.026
46873.74	-8.024
46874.74	-8.024
46875.74	-8.024
46876.74	-8.025
46877.74	-8.026
46878.74	-8.022
46879.74	-8.025
46880.74	-8.026
46881.74	-8.021
46882.74	-8.024
46883.74	-8.024
46884.74	-8.023
46885.74	-8.023
46886.74	-8.021
46887.74	-8.024
46888.74	-8.023
46889.74	-8.022
46890.74	-8.025
46891.74	-8.024
46892.74	-8.024
46893.74	-8.024
46894.74	-8.025
46895.74	-8.023
46896.74	-8.02
46897.74	-8.025
46898.74	-8.022
46899.74	-8.025
46900.74	-8.022
46901.74	-8.021
46902.74	-8.026
46903.74	-8.023
46904.74	-8.024
46905.74	-8.022
46906.74	-8.026
46907.74	-8.022
46908.74	-8.024
46909.74	-8.024
46910.74	-8.024
46911.74	-8.023
46912.74	-8.022
46913.74	-8.024
46914.74	-8.024
46915.74	-8.024
46916.74	-8.024
46917.74	-8.022
46918.74	-8.027
46919.74	-8.023
46920.74	-8.029
46921.74	-8.023
46922.74	-8.019
46923.74	-8.023
46924.74	-8.022
46925.74	-8.025
46926.74	-8.022
46927.74	-8.022
46928.74	-8.028
46929.74	-8.023
46930.74	-8.022
46931.74	-8.023
46932.74	-8.023
46933.74	-8.025
46934.74	-8.023
46935.74	-8.024
46936.74	-8.026
46937.74	-8.02
46938.74	-8.024
46939.74	-8.024
46940.74	-8.024
46941.74	-8.024
46942.74	-8.022
46943.74	-8.022
46944.74	-8.021
46945.74	-8.024
46946.74	-8.021
46947.74	-8.025
46948.74	-8.024
46949.74	-8.022
46950.74	-8.023
46951.74	-8.024
46952.74	-8.024
46953.74	-8.024
46954.74	-8.024
46955.74	-8.023
46956.74	-8.022
46957.74	-8.025
46958.74	-8.024
46959.74	-8.028
46960.74	-8.025
46961.74	-8.024
46962.74	-8.021
46963.74	-8.022
46964.74	-8.022
46965.74	-8.026
46966.74	-8.025
46967.74	-8.026
46968.74	-8.022
46969.74	-8.026
46970.74	-8.022
46971.74	-8.021
46972.74	-8.024
46973.74	-8.023
46974.74	-8.024
46975.74	-8.027
46976.74	-8.025
46977.74	-8.026
46978.74	-8.025
46979.74	-8.024
46980.74	-8.024
46981.74	-8.025
46982.74	-8.023
46983.74	-8.024
46984.74	-8.025
46985.74	-8.027
46986.74	-8.026
46987.74	-8.024
46988.74	-8.023
46989.74	-8.022
46990.74	-8.023
46991.74	-8.023
46992.74	-8.024
46993.74	-8.023
46994.74	-8.022
46995.74	-8.022
46996.74	-8.02
46997.74	-8.023
46998.74	-8.023
46999.74	-8.024
47000.74	-8.023
47001.74	-8.022
47002.74	-8.024
47003.74	-8.022
47004.74	-8.026
47005.74	-8.025
47006.74	-8.024
47007.74	-8.022
47008.74	-8.025
47009.74	-8.024
47010.74	-8.026
47011.74	-8.024
47012.74	-8.024
47013.74	-8.025
47014.74	-8.022
47015.74	-8.023
47016.74	-8.022
47017.74	-8.024
47018.74	-8.025
47019.74	-8.024
47020.74	-8.023
47021.74	-8.022
47022.74	-8.022
47023.74	-8.026
47024.74	-8.026
47025.74	-8.022
47026.74	-8.025
47027.74	-8.022
47028.74	-8.024
47029.74	-8.021
47030.74	-8.023
47031.74	-8.023
47032.74	-8.023
47033.74	-8.026
47034.74	-8.029
47035.74	-8.022
47036.74	-8.026
47037.74	-8.023
47038.74	-8.022
47039.74	-8.023
47040.74	-8.023
47041.74	-8.026
47042.74	-8.026
47043.74	-8.024
47044.74	-8.023
47045.74	-8.027
47046.74	-8.026
47047.74	-8.021
47048.74	-8.025
47049.74	-8.025
47050.74	-8.021
47051.74	-8.025
47052.74	-8.021
47053.74	-8.025
47054.74	-8.021
47055.74	-8.025
47056.74	-8.02
47057.74	-8.022
47058.74	-8.022
47059.74	-8.025
47060.74	-8.019
47061.74	-8.026
47062.74	-8.02
47063.74	-8.019
47064.74	-8.022
47065.74	-8.023
47066.74	-8.021
47067.74	-8.021
47068.74	-8.024
47069.74	-8.022
47070.74	-8.023
47071.74	-8.024
47072.74	-8.022
47073.74	-8.021
47074.74	-8.022
47075.74	-8.021
47076.74	-8.022
47077.74	-8.022
47078.74	-8.026
47079.74	-8.023
47080.74	-8.022
47081.74	-8.025
47082.74	-8.023
47083.74	-8.025
47084.74	-8.023
47085.74	-8.025
47086.74	-8.022
47087.74	-8.023
47088.74	-8.024
47089.74	-8.022
47090.74	-8.024
47091.74	-8.023
47092.74	-8.023
47093.74	-8.027
47094.74	-8.02
47095.74	-8.023
47096.74	-8.024
47097.74	-8.023
47098.74	-8.024
47099.74	-8.023
47100.74	-8.02
47101.74	-8.028
47102.74	-8.019
47103.74	-8.02
47104.74	-8.026
47105.74	-8.023
47106.74	-8.022
47107.74	-8.023
47108.74	-8.025
47109.74	-8.025
47110.74	-8.02
47111.74	-8.021
47112.74	-8.022
47113.74	-8.022
47114.74	-8.022
47115.74	-8.026
47116.74	-8.022
47117.74	-8.023
47118.74	-8.02
47119.74	-8.022
47120.74	-8.019
47121.74	-8.024
47122.74	-8.023
47123.74	-8.02
47124.74	-8.023
47125.74	-8.021
47126.74	-8.023
47127.74	-8.021
47128.74	-8.022
47129.74	-8.024
47130.74	-8.022
47131.74	-8.024
47132.74	-8.024
47133.74	-8.024
47134.74	-8.025
47135.74	-8.025
47136.74	-8.024
47137.74	-8.023
47138.74	-8.023
47139.74	-8.025
47140.74	-8.026
47141.74	-8.022
47142.74	-8.021
47143.74	-8.022
47144.74	-8.023
47145.74	-8.022
47146.74	-8.023
47147.74	-8.02
47148.74	-8.021
47149.74	-8.026
47150.74	-8.024
47151.74	-8.025
47152.74	-8.025
47153.74	-8.026
47154.74	-8.027
47155.74	-8.023
47156.74	-8.024
47157.74	-8.022
47158.74	-8.024
47159.74	-8.025
47160.74	-8.021
47161.74	-8.023
47162.74	-8.024
47163.74	-8.024
47164.74	-8.022
47165.74	-8.027
47166.74	-8.027
47167.74	-8.023
47168.74	-8.024
47169.74	-8.025
47170.74	-8.023
47171.74	-8.024
47172.74	-8.024
47173.74	-8.023
47174.74	-8.022
47175.74	-8.025
47176.74	-8.022
47177.74	-8.026
47178.74	-8.025
47179.74	-8.023
47180.74	-8.024
47181.74	-8.023
47182.74	-8.023
47183.74	-8.025
47184.74	-8.023
47185.74	-8.027
47186.74	-8.024
47187.74	-8.023
47188.74	-8.024
47189.74	-8.024
47190.74	-8.023
47191.74	-8.023
47192.74	-8.021
47193.74	-8.022
47194.74	-8.023
47195.74	-8.023
47196.74	-8.022
47197.74	-8.023
47198.74	-8.022
47199.74	-8.023
47200.74	-8.025
47201.74	-8.023
47202.74	-8.024
47203.74	-8.023
47204.74	-8.024
47205.74	-8.026
47206.74	-8.022
47207.74	-8.024
47208.74	-8.024
47209.74	-8.025
47210.74	-8.023
47211.74	-8.023
47212.74	-8.026
47213.74	-8.023
47214.74	-8.024
47215.74	-8.023
47216.74	-8.023
47217.74	-8.022
47218.74	-8.022
47219.74	-8.023
47220.74	-8.027
47221.74	-8.026
47222.74	-8.026
47223.74	-8.026
47224.74	-8.025
47225.74	-8.024
47226.74	-8.024
47227.74	-8.022
47228.74	-8.023
47229.74	-8.026
47230.74	-8.025
47231.74	-8.025
47232.74	-8.026
47233.74	-8.026
47234.74	-8.025
47235.74	-8.023
47236.74	-8.026
47237.74	-8.023
47238.74	-8.023
47239.74	-8.021
47240.74	-8.022
47241.74	-8.024
47242.74	-8.024
47243.74	-8.026
47244.74	-8.022
47245.74	-8.022
47246.74	-8.022
47247.74	-8.024
47248.74	-8.025
47249.74	-8.022
47250.74	-8.023
47251.74	-8.025
47252.74	-8.025
47253.74	-8.022
47254.74	-8.025
47255.74	-8.025
47256.74	-8.024
47257.74	-8.025
47258.74	-8.024
47259.74	-8.021
47260.74	-8.023
47261.74	-8.024
47262.74	-8.022
47263.74	-8.021
47264.74	-8.021
47265.74	-8.021
47266.74	-8.024
47267.74	-8.025
47268.74	-8.024
47269.74	-8.022
47270.74	-8.021
47271.74	-8.022
47272.74	-8.021
47273.74	-8.023
47274.74	-8.022
47275.74	-8.023
47276.74	-8.02
47277.74	-8.022
47278.74	-8.016
47279.74	-8.017
47280.74	-8.015
47281.74	-8.013
47282.74	-8.012
47283.74	-8.016
47284.74	-8.018
47285.74	-8.018
47286.74	-8.016
47287.74	-8.018
47288.74	-8.019
47289.74	-8.017
47290.74	-8.016
47291.74	-8.009
47292.74	-8.017
47293.74	-8.015
47294.74	-8.015
47295.74	-8.016
47296.74	-8.016
47297.74	-8.018
47298.74	-8.018
47299.74	-8.015
47300.74	-8.017
47301.74	-8.012
47302.74	-8.012
47303.74	-8.018
47304.74	-8.016
47305.74	-8.016
47306.74	-8.011
47307.74	-8.017
47308.74	-8.016
47309.74	-8.017
47310.74	-8.019
47311.74	-8.018
47312.74	-8.015
47313.74	-8.012
47314.74	-8.019
47315.74	-8.013
47316.74	-8.018
47317.74	-8.019
47318.74	-8.017
47319.74	-8.018
47320.74	-8.014
47321.74	-8.017
47322.74	-8.016
47323.74	-8.016
47324.74	-8.017
47325.74	-8.017
47326.74	-8.014
47327.74	-8.016
47328.74	-8.017
47329.74	-8.017
47330.74	-8.016
47331.74	-8.019
47332.74	-8.013
47333.74	-8.018
47334.74	-8.015
47335.74	-8.01
47336.74	-8.018
47337.74	-8.02
47338.74	-8.012
47339.74	-8.017
47340.74	-8.019
47341.74	-8.016
47342.74	-8.018
47343.74	-8.02
47344.74	-8.015
47345.74	-8.013
47346.74	-8.016
47347.74	-8.018
47348.74	-8.013
47349.74	-8.019
47350.74	-8.019
47351.74	-8.017
47352.74	-8.018
47353.74	-8.019
47354.74	-8.016
47355.74	-8.016
47356.74	-8.017
47357.74	-8.017
47358.74	-8.014
47359.74	-8.018
47360.74	-8.017
47361.74	-8.018
47362.74	-8.016
47363.74	-8.018
47364.74	-8.011
47365.74	-8.016
47366.74	-8.019
47367.74	-8.013
47368.74	-8.02
47369.74	-8.018
47370.74	-8.019
47371.74	-8.014
47372.74	-8.017
47373.74	-8.016
47374.74	-8.017
47375.74	-8.018
47376.74	-8.017
47377.74	-8.018
47378.74	-8.015
47379.74	-8.019
47380.74	-8.008
47381.74	-8.018
47382.74	-8.016
47383.74	-8.017
47384.74	-8.012
47385.74	-8.017
47386.74	-8.02
47387.74	-8.017
47388.74	-8.013
47389.74	-8.011
47390.74	-8.018
47391.74	-8.016
47392.74	-8.015
47393.74	-8.018
47394.74	-8.012
47395.74	-8.016
47396.74	-8.019
47397.74	-8.017
47398.74	-8.008
47399.74	-8.016
47400.74	-8.018
47401.74	-8.018
47402.74	-8.019
47403.74	-8.017
47404.74	-8.02
47405.74	-8.017
47406.74	-8.016
47407.74	-8.019
47408.74	-8.017
47409.74	-8.015
47410.74	-8.016
47411.74	-8.018
47412.74	-8.018
47413.74	-8.019
47414.74	-8.015
47415.74	-8.018
47416.74	-8.016
47417.74	-8.015
47418.74	-8.017
47419.74	-8.016
47420.74	-8.018
47421.74	-8.013
47422.74	-8.018
47423.74	-8.018
47424.74	-8.012
47425.74	-8.014
47426.74	-8.016
47427.74	-8.019
47428.74	-8.017
47429.74	-8.016
47430.74	-8.016
47431.74	-8.014
47432.74	-8.016
47433.74	-8.017
47434.74	-8.016
47435.74	-8.015
47436.74	-8.02
47437.74	-8.014
47438.74	-8.018
47439.74	-8.018
47440.74	-8.016
47441.74	-8.018
47442.74	-8.017
47443.74	-8.008
47444.74	-8.016
47445.74	-8.019
47446.74	-8.014
47447.74	-8.017
47448.74	-8.017
47449.74	-8.018
47450.74	-8.017
47451.74	-8.019
47452.74	-8.02
47453.74	-8.019
47454.74	-8.017
47455.74	-8.016
47456.74	-8.016
47457.74	-8.019
47458.74	-8.018
47459.74	-8.016
47460.74	-8.017
47461.74	-8.019
47462.74	-8.018
47463.74	-8.019
47464.74	-8.018
47465.74	-8.017
47466.74	-8.018
47467.74	-8.014
47468.74	-8.018
47469.74	-8.017
47470.74	-8.017
47471.74	-8.013
47472.74	-8.017
47473.74	-8.015
47474.74	-8.016
47475.74	-8.016
47476.74	-8.017
47477.74	-8.017
47478.74	-8.016
47479.74	-8.017
47480.74	-8.015
47481.74	-8.016
47482.74	-8.017
47483.74	-8.018
47484.74	-8.018
47485.74	-8.014
47486.74	-8.018
47487.74	-8.016
47488.74	-8.016
47489.74	-8.018
47490.74	-8.014
47491.74	-8.019
47492.74	-8.016
47493.74	-8.018
47494.74	-8.018
47495.74	-8.017
47496.74	-8.015
47497.74	-8.017
47498.74	-8.019
47499.74	-8.017
47500.74	-8.017
47501.74	-8.016
47502.74	-8.015
47503.74	-8.017
47504.74	-8.018
47505.74	-8.018
47506.74	-8.018
47507.74	-8.017
47508.74	-8.016
47509.74	-8.018
47510.74	-8.016
47511.74	-8.019
47512.74	-8.02
47513.74	-8.017
47514.74	-8.018
47515.74	-8.02
47516.74	-8.02
47517.74	-8.023
47518.74	-8.021
47519.74	-8.022
47520.74	-8.022
47521.74	-8.021
47522.74	-8.023
47523.74	-8.024
47524.74	-8.02
47525.74	-8.021
47526.74	-8.024
47527.74	-8.023
47528.74	-8.022
47529.74	-8.02
47530.74	-8.022
47531.74	-8.022
47532.74	-8.023
47533.74	-8.02
47534.74	-8.02
47535.74	-8.024
47536.74	-8.022
47537.74	-8.021
47538.74	-8.022
47539.74	-8.023
47540.74	-8.021
47541.74	-8.023
47542.74	-8.024
47543.74	-8.023
47544.74	-8.021
47545.74	-8.019
47546.74	-8.023
47547.74	-8.021
47548.74	-8.023
47549.74	-8.023
47550.74	-8.025
47551.74	-8.023
47552.74	-8.022
47553.74	-8.022
47554.74	-8.021
47555.74	-8.021
47556.74	-8.02
47557.74	-8.023
47558.74	-8.024
47559.74	-8.024
47560.74	-8.024
47561.74	-8.021
47562.74	-8.024
47563.74	-8.021
47564.74	-8.026
47565.74	-8.022
47566.74	-8.023
47567.74	-8.021
47568.74	-8.02
47569.74	-8.023
47570.74	-8.02
47571.74	-8.023
47572.74	-8.022
47573.74	-8.023
47574.74	-8.021
47575.74	-8.02
47576.74	-8.021
47577.74	-8.023
47578.74	-8.021
47579.74	-8.024
47580.74	-8.022
47581.74	-8.023
47582.74	-8.022
47583.74	-8.025
47584.74	-8.023
47585.74	-8.023
47586.74	-8.024
47587.74	-8.025
47588.74	-8.023
47589.74	-8.021
47590.74	-8.024
47591.74	-8.023
47592.74	-8.021
47593.74	-8.023
47594.74	-8.022
47595.74	-8.021
47596.74	-8.023
47597.74	-8.021
47598.74	-8.019
47599.74	-8.02
47600.74	-8.023
47601.74	-8.023
47602.74	-8.023
47603.74	-8.021
47604.74	-8.02
47605.74	-8.023
47606.74	-8.023
47607.74	-8.021
47608.74	-8.021
47609.74	-8.023
47610.74	-8.023
47611.74	-8.021
47612.74	-8.024
47613.74	-8.022
47614.74	-8.02
47615.74	-8.023
47616.74	-8.021
47617.74	-8.023
47618.74	-8.023
47619.74	-8.022
47620.74	-8.022
47621.74	-8.022
47622.74	-8.025
47623.74	-8.021
47624.74	-8.023
47625.74	-8.025
47626.74	-8.018
47627.74	-8.023
47628.74	-8.024
47629.74	-8.024
47630.74	-8.022
47631.74	-8.021
47632.74	-8.022
47633.74	-8.023
47634.74	-8.024
47635.74	-8.025
47636.74	-8.023
47637.74	-8.024
47638.74	-8.022
47639.74	-8.021
47640.74	-8.022
47641.74	-8.022
47642.74	-8.023
47643.74	-8.025
47644.74	-8.022
47645.74	-8.021
47646.74	-8.024
47647.74	-8.021
47648.74	-8.022
47649.74	-8.021
47650.74	-8.02
47651.74	-8.022
47652.74	-8.022
47653.74	-8.022
47654.74	-8.024
47655.74	-8.021
47656.74	-8.024
47657.74	-8.021
47658.74	-8.026
47659.74	-8.023
47660.74	-8.02
47661.74	-8.025
47662.74	-8.02
47663.74	-8.022
47664.74	-8.021
47665.74	-8.023
47666.74	-8.021
47667.74	-8.023
47668.74	-8.019
47669.74	-8.021
47670.74	-8.021
47671.74	-8.02
47672.74	-8.022
47673.74	-8.021
47674.74	-8.023
47675.74	-8.022
47676.74	-8.021
47677.74	-8.023
47678.74	-8.022
47679.74	-8.02
47680.74	-8.022
47681.74	-8.022
47682.74	-8.023
47683.74	-8.02
47684.74	-8.021
47685.74	-8.022
47686.74	-8.023
47687.74	-8.024
47688.74	-8.023
47689.74	-8.021
47690.74	-8.021
47691.74	-8.021
47692.74	-8.023
47693.74	-8.022
47694.74	-8.023
47695.74	-8.022
47696.74	-8.019
47697.74	-8.024
47698.74	-8.02
47699.74	-8.021
47700.74	-8.023
47701.74	-8.023
47702.74	-8.021
47703.74	-8.019
47704.74	-8.023
47705.74	-8.023
47706.74	-8.025
47707.74	-8.02
47708.74	-8.022
47709.74	-8.021
47710.74	-8.024
47711.74	-8.022
47712.74	-8.023
47713.74	-8.022
47714.74	-8.022
47715.74	-8.024
47716.74	-8.02
47717.74	-8.021
47718.74	-8.023
47719.74	-8.021
47720.74	-8.023
47721.74	-8.023
47722.74	-8.021
47723.74	-8.023
47724.74	-8.021
47725.74	-8.021
47726.74	-8.022
47727.74	-8.024
47728.74	-8.024
47729.74	-8.023
47730.74	-8.021
47731.74	-8.025
47732.74	-8.022
47733.74	-8.023
47734.74	-8.022
47735.74	-8.024
47736.74	-8.024
47737.74	-8.023
47738.74	-8.02
47739.74	-8.023
47740.74	-8.026
47741.74	-8.022
47742.74	-8.021
47743.74	-8.025
47744.74	-8.023
47745.74	-8.022
47746.74	-8.024
47747.74	-8.022
47748.74	-8.023
47749.74	-8.021
47750.74	-8.022
47751.74	-8.021
47752.74	-8.023
47753.74	-8.021
47754.74	-8.024
47755.74	-8.02
47756.74	-8.022
47757.74	-8.023
47758.74	-8.024
47759.74	-8.025
47760.74	-8.021
47761.74	-8.024
47762.74	-8.02
47763.74	-8.023
47764.74	-8.022
47765.74	-8.024
47766.74	-8.022
47767.74	-8.021
47768.74	-8.019
47769.74	-8.023
47770.74	-8.024
47771.74	-8.021
47772.74	-8.023
47773.74	-8.019
47774.74	-8.021
47775.74	-8.024
47776.74	-8.021
47777.74	-8.023
47778.74	-8.02
47779.74	-8.025
47780.74	-8.025
47781.74	-8.02
47782.74	-8.024
47783.74	-8.022
47784.74	-8.021
47785.74	-8.022
47786.74	-8.023
47787.74	-8.021
47788.74	-8.022
47789.74	-8.021
47790.74	-8.023
47791.74	-8.02
47792.74	-8.02
47793.74	-8.023
47794.74	-8.025
47795.74	-8.022
47796.74	-8.026
47797.74	-8.025
47798.74	-8.023
47799.74	-8.022
47800.74	-8.024
47801.74	-8.025
47802.74	-8.02
47803.74	-8.02
47804.74	-8.026
47805.74	-8.023
47806.74	-8.023
47807.74	-8.025
47808.74	-8.023
47809.74	-8.023
47810.74	-8.022
47811.74	-8.024
47812.74	-8.023
47813.74	-8.023
47814.74	-8.024
47815.74	-8.023
47816.74	-8.022
47817.74	-8.024
47818.74	-8.022
47819.74	-8.023
47820.74	-8.023
47821.74	-8.023
47822.74	-8.025
47823.74	-8.023
47824.74	-8.025
47825.74	-8.022
47826.74	-8.022
47827.74	-8.022
47828.74	-8.022
47829.74	-8.023
47830.74	-8.022
47831.74	-8.023
47832.74	-8.021
47833.74	-8.022
47834.74	-8.021
47835.74	-8.023
47836.74	-8.022
47837.74	-8.021
47838.74	-8.021
47839.74	-8.022
47840.74	-8.022
47841.74	-8.022
47842.74	-8.024
47843.74	-8.024
47844.74	-8.024
47845.74	-8.025
47846.74	-8.024
47847.74	-8.023
47848.74	-8.024
47849.74	-8.023
47850.74	-8.023
47851.74	-8.024
47852.74	-8.024
47853.74	-8.021
47854.74	-8.023
47855.74	-8.023
47856.74	-8.023
47857.74	-8.024
47858.74	-8.024
47859.74	-8.023
47860.74	-8.022
47861.74	-8.022
47862.74	-8.024
47863.74	-8.022
47864.74	-8.023
47865.74	-8.023
47866.74	-8.022
47867.74	-8.023
47868.74	-8.021
47869.74	-8.024
47870.74	-8.022
47871.74	-8.023
47872.74	-8.021
47873.74	-8.023
47874.74	-8.025
47875.74	-8.02
47876.74	-8.024
47877.74	-8.021
47878.74	-8.023
47879.74	-8.021
47880.74	-8.023
47881.74	-8.021
47882.74	-8.021
47883.74	-8.025
47884.74	-8.023
47885.74	-8.025
47886.74	-8.021
47887.74	-8.021
47888.74	-8.023
47889.74	-8.023
47890.74	-8.023
47891.74	-8.024
47892.74	-8.023
47893.74	-8.022
47894.74	-8.023
47895.74	-8.024
47896.74	-8.022
47897.74	-8.024
47898.74	-8.024
47899.74	-8.022
47900.74	-8.022
47901.74	-8.022
47902.74	-8.023
47903.74	-8.021
47904.74	-8.023
47905.74	-8.023
47906.74	-8.022
47907.74	-8.024
47908.74	-8.021
47909.74	-8.023
47910.74	-8.02
47911.74	-8.024
47912.74	-8.022
47913.74	-8.024
47914.74	-8.025
47915.74	-8.024
47916.74	-8.02
47917.74	-8.024
47918.74	-8.024
47919.74	-8.024
47920.74	-8.025
47921.74	-8.022
47922.74	-8.022
47923.74	-8.021
47924.74	-8.021
47925.74	-8.022
47926.74	-8.021
47927.74	-8.023
47928.74	-8.022
47929.74	-8.022
47930.74	-8.021
47931.74	-8.027
47932.74	-8.022
47933.74	-8.02
47934.74	-8.023
47935.74	-8.022
47936.74	-8.024
47937.74	-8.021
47938.74	-8.024
47939.74	-8.024
47940.74	-8.022
47941.74	-8.022
47942.74	-8.022
47943.74	-8.024
47944.74	-8.021
47945.74	-8.025
47946.74	-8.023
47947.74	-8.024
47948.74	-8.022
47949.74	-8.023
47950.74	-8.025
47951.74	-8.023
47952.74	-8.022
47953.74	-8.023
47954.74	-8.02
47955.74	-8.022
47956.74	-8.021
47957.74	-8.02
47958.74	-8.023
47959.74	-8.023
47960.74	-8.02
47961.74	-8.022
47962.74	-8.024
47963.74	-8.025
47964.74	-8.024
47965.74	-8.026
47966.74	-8.021
47967.74	-8.023
47968.74	-8.021
47969.74	-8.019
47970.74	-8.024
47971.74	-8.024
47972.74	-8.022
47973.74	-8.021
47974.74	-8.024
47975.74	-8.021
47976.74	-8.024
47977.74	-8.023
47978.74	-8.022
47979.74	-8.021
47980.74	-8.022
47981.74	-8.02
47982.74	-8.023
47983.74	-8.024
47984.74	-8.025
47985.74	-8.021
47986.74	-8.022
47987.74	-8.02
47988.74	-8.024
47989.74	-8.021
47990.74	-8.023
47991.74	-8.023
47992.74	-8.021
47993.74	-8.026
47994.74	-8.024
47995.74	-8.023
47996.74	-8.022
47997.74	-8.024
47998.74	-8.024
47999.74	-8.022
48000.74	-8.022
48001.74	-8.02
48002.74	-8.022
48003.74	-8.025
48004.74	-8.023
48005.74	-8.02
48006.74	-8.023
48007.74	-8.021
48008.74	-8.023
48009.74	-8.022
48010.74	-8.023
48011.74	-8.022
48012.74	-8.024
48013.74	-8.023
48014.74	-8.026
48015.74	-8.02
48016.74	-8.022
48017.74	-8.023
48018.74	-8.023
48019.74	-8.023
48020.74	-8.022
48021.74	-8.022
48022.74	-8.021
48023.74	-8.022
48024.74	-8.022
48025.74	-8.022
48026.74	-8.024
48027.74	-8.022
48028.74	-8.024
48029.74	-8.023
48030.74	-8.022
48031.74	-8.02
48032.74	-8.023
48033.74	-8.021
48034.74	-8.023
48035.74	-8.025
48036.74	-8.023
48037.74	-8.022
48038.74	-8.021
48039.74	-8.022
48040.74	-8.024
48041.74	-8.023
48042.74	-8.023
48043.74	-8.022
48044.74	-8.023
48045.74	-8.024
48046.74	-8.023
48047.74	-8.023
48048.74	-8.02
48049.74	-8.021
48050.74	-8.02
48051.74	-8.023
48052.74	-8.023
48053.74	-8.021
48054.74	-8.021
48055.74	-8.023
48056.74	-8.021
48057.74	-8.022
48058.74	-8.024
48059.74	-8.024
48060.74	-8.022
48061.74	-8.024
48062.74	-8.022
48063.74	-8.024
48064.74	-8.022
48065.74	-8.021
48066.74	-8.02
48067.74	-8.022
48068.74	-8.02
48069.74	-8.023
48070.74	-8.021
48071.74	-8.019
48072.74	-8.024
48073.74	-8.024
48074.74	-8.022
48075.74	-8.024
48076.74	-8.021
48077.74	-8.022
48078.74	-8.021
48079.74	-8.024
48080.74	-8.024
48081.74	-8.021
48082.74	-8.023
48083.74	-8.027
48084.74	-8.023
48085.74	-8.026
48086.74	-8.024
48087.74	-8.026
48088.74	-8.023
48089.74	-8.024
48090.74	-8.023
48091.74	-8.022
48092.74	-8.025
48093.74	-8.021
48094.74	-8.023
48095.74	-8.023
48096.74	-8.02
48097.74	-8.023
48098.74	-8.024
48099.74	-8.024
48100.74	-8.022
48101.74	-8.022
48102.74	-8.02
48103.74	-8.023
48104.74	-8.023
48105.74	-8.022
48106.74	-8.022
48107.74	-8.024
48108.74	-8.023
48109.74	-8.023
48110.74	-8.022
48111.74	-8.022
48112.74	-8.021
48113.74	-8.024
48114.74	-8.023
48115.74	-8.023
48116.74	-8.022
48117.74	-8.021
48118.74	-8.025
48119.74	-8.023
48120.74	-8.022
48121.74	-8.025
48122.74	-8.024
48123.74	-8.023
48124.74	-8.025
48125.74	-8.022
48126.74	-8.024
48127.74	-8.024
48128.74	-8.025
48129.74	-8.023
48130.74	-8.024
48131.74	-8.026
48132.74	-8.023
48133.74	-8.025
48134.74	-8.022
48135.74	-8.023
48136.74	-8.021
48137.74	-8.027
48138.74	-8.023
48139.74	-8.023
48140.74	-8.022
48141.74	-8.022
48142.74	-8.022
48143.74	-8.022
48144.74	-8.022
48145.74	-8.021
48146.74	-8.022
48147.74	-8.021
48148.74	-8.02
48149.74	-8.021
48150.74	-8.018
48151.74	-8.021
48152.74	-8.024
48153.74	-8.023
48154.74	-8.027
48155.74	-8.023
48156.74	-8.022
48157.74	-8.022
48158.74	-8.02
48159.74	-8.022
48160.74	-8.023
48161.74	-8.023
48162.74	-8.019
48163.74	-8.021
48164.74	-8.023
48165.74	-8.022
48166.74	-8.022
48167.74	-8.023
48168.74	-8.022
48169.74	-8.023
48170.74	-8.024
48171.74	-8.022
48172.74	-8.022
48173.74	-8.022
48174.74	-8.023
48175.74	-8.022
48176.74	-8.022
48177.74	-8.02
48178.74	-8.022
48179.74	-8.023
48180.74	-8.022
48181.74	-8.022
48182.74	-8.02
48183.74	-8.023
48184.74	-8.02
48185.74	-8.025
48186.74	-8.02
48187.74	-8.02
48188.74	-8.025
48189.74	-8.02
48190.74	-8.022
48191.74	-8.022
48192.74	-8.02
48193.74	-8.02
48194.74	-8.021
48195.74	-8.021
48196.74	-8.026
48197.74	-8.026
48198.74	-8.021
48199.74	-8.023
48200.74	-8.022
48201.74	-8.022
48202.74	-8.02
48203.74	-8.023
48204.74	-8.025
48205.74	-8.021
48206.74	-8.022
48207.74	-8.024
48208.74	-8.021
48209.74	-8.023
48210.74	-8.022
48211.74	-8.024
48212.74	-8.025
48213.74	-8.021
48214.74	-8.018
48215.74	-8.02
48216.74	-8.02
48217.74	-8.023
48218.74	-8.021
48219.74	-8.019
48220.74	-8.023
48221.74	-8.022
48222.74	-8.022
48223.74	-8.023
48224.74	-8.022
48225.74	-8.023
48226.74	-8.022
48227.74	-8.022
48228.74	-8.022
48229.74	-8.022
48230.74	-8.021
48231.74	-8.02
48232.74	-8.022
48233.74	-8.023
48234.74	-8.021
48235.74	-8.025
48236.74	-8.026
48237.74	-8.023
48238.74	-8.023
48239.74	-8.021
48240.74	-8.021
48241.74	-8.018
48242.74	-8.025
48243.74	-8.021
48244.74	-8.022
48245.74	-8.022
48246.74	-8.023
48247.74	-8.024
48248.74	-8.02
48249.74	-8.024
48250.74	-8.025
48251.74	-8.023
48252.74	-8.022
48253.74	-8.024
48254.74	-8.022
48255.74	-8.022
48256.74	-8.025
48257.74	-8.024
48258.74	-8.021
48259.74	-8.022
48260.74	-8.024
48261.74	-8.022
48262.74	-8.02
48263.74	-8.023
48264.74	-8.022
48265.74	-8.021
48266.74	-8.024
48267.74	-8.022
48268.74	-8.023
48269.74	-8.025
48270.74	-8.021
48271.74	-8.025
48272.74	-8.025
48273.74	-8.023
48274.74	-8.021
48275.74	-8.024
48276.74	-8.022
48277.74	-8.022
48278.74	-8.021
48279.74	-8.024
48280.74	-8.024
48281.74	-8.023
48282.74	-8.024
48283.74	-8.023
48284.74	-8.024
48285.74	-8.023
48286.74	-8.024
48287.74	-8.025
48288.74	-8.025
48289.74	-8.025
48290.74	-8.022
48291.74	-8.024
48292.74	-8.023
48293.74	-8.024
48294.74	-8.025
48295.74	-8.025
48296.74	-8.024
48297.74	-8.024
48298.74	-8.022
48299.74	-8.024
48300.74	-8.023
48301.74	-8.022
48302.74	-8.022
48303.74	-8.024
48304.74	-8.025
48305.74	-8.024
48306.74	-8.021
48307.74	-8.023
48308.74	-8.02
48309.74	-8.025
48310.74	-8.024
48311.74	-8.023
48312.74	-8.024
48313.74	-8.022
48314.74	-8.026
48315.74	-8.022
48316.74	-8.021
48317.74	-8.022
48318.74	-8.027
48319.74	-8.024
48320.74	-8.024
48321.74	-8.022
48322.74	-8.023
48323.74	-8.024
48324.74	-8.023
48325.74	-8.022
48326.74	-8.022
48327.74	-8.021
48328.74	-8.023
48329.74	-8.02
48330.74	-8.024
48331.74	-8.021
48332.74	-8.025
48333.74	-8.021
48334.74	-8.022
48335.74	-8.024
48336.74	-8.021
48337.74	-8.022
48338.74	-8.022
48339.74	-8.023
48340.74	-8.024
48341.74	-8.023
48342.74	-8.023
48343.74	-8.02
48344.74	-8.024
48345.74	-8.023
48346.74	-8.023
48347.74	-8.024
48348.74	-8.022
48349.74	-8.021
48350.74	-8.025
48351.74	-8.025
48352.74	-8.025
48353.74	-8.023
48354.74	-8.025
48355.74	-8.022
48356.74	-8.025
48357.74	-8.022
48358.74	-8.023
48359.74	-8.022
48360.74	-8.022
48361.74	-8.021
48362.74	-8.021
48363.74	-8.024
48364.74	-8.021
48365.74	-8.024
48366.74	-8.022
48367.74	-8.023
48368.74	-8.024
48369.74	-8.025
48370.74	-8.023
48371.74	-8.023
48372.74	-8.02
48373.74	-8.022
48374.74	-8.024
48375.74	-8.024
48376.74	-8.021
48377.74	-8.021
48378.74	-8.023
48379.74	-8.025
48380.74	-8.022
48381.74	-8.021
48382.74	-8.023
48383.74	-8.022
48384.74	-8.022
48385.74	-8.023
48386.74	-8.022
48387.74	-8.024
48388.74	-8.024
48389.74	-8.023
48390.74	-8.023
48391.74	-8.022
48392.74	-8.024
48393.74	-8.023
48394.74	-8.025
48395.74	-8.023
48396.74	-8.021
48397.74	-8.02
48398.74	-8.024
48399.74	-8.022
48400.74	-8.022
48401.74	-8.023
48402.74	-8.022
48403.74	-8.024
48404.74	-8.023
48405.74	-8.022
48406.74	-8.025
48407.74	-8.024
48408.74	-8.022
48409.74	-8.022
48410.74	-8.024
48411.74	-8.024
48412.74	-8.023
48413.74	-8.021
48414.74	-8.022
48415.74	-8.023
48416.74	-8.025
48417.74	-8.023
48418.74	-8.023
48419.74	-8.021
48420.74	-8.022
48421.74	-8.023
48422.74	-8.024
48423.74	-8.025
48424.74	-8.025
48425.74	-8.021
48426.74	-8.022
48427.74	-8.023
48428.74	-8.025
48429.74	-8.023
48430.74	-8.024
48431.74	-8.022
48432.74	-8.021
48433.74	-8.023
48434.74	-8.022
48435.74	-8.021
48436.74	-8.021
48437.74	-8.021
48438.74	-8.025
48439.74	-8.024
48440.74	-8.019
48441.74	-8.022
48442.74	-8.021
48443.74	-8.023
48444.74	-8.021
48445.74	-8.023
48446.74	-8.025
48447.74	-8.019
48448.74	-8.026
48449.74	-8.024
48450.74	-8.021
48451.74	-8.023
48452.74	-8.025
48453.74	-8.021
48454.74	-8.026
48455.74	-8.021
48456.74	-8.022
48457.74	-8.024
48458.74	-8.025
48459.74	-8.025
48460.74	-8.022
48461.74	-8.025
48462.74	-8.023
48463.74	-8.025
48464.74	-8.022
48465.74	-8.021
48466.74	-8.022
48467.74	-8.022
48468.74	-8.025
48469.74	-8.024
48470.74	-8.02
48471.74	-8.02
48472.74	-8.021
48473.74	-8.021
48474.74	-8.022
48475.74	-8.024
48476.74	-8.024
48477.74	-8.022
48478.74	-8.022
48479.74	-8.024
48480.74	-8.022
48481.74	-8.021
48482.74	-8.023
48483.74	-8.024
48484.74	-8.023
48485.74	-8.024
48486.74	-8.025
48487.74	-8.023
48488.74	-8.023
48489.74	-8.02
48490.74	-8.023
48491.74	-8.021
48492.74	-8.021
48493.74	-8.023
48494.74	-8.023
48495.74	-8.024
48496.74	-8.024
48497.74	-8.025
48498.74	-8.022
48499.74	-8.022
48500.74	-8.023
48501.74	-8.025
48502.74	-8.024
48503.74	-8.021
48504.74	-8.02
48505.74	-8.022
48506.74	-8.022
48507.74	-8.024
48508.74	-8.023
48509.74	-8.023
48510.74	-8.024
48511.74	-8.023
48512.74	-8.022
48513.74	-8.023
48514.74	-8.023
48515.74	-8.022
48516.74	-8.022
48517.74	-8.02
48518.74	-8.024
48519.74	-8.025
48520.74	-8.021
48521.74	-8.023
48522.74	-8.022
48523.74	-8.02
48524.74	-8.021
48525.74	-8.02
48526.74	-8.02
48527.74	-8.024
48528.74	-8.023
48529.74	-8.024
48530.74	-8.024
48531.74	-8.026
48532.74	-8.023
48533.74	-8.023
48534.74	-8.024
48535.74	-8.023
48536.74	-8.023
48537.74	-8.022
48538.74	-8.023
48539.74	-8.024
48540.74	-8.021
48541.74	-8.026
48542.74	-8.023
48543.74	-8.024
48544.74	-8.024
48545.74	-8.024
48546.74	-8.023
48547.74	-8.023
48548.74	-8.02
48549.74	-8.025
48550.74	-8.023
48551.74	-8.024
48552.74	-8.024
48553.74	-8.022
48554.74	-8.025
48555.74	-8.022
48556.74	-8.023
48557.74	-8.022
48558.74	-8.025
48559.74	-8.022
48560.74	-8.023
48561.74	-8.021
48562.74	-8.023
48563.74	-8.022
48564.74	-8.021
48565.74	-8.021
48566.74	-8.022
48567.74	-8.023
48568.74	-8.022
48569.74	-8.022
48570.74	-8.023
48571.74	-8.024
48572.74	-8.023
48573.74	-8.023
48574.74	-8.023
48575.74	-8.024
48576.74	-8.024
48577.74	-8.023
48578.74	-8.024
48579.74	-8.021
48580.74	-8.025
48581.74	-8.022
48582.74	-8.022
48583.74	-8.023
48584.74	-8.023
48585.74	-8.021
48586.74	-8.022
48587.74	-8.023
48588.74	-8.023
48589.74	-8.022
48590.74	-8.021
48591.74	-8.024
48592.74	-8.022
48593.74	-8.024
48594.74	-8.023
48595.74	-8.022
48596.74	-8.026
48597.74	-8.02
48598.74	-8.023
48599.74	-8.022
48600.74	-8.026
48601.74	-8.022
48602.74	-8.022
48603.74	-8.023
48604.74	-8.023
48605.74	-8.023
48606.74	-8.024
48607.74	-8.023
48608.74	-8.025
48609.74	-8.023
48610.74	-8.024
48611.74	-8.026
48612.74	-8.023
48613.74	-8.024
48614.74	-8.021
48615.74	-8.024
48616.74	-8.024
48617.74	-8.022
48618.74	-8.024
48619.74	-8.025
48620.74	-8.024
48621.74	-8.022
48622.74	-8.026
48623.74	-8.025
48624.74	-8.024
48625.74	-8.026
48626.74	-8.025
48627.74	-8.024
48628.74	-8.025
48629.74	-8.025
48630.74	-8.024
48631.74	-8.024
48632.74	-8.024
48633.74	-8.025
48634.74	-8.024
48635.74	-8.025
48636.74	-8.022
48637.74	-8.022
48638.74	-8.024
48639.74	-8.023
48640.74	-8.024
48641.74	-8.023
48642.74	-8.023
48643.74	-8.023
48644.74	-8.025
48645.74	-8.025
48646.74	-8.023
48647.74	-8.024
48648.74	-8.025
48649.74	-8.026
48650.74	-8.025
48651.74	-8.024
48652.74	-8.023
48653.74	-8.025
48654.74	-8.022
48655.74	-8.025
48656.74	-8.024
48657.74	-8.022
48658.74	-8.027
48659.74	-8.024
48660.74	-8.023
48661.74	-8.021
48662.74	-8.022
48663.74	-8.026
48664.74	-8.022
48665.74	-8.026
48666.74	-8.023
48667.74	-8.023
48668.74	-8.022
48669.74	-8.024
48670.74	-8.023
48671.74	-8.024
48672.74	-8.025
48673.74	-8.024
48674.74	-8.026
48675.74	-8.023
48676.74	-8.024
48677.74	-8.024
48678.74	-8.023
48679.74	-8.025
48680.74	-8.027
48681.74	-8.024
48682.74	-8.024
48683.74	-8.023
48684.74	-8.024
48685.74	-8.022
48686.74	-8.024
48687.74	-8.023
48688.74	-8.024
48689.74	-8.025
48690.74	-8.023
48691.74	-8.023
48692.74	-8.024
48693.74	-8.024
48694.74	-8.023
48695.74	-8.024
48696.74	-8.021
48697.74	-8.023
48698.74	-8.022
48699.74	-8.02
48700.74	-8.023
48701.74	-8.022
48702.74	-8.02
48703.74	-8.024
48704.74	-8.022
48705.74	-8.024
48706.74	-8.022
48707.74	-8.021
48708.74	-8.022
48709.74	-8.024
48710.74	-8.023
48711.74	-8.023
48712.74	-8.021
48713.74	-8.023
48714.74	-8.023
48715.74	-8.021
48716.74	-8.023
48717.74	-8.025
48718.74	-8.021
48719.74	-8.023
48720.74	-8.024
48721.74	-8.024
48722.74	-8.025
48723.74	-8.022
48724.74	-8.024
48725.74	-8.02
48726.74	-8.023
48727.74	-8.024
48728.74	-8.022
48729.74	-8.024
48730.74	-8.024
48731.74	-8.023
48732.74	-8.023
48733.74	-8.024
48734.74	-8.021
48735.74	-8.021
48736.74	-8.024
48737.74	-8.022
48738.74	-8.024
48739.74	-8.024
48740.74	-8.023
48741.74	-8.023
48742.74	-8.023
48743.74	-8.024
48744.74	-8.024
48745.74	-8.023
48746.74	-8.024
48747.74	-8.024
48748.74	-8.023
48749.74	-8.023
48750.74	-8.023
48751.74	-8.022
48752.74	-8.02
48753.74	-8.024
48754.74	-8.023
48755.74	-8.025
48756.74	-8.026
48757.74	-8.023
48758.74	-8.025
48759.74	-8.024
48760.74	-8.026
48761.74	-8.023
48762.74	-8.019
48763.74	-8.023
48764.74	-8.023
48765.74	-8.024
48766.74	-8.023
48767.74	-8.023
48768.74	-8.023
48769.74	-8.022
48770.74	-8.021
48771.74	-8.023
48772.74	-8.022
48773.74	-8.023
48774.74	-8.023
48775.74	-8.025
48776.74	-8.021
48777.74	-8.023
48778.74	-8.023
48779.74	-8.023
48780.74	-8.024
48781.74	-8.025
48782.74	-8.022
48783.74	-8.027
48784.74	-8.025
48785.74	-8.022
48786.74	-8.023
48787.74	-8.022
48788.74	-8.023
48789.74	-8.026
48790.74	-8.024
48791.74	-8.022
48792.74	-8.023
48793.74	-8.026
48794.74	-8.025
48795.74	-8.027
48796.74	-8.025
48797.74	-8.02
48798.74	-8.022
48799.74	-8.022
48800.74	-8.02
48801.74	-8.025
48802.74	-8.022
48803.74	-8.021
48804.74	-8.024
48805.74	-8.024
48806.74	-8.023
48807.74	-8.023
48808.74	-8.024
48809.74	-8.023
48810.74	-8.022
48811.74	-8.022
48812.74	-8.022
48813.74	-8.022
48814.74	-8.025
48815.74	-8.023
48816.74	-8.027
48817.74	-8.025
48818.74	-8.021
48819.74	-8.024
48820.74	-8.026
48821.74	-8.024
48822.74	-8.021
48823.74	-8.025
48824.74	-8.023
48825.74	-8.022
48826.74	-8.024
48827.74	-8.023
48828.74	-8.021
48829.74	-8.021
48830.74	-8.023
48831.74	-8.023
48832.74	-8.023
48833.74	-8.024
48834.74	-8.021
48835.74	-8.021
48836.74	-8.023
48837.74	-8.025
48838.74	-8.025
48839.74	-8.023
48840.74	-8.022
48841.74	-8.027
48842.74	-8.026
48843.74	-8.024
48844.74	-8.024
48845.74	-8.023
48846.74	-8.025
48847.74	-8.024
48848.74	-8.023
48849.74	-8.025
48850.74	-8.023
48851.74	-8.023
48852.74	-8.022
48853.74	-8.024
48854.74	-8.021
48855.74	-8.022
48856.74	-8.026
48857.74	-8.024
48858.74	-8.024
48859.74	-8.02
48860.74	-8.022
48861.74	-8.023
48862.74	-8.024
48863.74	-8.024
48864.74	-8.027
48865.74	-8.021
48866.74	-8.02
48867.74	-8.022
48868.74	-8.022
48869.74	-8.023
48870.74	-8.021
48871.74	-8.023
48872.74	-8.025
48873.74	-8.022
48874.74	-8.021
48875.74	-8.023
48876.74	-8.021
48877.74	-8.023
48878.74	-8.022
48879.74	-8.022
48880.74	-8.023
48881.74	-8.023
48882.74	-8.022
48883.74	-8.025
48884.74	-8.024
48885.74	-8.025
48886.74	-8.025
48887.74	-8.025
48888.74	-8.023
48889.74	-8.024
48890.74	-8.023
48891.74	-8.022
48892.74	-8.025
48893.74	-8.023
48894.74	-8.023
48895.74	-8.021
48896.74	-8.023
48897.74	-8.023
48898.74	-8.025
48899.74	-8.022
48900.74	-8.025
48901.74	-8.024
48902.74	-8.022
48903.74	-8.024
48904.74	-8.023
48905.74	-8.025
48906.74	-8.023
48907.74	-8.023
48908.74	-8.024
48909.74	-8.022
48910.74	-8.024
48911.74	-8.022
48912.74	-8.022
48913.74	-8.02
48914.74	-8.022
48915.74	-8.024
48916.74	-8.022
48917.74	-8.023
48918.74	-8.023
48919.74	-8.025
48920.74	-8.024
48921.74	-8.026
48922.74	-8.023
48923.74	-8.025
48924.74	-8.024
48925.74	-8.026
48926.74	-8.022
48927.74	-8.024
48928.74	-8.025
48929.74	-8.024
48930.74	-8.023
48931.74	-8.023
48932.74	-8.023
48933.74	-8.023
48934.74	-8.023
48935.74	-8.022
48936.74	-8.021
48937.74	-8.022
48938.74	-8.021
48939.74	-8.023
48940.74	-8.024
48941.74	-8.02
48942.74	-8.022
48943.74	-8.022
48944.74	-8.021
48945.74	-8.023
48946.74	-8.02
48947.74	-8.024
48948.74	-8.022
48949.74	-8.021
48950.74	-8.021
48951.74	-8.023
48952.74	-8.021
48953.74	-8.021
48954.74	-8.022
48955.74	-8.022
48956.74	-8.024
48957.74	-8.021
48958.74	-8.021
48959.74	-8.021
48960.74	-8.022
48961.74	-8.013
48962.74	-8.015
48963.74	-8.012
48964.74	-8.016
48965.74	-8.017
48966.74	-8.015
48967.74	-8.015
48968.74	-8.015
48969.74	-8.019
48970.74	-8.016
48971.74	-8.019
48972.74	-8.018
48973.74	-8.019
48974.74	-8.019
48975.74	-8.016
48976.74	-8.015
48977.74	-8.012
48978.74	-8.017
48979.74	-8.019
48980.74	-8.018
48981.74	-8.013
48982.74	-8.015
48983.74	-8.019
48984.74	-8.017
48985.74	-8.019
48986.74	-8.014
48987.74	-8.018
48988.74	-8.015
48989.74	-8.018
48990.74	-8.018
48991.74	-8.015
48992.74	-8.014
48993.74	-8.012
48994.74	-8.016
48995.74	-8.013
48996.74	-8.017
48997.74	-8.017
48998.74	-8.019
48999.74	-8.009
49000.74	-8.017
49001.74	-8.021
49002.74	-8.016
49003.74	-8.016
49004.74	-8.02
49005.74	-8.018
49006.74	-8.019
49007.74	-8.015
49008.74	-8.02
49009.74	-8.016
49010.74	-8.011
49011.74	-8.017
49012.74	-8.017
49013.74	-8.013
49014.74	-8.017
49015.74	-8.018
49016.74	-8.016
49017.74	-8.012
49018.74	-8.018
49019.74	-8.013
49020.74	-8.018
49021.74	-8.015
49022.74	-8.019
49023.74	-8.012
49024.74	-8.017
49025.74	-8.017
49026.74	-8.013
49027.74	-8.017
49028.74	-8.018
49029.74	-8.017
49030.74	-8.018
49031.74	-8.017
49032.74	-8.017
49033.74	-8.013
49034.74	-8.012
49035.74	-8.011
49036.74	-8.018
49037.74	-8.014
49038.74	-8.018
49039.74	-8.019
49040.74	-8.012
49041.74	-8.013
49042.74	-8.015
49043.74	-8.013
49044.74	-8.011
49045.74	-8.018
49046.74	-8.019
49047.74	-8.013
49048.74	-8.015
49049.74	-8.016
49050.74	-8.017
49051.74	-8.017
49052.74	-8.014
49053.74	-8.017
49054.74	-8.016
49055.74	-8.016
49056.74	-8.019
49057.74	-8.018
49058.74	-8.019
49059.74	-8.016
49060.74	-8.018
49061.74	-8.013
49062.74	-8.015
49063.74	-8.015
49064.74	-8.014
49065.74	-8.016
49066.74	-8.017
49067.74	-8.015
49068.74	-8.015
49069.74	-8.018
49070.74	-8.018
49071.74	-8.016
49072.74	-8.016
49073.74	-8.016
49074.74	-8.011
49075.74	-8.014
49076.74	-8.014
49077.74	-8.014
49078.74	-8.02
49079.74	-8.017
49080.74	-8.016
49081.74	-8.015
49082.74	-8.018
49083.74	-8.017
49084.74	-8.012
49085.74	-8.015
49086.74	-8.015
49087.74	-8.016
49088.74	-8.014
49089.74	-8.02
49090.74	-8.016
49091.74	-8.012
49092.74	-8.017
49093.74	-8.016
49094.74	-8.018
49095.74	-8.017
49096.74	-8.015
49097.74	-8.017
49098.74	-8.008
49099.74	-8.019
49100.74	-8.02
49101.74	-8.017
49102.74	-8.017
49103.74	-8.012
49104.74	-8.016
49105.74	-8.014
49106.74	-8.016
49107.74	-8.017
49108.74	-8.018
49109.74	-8.018
49110.74	-8.017
49111.74	-8.013
49112.74	-8.015
49113.74	-8.017
49114.74	-8.018
49115.74	-8.016
49116.74	-8.007
49117.74	-8.012
49118.74	-8.015
49119.74	-8.017
49120.74	-8.017
49121.74	-8.014
49122.74	-8.017
49123.74	-8.017
49124.74	-8.017
49125.74	-8.018
49126.74	-8.018
49127.74	-8.018
49128.74	-8.012
49129.74	-8.015
49130.74	-8.014
49131.74	-8.017
49132.74	-8.017
49133.74	-8.016
49134.74	-8.018
49135.74	-8.016
49136.74	-8.019
49137.74	-8.018
49138.74	-8.018
49139.74	-8.018
49140.74	-8.019
49141.74	-8.015
49142.74	-8.018
49143.74	-8.015
49144.74	-8.017
49145.74	-8.018
49146.74	-8.012
49147.74	-8.021
49148.74	-8.014
49149.74	-8.011
49150.74	-8.017
49151.74	-8.016
49152.74	-8.017
49153.74	-8.018
49154.74	-8.02
49155.74	-8.017
49156.74	-8.02
49157.74	-8.018
49158.74	-8.017
49159.74	-8.017
49160.74	-8.012
49161.74	-8.017
49162.74	-8.018
49163.74	-8.018
49164.74	-8.017
49165.74	-8.015
49166.74	-8.013
49167.74	-8.016
49168.74	-8.017
49169.74	-8.014
49170.74	-8.018
49171.74	-8.016
49172.74	-8.014
49173.74	-8.012
49174.74	-8.016
49175.74	-8.015
49176.74	-8.019
49177.74	-8.014
49178.74	-8.019
49179.74	-8.012
49180.74	-8.014
49181.74	-8.015
49182.74	-8.014
49183.74	-8.009
49184.74	-8.015
49185.74	-8.012
49186.74	-8.016
49187.74	-8.016
49188.74	-8.018
49189.74	-8.017
49190.74	-8.017
49191.74	-8.019
49192.74	-8.016
49193.74	-8.016
49194.74	-8.016
49195.74	-8.017
49196.74	-8.017
49197.74	-8.018
49198.74	-8.017
49199.74	-8.014
49200.74	-8.02
49201.74	-8.018
49202.74	-8.019
49203.74	-8.017
49204.74	-8.019
49205.74	-8.012
49206.74	-8.017
49207.74	-8.018
49208.74	-8.017
49209.74	-8.009
49210.74	-8.016
49211.74	-8.018
49212.74	-8.017
49213.74	-8.018
49214.74	-8.017
49215.74	-8.013
49216.74	-8.018
49217.74	-8.018
49218.74	-8.016
49219.74	-8.016
49220.74	-8.018
49221.74	-8.017
49222.74	-8.014
49223.74	-8.016
49224.74	-8.017
49225.74	-8.017
49226.74	-8.016
49227.74	-8.018
49228.74	-8.017
49229.74	-8.015
49230.74	-8.02
49231.74	-8.021
49232.74	-8.024
49233.74	-8.019
49234.74	-8.02
49235.74	-8.02
49236.74	-8.02
49237.74	-8.02
49238.74	-8.021
49239.74	-8.023
49240.74	-8.023
49241.74	-8.023
49242.74	-8.022
49243.74	-8.021
49244.74	-8.022
49245.74	-8.024
49246.74	-8.018
49247.74	-8.023
49248.74	-8.021
49249.74	-8.021
49250.74	-8.022
49251.74	-8.021
49252.74	-8.023
49253.74	-8.021
49254.74	-8.023
49255.74	-8.023
49256.74	-8.019
49257.74	-8.022
49258.74	-8.021
49259.74	-8.02
49260.74	-8.02
49261.74	-8.021
49262.74	-8.021
49263.74	-8.023
49264.74	-8.02
49265.74	-8.023
49266.74	-8.021
49267.74	-8.023
49268.74	-8.02
49269.74	-8.021
49270.74	-8.02
49271.74	-8.023
49272.74	-8.02
49273.74	-8.023
49274.74	-8.022
49275.74	-8.023
49276.74	-8.022
49277.74	-8.022
49278.74	-8.021
49279.74	-8.022
49280.74	-8.022
49281.74	-8.022
49282.74	-8.024
49283.74	-8.021
49284.74	-8.021
49285.74	-8.021
49286.74	-8.021
49287.74	-8.022
49288.74	-8.024
49289.74	-8.021
49290.74	-8.021
49291.74	-8.021
49292.74	-8.023
49293.74	-8.02
49294.74	-8.019
49295.74	-8.022
49296.74	-8.024
49297.74	-8.021
49298.74	-8.021
49299.74	-8.022
49300.74	-8.023
49301.74	-8.021
49302.74	-8.02
49303.74	-8.019
49304.74	-8.021
49305.74	-8.022
49306.74	-8.022
49307.74	-8.021
49308.74	-8.023
49309.74	-8.022
49310.74	-8.022
49311.74	-8.023
49312.74	-8.02
49313.74	-8.022
49314.74	-8.023
49315.74	-8.021
49316.74	-8.022
49317.74	-8.021
49318.74	-8.021
49319.74	-8.023
49320.74	-8.022
49321.74	-8.022
49322.74	-8.022
49323.74	-8.021
49324.74	-8.02
49325.74	-8.022
49326.74	-8.021
49327.74	-8.021
49328.74	-8.021
49329.74	-8.022
49330.74	-8.023
49331.74	-8.025
49332.74	-8.021
49333.74	-8.022
49334.74	-8.022
49335.74	-8.024
49336.74	-8.022
49337.74	-8.02
49338.74	-8.023
49339.74	-8.024
49340.74	-8.023
49341.74	-8.024
49342.74	-8.021
49343.74	-8.022
49344.74	-8.024
49345.74	-8.022
49346.74	-8.023
49347.74	-8.023
49348.74	-8.023
49349.74	-8.021
49350.74	-8.02
49351.74	-8.021
49352.74	-8.021
49353.74	-8.02
49354.74	-8.023
49355.74	-8.023
49356.74	-8.023
49357.74	-8.021
49358.74	-8.02
49359.74	-8.022
49360.74	-8.021
49361.74	-8.021
49362.74	-8.021
49363.74	-8.02
49364.74	-8.021
49365.74	-8.019
49366.74	-8.022
49367.74	-8.021
49368.74	-8.022
49369.74	-8.021
49370.74	-8.02
49371.74	-8.021
49372.74	-8.019
49373.74	-8.022
49374.74	-8.021
49375.74	-8.021
49376.74	-8.02
49377.74	-8.021
49378.74	-8.021
49379.74	-8.024
49380.74	-8.024
49381.74	-8.022
49382.74	-8.02
49383.74	-8.023
49384.74	-8.021
49385.74	-8.019
49386.74	-8.022
49387.74	-8.022
49388.74	-8.021
49389.74	-8.022
49390.74	-8.02
49391.74	-8.021
49392.74	-8.023
49393.74	-8.022
49394.74	-8.021
49395.74	-8.021
49396.74	-8.022
49397.74	-8.022
49398.74	-8.023
49399.74	-8.02
49400.74	-8.023
49401.74	-8.022
49402.74	-8.022
49403.74	-8.021
49404.74	-8.022
49405.74	-8.021
49406.74	-8.022
49407.74	-8.021
49408.74	-8.022
49409.74	-8.019
49410.74	-8.022
49411.74	-8.024
49412.74	-8.021
49413.74	-8.022
49414.74	-8.021
49415.74	-8.024
49416.74	-8.021
49417.74	-8.02
49418.74	-8.021
49419.74	-8.022
49420.74	-8.018
49421.74	-8.022
49422.74	-8.019
49423.74	-8.022
49424.74	-8.022
49425.74	-8.022
49426.74	-8.021
49427.74	-8.021
49428.74	-8.021
49429.74	-8.019
49430.74	-8.024
49431.74	-8.022
49432.74	-8.024
49433.74	-8.022
49434.74	-8.022
49435.74	-8.021
49436.74	-8.021
49437.74	-8.021
49438.74	-8.021
49439.74	-8.021
49440.74	-8.024
49441.74	-8.024
49442.74	-8.022
49443.74	-8.021
49444.74	-8.02
49445.74	-8.021
49446.74	-8.021
49447.74	-8.02
49448.74	-8.022
49449.74	-8.02
49450.74	-8.022
49451.74	-8.023
49452.74	-8.019
49453.74	-8.022
49454.74	-8.021
49455.74	-8.02
49456.74	-8.019
49457.74	-8.02
49458.74	-8.021
49459.74	-8.02
49460.74	-8.022
49461.74	-8.021
49462.74	-8.022
49463.74	-8.023
49464.74	-8.022
49465.74	-8.022
49466.74	-8.022
49467.74	-8.022
49468.74	-8.022
49469.74	-8.021
49470.74	-8.021
49471.74	-8.023
49472.74	-8.022
49473.74	-8.021
49474.74	-8.02
49475.74	-8.023
49476.74	-8.023
49477.74	-8.021
49478.74	-8.022
49479.74	-8.022
49480.74	-8.023
49481.74	-8.022
49482.74	-8.022
49483.74	-8.023
49484.74	-8.02
49485.74	-8.022
49486.74	-8.019
49487.74	-8.018
49488.74	-8.022
49489.74	-8.022
49490.74	-8.021
49491.74	-8.025
49492.74	-8.019
49493.74	-8.022
49494.74	-8.021
49495.74	-8.02
49496.74	-8.023
49497.74	-8.02
49498.74	-8.021
49499.74	-8.019
49500.74	-8.023
49501.74	-8.019
49502.74	-8.024
49503.74	-8.021
49504.74	-8.02
49505.74	-8.021
49506.74	-8.022
49507.74	-8.02
49508.74	-8.019
49509.74	-8.022
49510.74	-8.023
49511.74	-8.023
49512.74	-8.02
49513.74	-8.019
49514.74	-8.02
49515.74	-8.018
49516.74	-8.023
49517.74	-8.021
49518.74	-8.021
49519.74	-8.02
49520.74	-8.02
49521.74	-8.023
49522.74	-8.022
49523.74	-8.02
49524.74	-8.023
49525.74	-8.022
49526.74	-8.021
49527.74	-8.02
49528.74	-8.019
49529.74	-8.023
49530.74	-8.024
49531.74	-8.024
49532.74	-8.021
49533.74	-8.023
49534.74	-8.021
49535.74	-8.023
49536.74	-8.021
49537.74	-8.021
49538.74	-8.022
49539.74	-8.019
49540.74	-8.023
49541.74	-8.023
49542.74	-8.022
49543.74	-8.019
49544.74	-8.02
49545.74	-8.02
49546.74	-8.02
49547.74	-8.023
49548.74	-8.024
49549.74	-8.023
49550.74	-8.022
49551.74	-8.025
49552.74	-8.023
49553.74	-8.022
49554.74	-8.021
49555.74	-8.019
49556.74	-8.019
49557.74	-8.022
49558.74	-8.023
49559.74	-8.022
49560.74	-8.022
49561.74	-8.019
49562.74	-8.025
49563.74	-8.023
49564.74	-8.021
49565.74	-8.019
49566.74	-8.023
49567.74	-8.021
49568.74	-8.021
49569.74	-8.021
49570.74	-8.021
49571.74	-8.022
49572.74	-8.018
49573.74	-8.02
49574.74	-8.021
49575.74	-8.021
49576.74	-8.022
49577.74	-8.023
49578.74	-8.022
49579.74	-8.022
49580.74	-8.024
49581.74	-8.023
49582.74	-8.023
49583.74	-8.025
49584.74	-8.021
49585.74	-8.02
49586.74	-8.022
49587.74	-8.021
49588.74	-8.021
49589.74	-8.02
49590.74	-8.022
49591.74	-8.022
49592.74	-8.022
49593.74	-8.022
49594.74	-8.022
49595.74	-8.021
49596.74	-8.022
49597.74	-8.022
49598.74	-8.021
49599.74	-8.023
49600.74	-8.023
49601.74	-8.023
49602.74	-8.023
49603.74	-8.022
49604.74	-8.019
49605.74	-8.022
49606.74	-8.025
49607.74	-8.022
49608.74	-8.022
49609.74	-8.025
49610.74	-8.022
49611.74	-8.022
49612.74	-8.024
49613.74	-8.022
49614.74	-8.02
49615.74	-8.022
49616.74	-8.023
49617.74	-8.021
49618.74	-8.019
49619.74	-8.023
49620.74	-8.02
49621.74	-8.026
49622.74	-8.022
49623.74	-8.022
49624.74	-8.021
49625.74	-8.023
49626.74	-8.022
49627.74	-8.025
49628.74	-8.021
49629.74	-8.022
49630.74	-8.022
49631.74	-8.022
49632.74	-8.022
49633.74	-8.023
49634.74	-8.019
49635.74	-8.024
49636.74	-8.024
49637.74	-8.02
49638.74	-8.019
49639.74	-8.025
49640.74	-8.019
49641.74	-8.02
49642.74	-8.022
49643.74	-8.019
49644.74	-8.021
49645.74	-8.02
49646.74	-8.02
49647.74	-8.022
49648.74	-8.02
49649.74	-8.021
49650.74	-8.023
49651.74	-8.019
49652.74	-8.02
49653.74	-8.02
49654.74	-8.022
49655.74	-8.022
49656.74	-8.02
49657.74	-8.025
49658.74	-8.021
49659.74	-8.022
49660.74	-8.024
49661.74	-8.022
49662.74	-8.023
49663.74	-8.023
49664.74	-8.022
49665.74	-8.022
49666.74	-8.022
49667.74	-8.02
49668.74	-8.02
49669.74	-8.02
49670.74	-8.022
49671.74	-8.021
49672.74	-8.024
49673.74	-8.021
49674.74	-8.026
49675.74	-8.022
49676.74	-8.022
49677.74	-8.023
49678.74	-8.022
49679.74	-8.021
49680.74	-8.022
49681.74	-8.021
49682.74	-8.024
49683.74	-8.023
49684.74	-8.022
49685.74	-8.023
49686.74	-8.025
49687.74	-8.022
49688.74	-8.022
49689.74	-8.02
49690.74	-8.023
49691.74	-8.024
49692.74	-8.024
49693.74	-8.024
49694.74	-8.022
49695.74	-8.024
49696.74	-8.024
49697.74	-8.025
49698.74	-8.022
49699.74	-8.022
49700.74	-8.021
49701.74	-8.023
49702.74	-8.025
49703.74	-8.025
49704.74	-8.023
49705.74	-8.023
49706.74	-8.023
49707.74	-8.021
49708.74	-8.023
49709.74	-8.024
49710.74	-8.023
49711.74	-8.023
49712.74	-8.023
49713.74	-8.024
49714.74	-8.023
49715.74	-8.022
49716.74	-8.023
49717.74	-8.021
49718.74	-8.021
49719.74	-8.02
49720.74	-8.026
49721.74	-8.023
49722.74	-8.022
49723.74	-8.023
49724.74	-8.022
49725.74	-8.021
49726.74	-8.025
49727.74	-8.022
49728.74	-8.022
49729.74	-8.022
49730.74	-8.021
49731.74	-8.021
49732.74	-8.019
49733.74	-8.022
49734.74	-8.022
49735.74	-8.023
49736.74	-8.023
49737.74	-8.022
49738.74	-8.02
49739.74	-8.02
49740.74	-8.024
49741.74	-8.024
49742.74	-8.024
49743.74	-8.022
49744.74	-8.021
49745.74	-8.02
49746.74	-8.022
49747.74	-8.024
49748.74	-8.019
49749.74	-8.022
49750.74	-8.023
49751.74	-8.025
49752.74	-8.023
49753.74	-8.022
49754.74	-8.023
49755.74	-8.021
49756.74	-8.024
49757.74	-8.021
49758.74	-8.023
49759.74	-8.025
49760.74	-8.022
49761.74	-8.022
49762.74	-8.025
49763.74	-8.023
49764.74	-8.023
49765.74	-8.022
49766.74	-8.023
49767.74	-8.024
49768.74	-8.023
49769.74	-8.021
49770.74	-8.022
49771.74	-8.022
49772.74	-8.022
49773.74	-8.023
49774.74	-8.022
49775.74	-8.023
49776.74	-8.022
49777.74	-8.024
49778.74	-8.022
49779.74	-8.024
49780.74	-8.022
49781.74	-8.026
49782.74	-8.024
49783.74	-8.023
49784.74	-8.023
49785.74	-8.025
49786.74	-8.025
49787.74	-8.024
49788.74	-8.021
49789.74	-8.022
49790.74	-8.022
49791.74	-8.025
49792.74	-8.024
49793.74	-8.022
49794.74	-8.024
49795.74	-8.023
49796.74	-8.023
49797.74	-8.023
49798.74	-8.024
49799.74	-8.025
49800.74	-8.025
49801.74	-8.023
49802.74	-8.022
49803.74	-8.026
49804.74	-8.024
49805.74	-8.022
49806.74	-8.025
49807.74	-8.024
49808.74	-8.02
49809.74	-8.023
49810.74	-8.025
49811.74	-8.024
49812.74	-8.026
49813.74	-8.022
49814.74	-8.024
49815.74	-8.024
49816.74	-8.023
49817.74	-8.022
49818.74	-8.019
49819.74	-8.021
49820.74	-8.021
49821.74	-8.024
49822.74	-8.025
49823.74	-8.022
49824.74	-8.022
49825.74	-8.023
49826.74	-8.024
49827.74	-8.021
49828.74	-8.02
49829.74	-8.024
49830.74	-8.021
49831.74	-8.021
49832.74	-8.021
49833.74	-8.025
49834.74	-8.023
49835.74	-8.019
49836.74	-8.021
49837.74	-8.022
49838.74	-8.021
49839.74	-8.024
49840.74	-8.021
49841.74	-8.022
49842.74	-8.023
49843.74	-8.022
49844.74	-8.022
49845.74	-8.022
49846.74	-8.024
49847.74	-8.021
49848.74	-8.02
49849.74	-8.025
49850.74	-8.022
49851.74	-8.022
49852.74	-8.023
49853.74	-8.02
49854.74	-8.023
49855.74	-8.026
49856.74	-8.023
49857.74	-8.022
49858.74	-8.025
49859.74	-8.023
49860.74	-8.021
49861.74	-8.02
49862.74	-8.018
49863.74	-8.02
49864.74	-8.022
49865.74	-8.025
49866.74	-8.021
49867.74	-8.02
49868.74	-8.023
49869.74	-8.022
49870.74	-8.023
49871.74	-8.024
49872.74	-8.023
49873.74	-8.021
49874.74	-8.021
49875.74	-8.021
49876.74	-8.021
49877.74	-8.024
49878.74	-8.022
49879.74	-8.024
49880.74	-8.024
49881.74	-8.025
49882.74	-8.025
49883.74	-8.025
49884.74	-8.021
49885.74	-8.023
49886.74	-8.024
49887.74	-8.027
49888.74	-8.022
49889.74	-8.021
49890.74	-8.02
49891.74	-8.025
49892.74	-8.023
49893.74	-8.025
49894.74	-8.022
49895.74	-8.024
49896.74	-8.025
49897.74	-8.022
49898.74	-8.024
49899.74	-8.021
49900.74	-8.021
49901.74	-8.023
49902.74	-8.024
49903.74	-8.021
49904.74	-8.025
49905.74	-8.023
49906.74	-8.024
49907.74	-8.025
49908.74	-8.023
49909.74	-8.025
49910.74	-8.022
49911.74	-8.025
49912.74	-8.024
49913.74	-8.028
49914.74	-8.022
49915.74	-8.024
49916.74	-8.024
49917.74	-8.022
49918.74	-8.024
49919.74	-8.019
49920.74	-8.023
49921.74	-8.025
49922.74	-8.025
49923.74	-8.022
49924.74	-8.025
49925.74	-8.027
49926.74	-8.021
49927.74	-8.026
49928.74	-8.022
49929.74	-8.027
49930.74	-8.026
49931.74	-8.022
49932.74	-8.024
49933.74	-8.021
49934.74	-8.024
49935.74	-8.024
49936.74	-8.023
49937.74	-8.024
49938.74	-8.022
49939.74	-8.025
49940.74	-8.023
49941.74	-8.024
49942.74	-8.025
49943.74	-8.024
49944.74	-8.026
49945.74	-8.025
49946.74	-8.023
49947.74	-8.021
49948.74	-8.023
49949.74	-8.024
49950.74	-8.022
49951.74	-8.02
49952.74	-8.025
49953.74	-8.022
49954.74	-8.024
49955.74	-8.022
49956.74	-8.024
49957.74	-8.026
49958.74	-8.023
49959.74	-8.024
49960.74	-8.023
49961.74	-8.024
49962.74	-8.024
49963.74	-8.026
49964.74	-8.022
49965.74	-8.024
49966.74	-8.023
49967.74	-8.022
49968.74	-8.022
49969.74	-8.023
49970.74	-8.025
49971.74	-8.023
49972.74	-8.025
49973.74	-8.024
49974.74	-8.022
49975.74	-8.022
49976.74	-8.024
49977.74	-8.026
49978.74	-8.024
49979.74	-8.027
49980.74	-8.024
49981.74	-8.022
49982.74	-8.026
49983.74	-8.022
49984.74	-8.023
49985.74	-8.024
49986.74	-8.025
49987.74	-8.02
49988.74	-8.023
49989.74	-8.022
49990.74	-8.025
49991.74	-8.022
49992.74	-8.021
49993.74	-8.025
49994.74	-8.024
49995.74	-8.022
49996.74	-8.025
49997.74	-8.023
49998.74	-8.026
49999.74	-8.023
50000.74	-8.023
50001.74	-8.025
50002.74	-8.024
50003.74	-8.022
50004.74	-8.025
50005.74	-8.025
50006.74	-8.022
50007.74	-8.025
50008.74	-8.023
50009.74	-8.023
50010.74	-8.024
50011.74	-8.023
50012.74	-8.021
50013.74	-8.023
50014.74	-8.023
50015.74	-8.026
50016.74	-8.025
50017.74	-8.021
50018.74	-8.02
50019.74	-8.025
50020.74	-8.024
50021.74	-8.025
50022.74	-8.023
50023.74	-8.022
50024.74	-8.02
50025.74	-8.023
50026.74	-8.022
50027.74	-8.024
50028.74	-8.024
50029.74	-8.023
50030.74	-8.025
50031.74	-8.023
50032.74	-8.025
50033.74	-8.024
50034.74	-8.025
50035.74	-8.023
50036.74	-8.022
50037.74	-8.023
50038.74	-8.023
50039.74	-8.025
50040.74	-8.023
50041.74	-8.024
50042.74	-8.023
50043.74	-8.022
50044.74	-8.023
50045.74	-8.023
50046.74	-8.023
50047.74	-8.021
50048.74	-8.025
50049.74	-8.021
50050.74	-8.022
50051.74	-8.023
50052.74	-8.025
50053.74	-8.023
50054.74	-8.023
50055.74	-8.027
50056.74	-8.025
50057.74	-8.022
50058.74	-8.022
50059.74	-8.022
50060.74	-8.022
50061.74	-8.025
50062.74	-8.023
50063.74	-8.021
50064.74	-8.022
50065.74	-8.022
50066.74	-8.022
50067.74	-8.023
50068.74	-8.022
50069.74	-8.023
50070.74	-8.023
50071.74	-8.022
50072.74	-8.023
50073.74	-8.022
50074.74	-8.025
50075.74	-8.024
50076.74	-8.024
50077.74	-8.023
50078.74	-8.023
50079.74	-8.022
50080.74	-8.025
50081.74	-8.024
50082.74	-8.023
50083.74	-8.024
50084.74	-8.024
50085.74	-8.025
50086.74	-8.024
50087.74	-8.025
50088.74	-8.024
50089.74	-8.022
50090.74	-8.023
50091.74	-8.023
50092.74	-8.023
50093.74	-8.024
50094.74	-8.023
50095.74	-8.024
50096.74	-8.022
50097.74	-8.024
50098.74	-8.021
50099.74	-8.022
50100.74	-8.021
50101.74	-8.023
50102.74	-8.023
50103.74	-8.021
50104.74	-8.023
50105.74	-8.021
50106.74	-8.02
50107.74	-8.024
50108.74	-8.023
50109.74	-8.024
50110.74	-8.02
50111.74	-8.024
50112.74	-8.022
50113.74	-8.024
50114.74	-8.026
50115.74	-8.022
50116.74	-8.023
50117.74	-8.023
50118.74	-8.024
50119.74	-8.022
50120.74	-8.022
50121.74	-8.021
50122.74	-8.023
50123.74	-8.023
50124.74	-8.024
50125.74	-8.024
50126.74	-8.023
50127.74	-8.026
50128.74	-8.021
50129.74	-8.023
50130.74	-8.021
50131.74	-8.021
50132.74	-8.024
50133.74	-8.023
50134.74	-8.023
50135.74	-8.024
50136.74	-8.021
50137.74	-8.022
50138.74	-8.024
50139.74	-8.023
50140.74	-8.024
50141.74	-8.023
50142.74	-8.023
50143.74	-8.021
50144.74	-8.022
50145.74	-8.022
50146.74	-8.024
50147.74	-8.023
50148.74	-8.023
50149.74	-8.024
50150.74	-8.022
50151.74	-8.021
50152.74	-8.024
50153.74	-8.024
50154.74	-8.024
50155.74	-8.022
50156.74	-8.025
50157.74	-8.023
50158.74	-8.021
50159.74	-8.023
50160.74	-8.021
50161.74	-8.022
50162.74	-8.024
50163.74	-8.024
50164.74	-8.023
50165.74	-8.025
50166.74	-8.023
50167.74	-8.023
50168.74	-8.023
50169.74	-8.023
50170.74	-8.024
50171.74	-8.022
50172.74	-8.025
50173.74	-8.025
50174.74	-8.022
50175.74	-8.025
50176.74	-8.022
50177.74	-8.024
50178.74	-8.024
50179.74	-8.023
50180.74	-8.024
50181.74	-8.021
50182.74	-8.022
50183.74	-8.025
50184.74	-8.023
50185.74	-8.022
50186.74	-8.022
50187.74	-8.024
50188.74	-8.024
50189.74	-8.025
50190.74	-8.024
50191.74	-8.021
50192.74	-8.02
50193.74	-8.023
50194.74	-8.022
50195.74	-8.022
50196.74	-8.023
50197.74	-8.023
50198.74	-8.026
50199.74	-8.021
50200.74	-8.024
50201.74	-8.025
50202.74	-8.023
50203.74	-8.025
50204.74	-8.024
50205.74	-8.024
50206.74	-8.022
50207.74	-8.026
50208.74	-8.022
50209.74	-8.025
50210.74	-8.022
50211.74	-8.024
50212.74	-8.024
50213.74	-8.025
50214.74	-8.022
50215.74	-8.022
50216.74	-8.023
50217.74	-8.021
50218.74	-8.021
50219.74	-8.024
50220.74	-8.024
50221.74	-8.024
50222.74	-8.021
50223.74	-8.024
50224.74	-8.022
50225.74	-8.025
50226.74	-8.022
50227.74	-8.019
50228.74	-8.024
50229.74	-8.024
50230.74	-8.022
50231.74	-8.024
50232.74	-8.023
50233.74	-8.024
50234.74	-8.026
50235.74	-8.021
50236.74	-8.022
50237.74	-8.024
50238.74	-8.026
50239.74	-8.025
50240.74	-8.022
50241.74	-8.023
50242.74	-8.023
50243.74	-8.026
50244.74	-8.022
50245.74	-8.021
50246.74	-8.022
50247.74	-8.025
50248.74	-8.024
50249.74	-8.024
50250.74	-8.021
50251.74	-8.023
50252.74	-8.024
50253.74	-8.025
50254.74	-8.02
50255.74	-8.023
50256.74	-8.025
50257.74	-8.023
50258.74	-8.021
50259.74	-8.024
50260.74	-8.025
50261.74	-8.025
50262.74	-8.019
50263.74	-8.023
50264.74	-8.025
50265.74	-8.021
50266.74	-8.02
50267.74	-8.023
50268.74	-8.023
50269.74	-8.024
50270.74	-8.02
50271.74	-8.021
50272.74	-8.022
50273.74	-8.023
50274.74	-8.02
50275.74	-8.023
50276.74	-8.021
50277.74	-8.02
50278.74	-8.025
50279.74	-8.026
50280.74	-8.022
50281.74	-8.02
50282.74	-8.019
50283.74	-8.023
50284.74	-8.021
50285.74	-8.027
50286.74	-8.021
50287.74	-8.024
50288.74	-8.024
50289.74	-8.023
50290.74	-8.023
50291.74	-8.025
50292.74	-8.019
50293.74	-8.019
50294.74	-8.02
50295.74	-8.023
50296.74	-8.024
50297.74	-8.023
50298.74	-8.024
50299.74	-8.024
50300.74	-8.021
50301.74	-8.022
50302.74	-8.024
50303.74	-8.023
50304.74	-8.021
50305.74	-8.025
50306.74	-8.022
50307.74	-8.026
50308.74	-8.026
50309.74	-8.024
50310.74	-8.024
50310.76	25
50311.74	34.99
50312.74	34.99
50313.74	34.99
50314.74	34.99
50315.74	34.99
50316.74	34.99
50317.74	34.99
50318.74	34.99
50319.74	34.99
50320.74	34.99
50321.74	34.99
50322.74	34.99
50323.74	34.99
50324.74	34.99
50325.74	34.99
50326.74	34.99
50327.74	34.99
50328.74	34.99
50329.74	34.99
50330.74	34.99
50331.74	34.99
50332.74	34.99
50333.74	34.99
50334.74	34.99
50335.74	34.99
50336.74	34.99
50337.74	34.99
50338.74	34.99
50339.74	34.99
50340.74	34.99
50341.74	34.99
50342.74	34.99
50343.74	34.99
50344.74	34.99
50345.74	34.99
50346.74	34.99
50347.74	34.99
50348.74	34.99
50349.74	34.99
50350.74	34.99
50351.74	34.99
50352.74	34.99
50353.74	34.99
50354.74	34.99
50355.74	34.99
50356.74	34.99
50357.74	34.99
50358.74	34.99
50359.74	34.99
50360.74	34.99
50361.74	34.99
50362.74	34.99
50363.74	34.98
50364.74	34.99
50365.74	34.99
50366.74	34.99
50367.74	34.99
50368.74	34.99
50369.74	34.98
50370.74	34.99
50371.74	34.99
50372.74	34.99
50373.74	34.99
50374.74	34.98
50375.74	34.99
50376.74	34.99
50377.74	34.99
50378.74	34.99
50379.74	34.99
50380.74	34.99
50381.74	34.99
50382.74	34.98
50383.74	34.98
50384.74	34.99
50385.74	34.99
50386.74	34.99
50387.74	34.98
50388.74	34.99
50389.74	34.99
50390.74	34.98
50391.74	34.98
50392.74	34.98
50393.74	34.99
50394.74	34.98
50395.74	34.98
50396.74	34.98
50397.74	34.98
50398.74	34.99
50399.74	34.98
50400.74	34.98
50401.74	34.99
50402.74	34.98
50403.74	34.99
50404.74	34.99
50405.74	34.99
50406.74	34.98
50407.74	34.98
50408.74	34.98
50409.74	34.99
50410.74	34.99
50411.74	34.99
50412.74	34.99
50413.74	34.99
50414.74	34.98
50415.74	34.99
50416.74	34.99
50417.74	34.99
50418.74	34.99
50419.74	34.99
50420.74	34.99
50421.74	34.99
50422.74	34.99
50423.74	34.99
50424.74	34.99
50425.74	34.99
50426.74	34.99
50427.74	34.98
50428.74	34.99
50429.74	34.98
50430.74	34.99
50431.74	34.99
50432.74	34.99
50433.74	34.99
50434.74	34.99
50435.74	34.99
50436.74	34.99
50437.74	34.99
50438.74	34.99
50439.74	34.99
50440.74	34.99
50441.74	34.99
50442.74	34.99
50443.74	34.99
50444.74	34.99
50445.74	34.99
50446.74	34.99
50447.74	34.99
50448.74	34.98
50449.74	34.99
50450.74	34.99
50451.74	34.99
50452.74	34.99
50453.74	34.99
50454.74	34.99
50455.74	34.99
50456.74	34.99
50457.74	34.99
50458.74	34.99
50459.74	34.99
50460.74	34.99
50461.74	34.99
50462.74	34.99
50463.74	34.99
50464.74	34.99
50465.74	34.99
50466.74	34.99
50467.74	34.99
50468.74	34.99
50469.74	34.99
50470.74	34.99
50471.74	34.99
50472.74	34.99
50473.74	34.99
50474.74	34.99
50475.74	34.99
50476.74	34.99
50477.74	34.99
50478.74	34.99
50479.74	34.99
50480.74	34.99
50481.74	34.99
50482.74	34.99
50483.74	34.99
50484.74	34.99
50485.74	34.99
50486.74	34.99
50487.74	34.98
50488.74	34.98
50489.74	34.98
50490.74	34.99
50491.74	34.99
50492.74	34.98
50493.74	34.99
50494.74	34.99
50495.74	34.99
50496.74	34.99
50497.74	34.99
50498.74	34.99
50499.74	34.98
50500.74	34.98
50501.74	34.99
50502.74	34.99
50503.74	34.98
50504.74	34.98
50505.74	34.98
50506.74	34.98
50507.74	34.99
50508.74	34.99
50509.74	34.98
50510.74	34.99
50511.74	34.99
50512.74	34.99
50513.74	34.99
50514.74	34.99
50515.74	34.99
50516.74	34.99
50517.74	34.99
50518.74	34.98
50519.74	34.99
50520.74	34.99
50521.74	34.99
50522.74	34.99
50523.74	34.99
50524.74	34.99
50525.74	34.99
50526.74	34.99
50527.74	34.99
50528.74	34.99
50529.74	34.99
50530.74	34.99
50531.74	34.99
50532.74	34.99
50533.74	34.99
50534.74	34.99
50535.74	34.99
50536.74	34.99
50537.74	34.99
50538.74	34.99
50539.74	34.99
50540.74	34.99
50541.74	34.99
50542.74	34.99
50543.74	34.98
50544.74	34.99
50545.74	34.99
50546.74	34.98
50547.74	34.98
50548.74	34.98
50549.74	34.99
50550.74	34.99
50551.74	34.98
50552.74	34.99
50553.74	34.99
50554.74	34.98
50555.74	34.98
50556.74	34.99
50557.74	34.98
50558.74	34.98
50559.74	34.98
50560.74	34.99
50561.74	34.99
50562.74	34.98
50563.74	34.99
50564.74	34.99
50565.74	34.99
50566.74	34.98
50567.74	34.98
50568.74	34.98
50569.74	34.98
50570.74	34.98
50571.74	34.99
50572.74	34.98
50573.74	34.99
50574.74	34.99
50575.74	34.98
50576.74	34.99
50577.74	34.98
50578.74	34.99
50579.74	34.98
50580.74	34.99
50581.74	34.98
50582.74	34.99
50583.74	34.99
50584.74	34.98
50585.74	34.98
50586.74	34.99
50587.74	34.98
50588.74	34.99
50589.74	34.99
50590.74	34.98
50591.74	34.99
50592.74	34.98
50593.74	34.99
50594.74	34.99
50595.74	34.99
50596.74	34.99
50597.74	34.98
50598.74	34.98
50599.74	34.99
50600.74	34.98
50601.74	34.99
50602.74	34.98
50603.74	34.99
50604.74	34.99
50605.74	34.98
50606.74	34.99
50607.74	34.99
50608.74	34.98
50609.74	34.98
50610.74	34.98
50611.74	34.98
50612.74	34.98
50613.74	34.98
50614.74	34.98
50615.74	34.98
50616.74	34.99
50617.74	34.98
50618.74	34.98
50619.74	34.99
50620.74	34.98
50621.74	34.99
50622.74	34.99
50623.74	34.99
50624.74	34.99
50625.74	34.98
50626.74	34.99
50627.74	34.99
50628.74	34.98
50629.74	34.99
50630.74	34.99
50631.74	34.99
50632.74	34.99
50633.74	34.99
50634.74	34.99
50635.74	34.99
50636.74	34.99
50637.74	34.99
50638.74	34.99
50639.74	34.99
50640.74	34.99
50641.74	34.98
50642.74	34.99
50643.74	34.99
50644.74	34.99
50645.74	34.99
50646.74	34.99
50647.74	34.98
50648.74	34.99
50649.74	34.99
50650.74	34.99
50651.74	34.99
50652.74	34.99
50653.74	34.99
50654.74	34.99
50655.74	34.99
50656.74	34.98
50657.74	34.99
50658.74	34.99
50659.74	34.99
50660.74	34.99
50661.74	34.99
50662.74	34.99
50663.74	34.99
50664.74	34.99
50665.74	34.99
50666.74	34.99
50667.74	34.99
50668.74	34.99
50669.74	34.99
50670.74	34.99
50671.74	34.99
50672.74	34.99
50673.74	34.99
50674.74	34.99
50675.74	34.99
50676.74	34.98
50677.74	34.98
50678.74	34.99
50679.74	34.99
50680.74	34.99
50681.74	34.99
50682.74	34.99
50683.74	34.99
50684.74	34.99
50685.74	34.99
50686.74	34.99
50687.74	34.99
50688.74	34.99
50689.74	34.99
50690.74	34.98
50691.74	34.98
50692.74	34.98
50693.74	34.99
50694.74	34.99
50695.74	34.99
50696.74	34.99
50697.74	34.99
50698.74	34.98
50699.74	34.99
50700.74	34.99
50701.74	34.99
50702.74	34.99
50703.74	34.99
50704.74	34.99
50705.74	34.99
50706.74	34.99
50707.74	34.99
50708.74	34.99
50709.74	34.98
50710.74	34.99
50711.74	34.98
50712.74	34.98
50713.74	34.99
50714.74	34.99
50715.74	34.99
50716.74	34.99
50717.74	34.99
50718.74	34.99
50719.74	34.99
50720.74	34.99
50721.74	34.99
50722.74	34.99
50723.74	34.99
50724.74	34.99
50725.74	34.99
50726.74	34.99
50727.74	34.99
50728.74	34.99
50729.74	34.99
50730.74	34.99
50731.74	34.99
50732.74	34.98
50733.74	34.99
50734.74	34.98
50735.74	34.99
50736.74	34.99
50737.74	34.99
50738.74	34.98
50739.74	34.99
50740.74	34.98
50741.74	34.98
50742.74	34.98
50743.74	34.98
50744.74	34.98
50745.74	34.99
50746.74	34.98
50747.74	34.98
50748.74	34.98
50749.74	34.99
50750.74	34.98
50751.74	34.98
50752.74	34.98
50753.74	34.98
50754.74	34.98
50755.74	34.98
50756.74	34.99
50757.74	34.98
50758.74	34.99
50759.74	34.99
50760.74	34.98
50761.74	34.99
50762.74	34.98
50763.74	34.99
50764.74	34.99
50765.74	34.99
50766.74	34.99
50767.74	34.99
50768.74	34.98
50769.74	34.98
50770.74	34.98
50771.74	34.98
50772.74	34.99
50773.74	34.99
50774.74	34.99
50775.74	34.99
50776.74	34.98
50777.74	34.99
50778.74	34.98
50779.74	34.99
50780.74	34.99
50781.74	34.99
50782.74	34.99
50783.74	34.99
50784.74	34.99
50785.74	34.99
50786.74	34.99
50787.74	34.98
50788.74	34.99
50789.74	34.99
50790.74	34.99
50791.74	34.99
50792.74	34.99
50793.74	34.99
50794.74	34.99
50795.74	34.99
50796.74	34.99
50797.74	34.99
50798.74	34.99
50799.74	34.99
50800.74	34.99
50801.74	34.99
50802.74	34.99
50803.74	34.99
50804.74	34.99
50805.74	34.99
50806.74	34.99
50807.74	34.99
50808.74	34.99
50809.74	34.99
50810.74	34.99
50811.74	34.98
50812.74	34.98
50813.74	34.98
50814.74	34.99
50815.74	34.99
50816.74	34.99
50817.74	34.99
50818.74	34.99
50819.74	34.99
50820.74	34.99
50821.74	34.98
50822.74	34.98
50823.74	34.99
50824.74	34.98
50825.74	34.99
50826.74	34.99
50827.74	34.99
50828.74	34.99
50829.74	34.99
50830.74	34.99
50831.74	34.98
50832.74	34.99
50833.74	34.99
50834.74	34.98
50835.74	34.99
50836.74	34.99
50837.74	34.99
50838.74	34.99
50839.74	34.99
50840.74	34.99
50841.74	34.99
50842.74	34.99
50843.74	34.99
50844.74	34.99
50845.74	34.99
50846.74	34.99
50847.74	34.99
50848.74	34.99
50849.74	34.99
50850.74	34.99
50851.74	34.99
50852.74	34.99
50853.74	34.99
50854.74	34.99
50855.74	34.99
50856.74	34.99
50857.74	34.99
50858.74	34.99
50859.74	34.99
50860.74	34.99
50861.74	34.99
50862.74	34.99
50863.74	34.99
50864.74	34.99
50865.74	34.99
50866.74	34.99
50867.74	34.99
50868.74	34.99
50869.74	34.98
50870.74	34.99
50871.74	34.99
50872.74	34.99
50873.74	34.99
50874.74	34.99
50875.74	34.99
50876.74	34.99
50877.74	34.99
50878.74	34.99
50879.74	34.99
50880.74	34.99
50881.74	34.99
50882.74	34.99
50883.74	34.99
50884.74	34.99
50885.74	34.99
50886.74	34.98
50887.74	34.98
50888.74	34.99
50889.74	34.99
50890.74	34.98
50891.74	34.98
50892.74	34.99
50893.74	34.99
50894.74	34.99
50895.74	34.98
50896.74	34.98
50897.74	34.99
50898.74	34.99
50899.74	34.99
50900.74	34.99
50901.74	34.98
50902.74	34.99
50903.74	34.99
50904.74	34.99
50905.74	34.99
50906.74	34.99
50907.74	34.99
50908.74	34.98
50909.74	34.99
50910.74	34.98
50911.74	34.99
50912.74	34.99
50913.74	34.98
50914.74	34.98
50915.74	34.98
50916.74	34.99
50917.74	34.99
50918.74	34.98
50919.74	34.99
50920.74	34.99
50921.74	34.99
50922.74	34.99
50923.74	34.99
50924.74	34.99
50925.74	34.98
50926.74	34.99
50927.74	34.98
50928.74	34.99
50929.74	34.98
50930.74	34.99
50931.74	34.99
50932.74	34.98
50933.74	34.98
50934.74	34.98
50935.74	34.99
50936.74	34.99
50937.74	34.98
50938.74	34.99
50939.74	34.99
50940.74	34.99
50941.74	34.99
50942.74	34.98
50943.74	34.98
50944.74	34.98
50945.74	34.98
50946.74	34.98
50947.74	34.98
50948.74	34.98
50949.74	34.99
50950.74	34.98
50951.74	34.99
50952.74	34.99
50953.74	34.99
50954.74	34.98
50955.74	34.99
50956.74	34.99
50957.74	34.99
50958.74	34.99
50959.74	34.99
50960.74	34.98
50961.74	34.99
50962.74	34.98
50963.74	34.98
50964.74	34.99
50965.74	34.99
50966.74	34.99
50967.74	34.99
50968.74	34.99
50969.74	34.99
50970.74	34.99
50971.74	34.99
50972.74	34.99
50973.74	34.99
50974.74	34.99
50975.74	34.98
50976.74	34.99
50977.74	34.99
50978.74	34.99
50979.74	34.99
50980.74	34.99
50981.74	34.99
50982.74	34.99
50983.74	34.99
50984.74	34.98
50985.74	34.99
50986.74	34.99
50987.74	34.98
50988.74	34.99
50989.74	34.99
50990.74	34.99
50991.74	34.99
50992.74	34.98
50993.74	34.98
50994.74	34.98
50995.74	34.98
50996.74	34.99
50997.74	34.98
50998.74	34.99
50999.74	34.99
51000.74	34.99
51001.74	34.99
51002.74	34.98
51003.74	34.98
51004.74	34.98
51005.74	34.99
51006.74	34.99
51007.74	34.99
51008.74	34.99
51009.74	34.98
51010.74	34.98
51011.74	34.99
51012.74	34.98
51013.74	34.99
51014.74	34.98
51015.74	34.98
51016.74	34.99
51017.74	34.99
51018.74	34.99
51019.74	34.99
51020.74	34.99
51021.74	34.99
51022.74	34.99
51023.74	34.99
51024.74	34.99
51025.74	34.99
51026.74	34.99
51027.74	34.98
51028.74	34.99
51029.74	34.99
51030.74	34.99
51031.74	34.99
51032.74	34.99
51033.74	34.99
51034.74	34.99
51035.74	34.99
51036.74	34.99
51037.74	34.99
51038.74	34.99
51039.74	34.98
51040.74	34.99
51041.74	34.99
51042.74	34.99
51043.74	34.99
51044.74	34.99
51045.74	34.98
51046.74	34.99
51047.74	34.99
51048.74	34.99
51049.74	34.99
51050.74	34.99
51051.74	34.99
51052.74	34.99
51053.74	34.99
51054.74	34.99
51055.74	34.99
51056.74	34.99
51057.74	34.99
51058.74	34.99
51059.74	34.99
51060.74	34.99
51061.74	34.99
51062.74	34.99
51063.74	34.99
51064.74	34.99
51065.74	34.98
51066.74	34.99
51067.74	34.99
51068.74	34.99
51069.74	34.99
51070.74	34.99
51071.74	34.98
51072.74	34.99
51073.74	34.99
51074.74	34.99
51075.74	34.99
51076.74	34.99
51077.74	34.99
51078.74	34.99
51079.74	34.99
51080.74	34.99
51081.74	34.99
51082.74	34.99
51083.74	34.99
51084.74	34.99
51085.74	34.99
51086.74	34.99
51087.74	34.99
51088.74	34.98
51089.74	34.99
51090.74	34.99
51091.74	34.99
51092.74	34.98
51093.74	34.99
51094.74	34.99
51095.74	34.99
51096.74	34.99
51097.74	34.99
51098.74	34.99
51099.74	34.99
51100.74	34.99
51101.74	34.98
51102.74	34.99
51103.74	34.99
51104.74	34.99
51105.74	34.99
51106.74	34.99
51107.74	34.99
51108.74	34.99
51109.74	34.99
51110.74	34.99
51111.74	34.99
51112.74	34.99
51113.74	34.99
51114.74	34.99
51115.74	34.99
51116.74	34.98
51117.74	34.98
51118.74	34.99
51119.74	34.99
51120.74	34.98
51121.74	34.99
51122.74	34.99
51123.74	34.99
51124.74	34.99
51125.74	34.98
51126.74	34.99
51127.74	34.98
51128.74	34.99
51129.74	34.99
51130.74	34.99
51131.74	34.99
51132.74	34.99
51133.74	34.99
51134.74	34.99
51135.74	34.99
51136.74	34.99
51137.74	34.99
51138.74	34.99
51139.74	34.98
51140.74	34.98
51141.74	34.99
51142.74	34.98
51143.74	34.98
51144.74	34.98
51145.74	34.99
51146.74	34.99
51147.74	34.99
51148.74	34.99
51149.74	34.98
51150.74	34.98
51151.74	34.98
51152.74	34.99
51153.74	34.98
51154.74	34.99
51155.74	34.98
51156.74	34.98
51157.74	34.98
51158.74	34.99
51159.74	34.98
51160.74	34.99
51161.74	34.99
51162.74	34.98
51163.74	34.99
51164.74	34.99
51165.74	34.98
51166.74	34.99
51167.74	34.98
51168.74	34.98
51169.74	34.99
51170.74	34.99
51171.74	34.99
51172.74	34.98
51173.74	34.98
51174.74	34.99
51175.74	34.98
51176.74	34.99
51177.74	34.98
51178.74	34.99
51179.74	34.98
51180.74	34.99
51181.74	34.99
51182.74	34.99
51183.74	34.99
51184.74	34.99
51185.74	34.98
51186.74	34.99
51187.74	34.98
51188.74	34.99
51189.74	34.99
51190.74	34.99
51191.74	34.99
51192.74	34.99
51193.74	34.99
51194.74	34.99
51195.74	34.99
51196.74	34.99
51197.74	34.99
51198.74	34.99
51199.74	34.99
51200.74	34.99
51201.74	34.99
51202.74	34.99
51203.74	34.99
51204.74	34.99
51205.74	34.99
51206.74	34.99
51207.74	34.99
51208.74	34.99
51209.74	34.98
51210.74	34.99
51211.74	34.99
51212.74	34.99
51213.74	34.98
51214.74	34.99
51215.74	34.99
51216.74	34.99
51217.74	34.99
51218.74	34.99
51219.74	34.99
51220.74	34.99
51221.74	34.99
51222.74	34.99
51223.74	34.99
51224.74	34.99
51225.74	34.99
51226.74	34.99
51227.74	34.99
51228.74	34.99
51229.74	34.99
51230.74	34.99
51231.74	34.99
51232.74	34.98
51233.74	34.99
51234.74	34.99
51235.74	34.99
51236.74	34.99
51237.74	34.99
51238.74	34.99
51239.74	34.99
51240.74	34.99
51241.74	34.99
51242.74	34.99
51243.74	34.99
51244.74	34.99
51245.74	34.99
51246.74	34.99
51247.74	34.99
51248.74	34.99
51249.74	34.99
51250.74	34.99
51251.74	34.99
51252.74	34.99
51253.74	34.99
51254.74	34.99
51255.74	34.99
51256.74	34.99
51257.74	34.99
51258.74	34.99
51259.74	34.99
51260.74	34.99
51261.74	34.99
51262.74	34.98
51263.74	34.99
51264.74	34.99
51265.74	34.99
51266.74	34.99
51267.74	34.99
51268.74	34.99
51269.74	34.99
51270.74	34.99
51271.74	34.99
51272.74	34.99
51273.74	34.99
51274.74	34.99
51275.74	34.99
51276.74	34.99
51277.74	34.99
51278.74	34.99
51279.74	34.99
51280.74	34.99
51281.74	34.99
51282.74	34.99
51283.74	34.99
51284.74	34.99
51285.74	34.99
51286.74	34.99
51287.74	34.99
51288.74	34.99
51289.74	34.99
51290.74	34.99
51291.74	34.99
51292.74	34.99
51293.74	34.99
51294.74	34.99
51295.74	34.99
51296.74	34.99
51297.74	34.99
51298.74	34.99
51299.74	34.99
51300.74	34.99
51301.74	34.99
51302.74	34.99
51303.74	34.99
51304.74	34.99
51305.74	34.99
51306.74	34.98
51307.74	34.99
51308.74	34.99
51309.74	34.99
51310.74	34.99
51311.74	34.99
51312.74	34.99
51313.74	34.99
51314.74	34.99
51315.74	34.98
51316.74	34.99
51317.74	34.99
51318.74	34.99
51319.74	34.99
51320.74	34.99
51321.74	34.99
51322.74	34.99
51323.74	34.99
51324.74	34.99
51325.74	34.99
51326.74	34.99
51327.74	34.99
51328.74	34.99
51329.74	34.99
51330.74	34.99
51331.74	34.99
51332.74	34.98
51333.74	34.99
51334.74	34.99
51335.74	34.99
51336.74	34.99
51337.74	34.99
51338.74	34.99
51339.74	34.99
51340.74	34.99
51341.74	34.99
51342.74	34.99
51343.74	34.99
51344.74	34.99
51345.74	34.99
51346.74	34.99
51347.74	34.99
51348.74	34.99
51349.74	34.99
51350.74	34.99
51351.74	34.99
51352.74	34.98
51353.74	34.99
51354.74	34.99
51355.74	34.99
51356.74	34.99
51357.74	34.99
51358.74	34.99
51359.74	34.99
51360.74	34.99
51361.74	34.99
51362.74	34.99
51363.74	34.99
51364.74	34.99
51365.74	34.99
51366.74	34.99
51367.74	34.99
51368.74	34.99
51369.74	34.98
51370.74	34.99
51371.74	34.99
51372.74	34.99
51373.74	34.98
51374.74	34.99
51375.74	34.99
51376.74	34.99
51377.74	34.99
51378.74	34.99
51379.74	34.99
51380.74	34.99
51381.74	34.99
51382.74	34.99
51383.74	34.99
51384.74	34.99
51385.74	34.99
51386.74	34.99
51387.74	34.99
51388.74	34.99
51389.74	34.99
51390.74	34.99
51391.74	34.99
51392.74	34.99
51393.74	34.99
51394.74	34.99
51395.74	34.99
51396.74	34.99
51397.74	34.99
51398.74	34.99
51399.74	34.99
51400.74	34.98
51401.74	34.99
51402.74	34.99
51403.74	34.99
51404.74	34.99
51405.74	34.99
51406.74	34.99
51407.74	34.98
51408.74	34.99
51409.74	34.98
51410.74	34.99
51411.74	34.99
51412.74	34.99
51413.74	34.99
51414.74	34.99
51415.74	34.99
51416.74	34.99
51417.74	34.99
51418.74	34.99
51419.74	34.99
51420.74	34.99
51421.74	34.99
51422.74	34.99
51423.74	34.99
51424.74	34.99
51425.74	34.99
51426.74	34.99
51427.74	34.99
51428.74	34.99
51429.74	34.99
51430.74	34.99
51431.74	34.99
51432.74	34.99
51433.74	34.99
51434.74	34.99
51435.74	34.99
51436.74	34.99
51437.74	34.99
51438.74	34.99
51439.74	34.99
51440.74	34.99
51441.74	34.99
51442.74	34.99
51443.74	34.99
51444.74	34.99
51445.74	34.99
51446.74	34.99
51447.74	34.99
51448.74	34.99
51449.74	34.99
51450.74	34.99
51451.74	34.99
51452.74	34.99
51453.74	34.99
51454.74	34.99
51455.74	34.99
51456.74	34.99
51457.74	34.99
51458.74	34.99
51459.74	34.99
51460.74	34.99
51461.74	34.99
51462.74	34.99
51463.74	34.99
51464.74	34.99
51465.74	34.99
51466.74	34.99
51467.74	34.99
51468.74	34.99
51469.74	34.99
51470.74	34.99
51471.74	34.99
51472.74	34.99
51473.74	34.99
51474.74	34.99
51475.74	34.99
51476.74	34.99
51477.74	34.99
51478.74	34.99
51479.74	34.99
51480.74	34.99
51481.74	34.99
51482.74	34.99
51483.74	34.99
51484.74	34.99
51485.74	34.99
51486.74	34.99
51487.74	34.99
51488.74	34.99
51489.74	34.99
51490.74	34.99
51491.74	34.99
51492.74	34.99
51493.74	34.99
51494.74	34.99
51495.74	34.99
51496.74	34.99
51497.74	34.99
51498.74	34.99
51499.74	34.99
51500.74	34.99
51501.74	34.99
51502.74	34.99
51503.74	34.99
51504.74	34.99
51505.74	34.99
51506.74	34.99
51507.74	34.99
51508.74	34.99
51509.74	34.99
51510.74	34.99
51511.74	34.99
51512.74	34.99
51513.74	34.99
51514.74	34.99
51515.74	34.99
51516.74	34.99
51517.74	34.99
51518.74	34.99
51519.74	34.99
51520.74	34.99
51521.74	34.99
51522.74	34.99
51523.74	34.99
51524.74	34.99
51525.74	34.99
51526.74	34.99
51527.74	34.99
51528.74	34.99
51529.74	34.99
51530.74	34.99
51531.74	34.99
51532.74	34.99
51533.74	34.99
51534.74	34.99
51535.74	34.99
51536.74	34.99
51537.74	34.99
51538.74	34.99
51539.74	34.99
51540.74	34.99
51541.74	34.99
51542.74	34.99
51543.74	34.99
51544.74	34.99
51545.74	34.99
51546.74	34.99
51547.74	34.98
51548.74	34.99
51549.74	34.99
51550.74	34.99
51551.74	34.99
51552.74	34.99
51553.74	34.99
51554.74	34.99
51555.74	34.99
51556.74	34.99
51557.74	34.99
51558.74	34.99
51559.74	34.99
51560.74	34.99
51561.74	34.99
51562.74	34.99
51563.74	34.98
51564.74	34.98
51565.74	34.99
51566.74	34.99
51567.74	34.99
51568.74	34.99
51569.74	34.99
51570.74	34.98
51571.74	34.99
51572.74	34.99
51573.74	34.99
51574.74	34.99
51575.74	34.99
51576.74	34.99
51577.74	34.99
51578.74	34.98
51579.74	34.99
51580.74	34.99
51581.74	34.99
51582.74	34.98
51583.74	34.99
51584.74	34.98
51585.74	34.98
51586.74	34.99
51587.74	34.99
51588.74	34.98
51589.74	34.99
51590.74	34.99
51591.74	34.98
51592.74	34.98
51593.74	34.99
51594.74	34.98
51595.74	34.99
51596.74	34.99
51597.74	34.99
51598.74	34.99
51599.74	34.98
51600.74	34.99
51601.74	34.99
51602.74	34.99
51603.74	34.99
51604.74	34.99
51605.74	34.99
51606.74	34.99
51607.74	34.99
51608.74	34.99
51609.74	34.99
51610.74	34.99
51611.74	34.99
51612.74	34.99
51613.74	34.99
51614.74	34.99
51615.74	34.99
51616.74	34.99
51617.74	34.99
51618.74	34.99
51619.74	34.98
51620.74	34.99
51621.74	34.99
51622.74	34.99
51623.74	34.99
51624.74	34.99
51625.74	34.99
51626.74	34.99
51627.74	34.99
51628.74	34.99
51629.74	34.99
51630.74	34.99
51631.74	34.99
51632.74	34.99
51633.74	34.99
51634.74	34.99
51635.74	34.98
51636.74	34.99
51637.74	34.99
51638.74	34.99
51639.74	34.99
51640.74	34.98
51641.74	34.99
51642.74	34.99
51643.74	34.99
51644.74	34.98
51645.74	34.99
51646.74	34.99
51647.74	34.99
51648.74	34.99
51649.74	34.99
51650.74	34.99
51651.74	34.99
51652.74	34.98
51653.74	34.99
51654.74	34.99
51655.74	34.99
51656.74	34.99
51657.74	34.99
51658.74	34.99
51659.74	34.99
51660.74	34.99
51661.74	34.99
51662.74	34.99
51663.74	34.99
51664.74	34.99
51665.74	34.99
51666.74	34.99
51667.74	34.99
51668.74	34.99
51669.74	34.99
51670.74	34.99
51671.74	34.99
51672.74	34.99
51673.74	34.99
51674.74	34.99
51675.74	34.99
51676.74	34.99
51677.74	34.99
51678.74	34.99
51679.74	34.99
51680.74	34.99
51681.74	34.99
51682.74	34.99
51683.74	34.99
51684.74	34.99
51685.74	34.99
51686.74	34.98
51687.74	34.98
51688.74	34.99
51689.74	34.99
51690.74	34.99
51691.74	34.99
51692.74	34.99
51693.74	34.99
51694.74	34.99
51695.74	34.99
51696.74	34.99
51697.74	34.99
51698.74	34.99
51699.74	34.99
51700.74	34.99
51701.74	34.99
51702.74	34.99
51703.74	34.99
51704.74	34.99
51705.74	34.99
51706.74	34.99
51707.74	34.99
51708.74	34.99
51709.74	34.99
51710.74	34.99
51711.74	34.99
51712.74	34.99
51713.74	34.99
51714.74	34.99
51715.74	34.99
51716.74	34.99
51717.74	34.99
51718.74	34.99
51719.74	34.99
51720.74	34.99
51721.74	34.99
51722.74	34.99
51723.74	34.99
51724.74	34.99
51725.74	34.99
51726.74	34.98
51727.74	34.99
51728.74	34.99
51729.74	34.99
51730.74	34.99
51731.74	34.99
51732.74	34.99
51733.74	34.99
51734.74	34.98
51735.74	34.99
51736.74	34.99
51737.74	34.99
51738.74	34.99
51739.74	34.99
51740.74	34.99
51741.74	34.99
51742.74	34.99
51743.74	34.99
51744.74	34.99
51745.74	34.98
51746.74	34.99
51747.74	34.99
51748.74	34.99
51749.74	34.98
51750.74	34.99
51751.74	34.99
51752.74	34.99
51753.74	34.99
51754.74	34.99
51755.74	34.99
51756.74	34.99
51757.74	34.99
51758.74	34.99
51759.74	34.99
51760.74	34.99
51761.74	34.99
51762.74	34.99
51763.74	34.99
51764.74	34.99
51765.74	34.99
51766.74	34.99
51767.74	34.99
51768.74	34.99
51769.74	34.99
51770.74	34.99
51771.74	34.99
51772.74	34.99
51773.74	34.99
51774.74	34.99
51775.74	34.99
51776.74	34.99
51777.74	34.99
51778.74	34.99
51779.74	34.99
51780.74	34.99
51781.74	34.99
51782.74	34.99
51783.74	34.99
51784.74	34.99
51785.74	34.98
51786.74	34.99
51787.74	34.99
51788.74	34.99
51789.74	34.98
51790.74	34.99
51791.74	34.99
51792.74	34.99
51793.74	34.99
51794.74	34.99
51795.74	34.99
51796.74	34.99
51797.74	34.99
51798.74	34.98
51799.74	34.99
51800.74	34.98
51801.74	34.99
51802.74	34.99
51803.74	34.98
51804.74	34.99
51805.74	34.99
51806.74	34.99
51807.74	34.99
51808.74	34.98
51809.74	34.99
51810.74	34.99
51811.74	34.99
51812.74	34.99
51813.74	34.99
51814.74	34.99
51815.74	34.99
51816.74	34.99
51817.74	34.99
51818.74	34.99
51819.74	34.99
51820.74	34.98
51821.74	34.98
51822.74	34.99
51823.74	34.99
51824.74	34.99
51825.74	34.98
51826.74	34.99
51827.74	34.98
51828.74	34.99
51829.74	34.99
51830.74	34.99
51831.74	34.99
51832.74	34.99
51833.74	34.99
51834.74	34.98
51835.74	34.99
51836.74	34.99
51837.74	34.99
51838.74	34.98
51839.74	34.99
51840.74	34.99
51841.74	34.99
51842.74	34.99
51843.74	34.99
51844.74	34.99
51845.74	34.99
51846.74	34.99
51847.74	34.99
51848.74	34.99
51849.74	34.99
51850.74	34.99
51851.74	34.99
51852.74	34.99
51853.74	34.99
51854.74	34.99
51855.74	34.99
51856.74	34.99
51857.74	34.99
51858.74	34.98
51859.74	34.99
51860.74	34.99
51861.74	34.99
51862.74	34.99
51863.74	34.98
51864.74	34.99
51865.74	34.98
51866.74	34.99
51867.74	34.99
51868.74	34.99
51869.74	34.99
51870.74	34.99
51871.74	34.99
51872.74	34.99
51873.74	34.99
51874.74	34.99
51875.74	34.99
51876.74	34.99
51877.74	34.99
51878.74	34.99
51879.74	34.99
51880.74	34.99
51881.74	34.99
51882.74	34.99
51883.74	34.99
51884.74	34.98
51885.74	34.99
51886.74	34.99
51887.74	34.99
51888.74	34.99
51889.74	34.99
51890.74	34.99
51891.74	34.99
51892.74	34.99
51893.74	34.99
51894.74	34.99
51895.74	34.99
51896.74	34.99
51897.74	34.99
51898.74	34.99
51899.74	34.99
51900.74	34.99
51901.74	34.99
51902.74	34.99
51903.74	34.99
51904.74	34.99
51905.74	34.99
51906.74	34.99
51907.74	34.99
51908.74	34.99
51909.74	34.99
51910.74	34.99
51911.74	34.99
51912.74	34.99
51913.74	34.99
51914.74	34.99
51915.74	34.99
51916.74	34.99
51917.74	34.99
51918.74	34.99
51919.74	34.99
51920.74	34.99
51921.74	34.99
51922.74	34.99
51923.74	34.99
51924.74	34.99
51925.74	34.99
51926.74	34.99
51927.74	34.99
51928.74	34.99
51929.74	34.99
51930.74	34.99
51931.74	34.99
51932.74	34.99
51933.74	34.99
51934.74	34.99
51935.74	34.99
51936.74	34.99
51937.74	34.99
51938.74	34.99
51939.74	34.99
51940.74	34.99
51941.74	34.99
51942.74	34.99
51943.74	34.99
51944.74	34.99
51945.74	34.99
51946.74	34.99
51947.74	34.99
51948.74	34.99
51949.74	34.99
51950.74	34.99
51951.74	34.99
51952.74	34.99
51953.74	34.99
51954.74	34.99
51955.74	34.98
51956.74	34.99
51957.74	34.99
51958.74	34.99
51959.74	34.99
51960.74	34.99
51961.74	34.98
51962.74	34.99
51963.74	34.99
51964.74	34.99
51965.74	34.98
51966.74	34.99
51967.74	34.99
51968.74	34.99
51969.74	34.99
51970.74	34.99
51971.74	34.99
51972.74	34.99
51973.74	34.99
51974.74	34.98
51975.74	34.98
51976.74	34.99
51977.74	34.99
51978.74	34.99
51979.74	34.98
51980.74	34.98
51981.74	34.99
51982.74	34.98
51983.74	34.99
51984.74	34.99
51985.74	34.99
51986.74	34.99
51987.74	34.99
51988.74	34.99
51989.74	34.99
51990.74	34.99
51991.74	34.99
51992.74	34.99
51993.74	34.99
51994.74	34.99
51995.74	34.98
51996.74	34.99
51997.74	34.99
51998.74	34.99
51999.74	34.98
52000.74	34.99
52001.74	34.98
52002.74	34.99
52003.74	34.99
52004.74	34.99
52005.74	34.99
52006.74	34.99
52007.74	34.98
52008.74	34.99
52009.74	34.98
52010.74	34.98
52011.74	34.99
52012.74	34.98
52013.74	34.98
52014.74	34.99
52015.74	34.99
52016.74	34.99
52017.74	34.99
52018.74	34.99
52019.74	34.99
52020.74	34.99
52021.74	34.99
52022.74	34.99
52023.74	34.99
52024.74	34.99
52025.74	34.99
52026.74	34.98
52027.74	34.99
52028.74	34.99
52029.74	34.99
52030.74	34.99
52031.74	34.99
52032.74	34.99
52033.74	34.99
52034.74	34.99
52035.74	34.99
52036.74	34.99
52037.74	34.99
52038.74	34.99
52039.74	34.99
52040.74	34.99
52041.74	34.99
52042.74	34.99
52043.74	34.99
52044.74	34.99
52045.74	34.99
52046.74	34.99
52047.74	34.99
52048.74	34.99
52049.74	34.99
52050.74	34.99
52051.74	34.99
52052.74	34.99
52053.74	34.99
52054.74	34.99
52055.74	34.99
52056.74	34.99
52057.74	34.99
52058.74	34.99
52059.74	34.99
52060.74	34.99
52061.74	34.99
52062.74	34.99
52063.74	34.99
52064.74	34.99
52065.74	34.99
52066.74	34.99
52067.74	34.99
52068.74	34.99
52069.74	34.98
52070.74	34.99
52071.74	34.99
52072.74	34.99
52073.74	34.99
52074.74	34.99
52075.74	34.98
52076.74	34.99
52077.74	34.99
52078.74	34.99
52079.74	34.99
52080.74	34.99
52081.74	34.99
52082.74	34.99
52083.74	34.99
52084.74	34.99
52085.74	34.99
52086.74	34.99
52087.74	34.99
52088.74	34.99
52089.74	34.99
52090.74	34.99
52091.74	34.99
52092.74	34.99
52093.74	34.99
52094.74	34.99
52095.74	34.99
52096.74	34.99
52097.74	34.99
52098.74	34.99
52099.74	34.99
52100.74	34.98
52101.74	34.98
52102.74	34.99
52103.74	34.99
52104.74	34.99
52105.74	34.98
52106.74	34.98
52107.74	34.99
52108.74	34.99
52109.74	34.99
52110.74	34.99
52110.76	-7.051
52111.74	-8.02
52112.74	-8.021
52113.74	-8.024
52114.74	-8.021
52115.74	-8.022
52116.74	-8.022
52117.74	-8.02
52118.74	-8.021
52119.74	-8.022
52120.74	-8.022
52121.74	-8.021
52122.74	-8.02
52123.74	-8.022
52124.74	-8.02
52125.74	-8.022
52126.74	-8.021
52127.74	-8.021
52128.74	-8.021
52129.74	-8.023
52130.74	-8.021
52131.74	-8.019
52132.74	-8.022
52133.74	-8.019
52134.74	-8.02
52135.74	-8.019
52136.74	-8.02
52137.74	-8.022
52138.74	-8.02
52139.74	-8.025
52140.74	-8.02
52141.74	-8.021
52142.74	-8.02
52143.74	-8.021
52144.74	-8.02
52145.74	-8.02
52146.74	-8.02
52147.74	-8.02
52148.74	-8.02
52149.74	-8.019
52150.74	-8.021
52151.74	-8.021
52152.74	-8.021
52153.74	-8.022
52154.74	-8.022
52155.74	-8.024
52156.74	-8.02
52157.74	-8.02
52158.74	-8.021
52159.74	-8.022
52160.74	-8.021
52161.74	-8.02
52162.74	-8.022
52163.74	-8.023
52164.74	-8.023
52165.74	-8.018
52166.74	-8.021
52167.74	-8.023
52168.74	-8.018
52169.74	-8.019
52170.74	-8.02
52171.74	-8.02
52172.74	-8.021
52173.74	-8.022
52174.74	-8.022
52175.74	-8.018
52176.74	-8.022
52177.74	-8.022
52178.74	-8.019
52179.74	-8.023
52180.74	-8.02
52181.74	-8.022
52182.74	-8.024
52183.74	-8.022
52184.74	-8.021
52185.74	-8.021
52186.74	-8.019
52187.74	-8.023
52188.74	-8.022
52189.74	-8.02
52190.74	-8.021
52191.74	-8.02
52192.74	-8.021
52193.74	-8.019
52194.74	-8.023
52195.74	-8.019
52196.74	-8.023
52197.74	-8.024
52198.74	-8.021
52199.74	-8.022
52200.74	-8.025
52201.74	-8.023
52202.74	-8.02
52203.74	-8.02
52204.74	-8.021
52205.74	-8.024
52206.74	-8.026
52207.74	-8.019
52208.74	-8.021
52209.74	-8.022
52210.74	-8.024
52211.74	-8.019
52212.74	-8.021
52213.74	-8.022
52214.74	-8.021
52215.74	-8.021
52216.74	-8.021
52217.74	-8.022
52218.74	-8.017
52219.74	-8.021
52220.74	-8.021
52221.74	-8.021
52222.74	-8.022
52223.74	-8.025
52224.74	-8.023
52225.74	-8.021
52226.74	-8.021
52227.74	-8.021
52228.74	-8.02
52229.74	-8.02
52230.74	-8.023
52231.74	-8.017
52232.74	-8.023
52233.74	-8.019
52234.74	-8.019
52235.74	-8.022
52236.74	-8.02
52237.74	-8.022
52238.74	-8.023
52239.74	-8.023
52240.74	-8.024
52241.74	-8.022
52242.74	-8.025
52243.74	-8.023
52244.74	-8.02
52245.74	-8.022
52246.74	-8.019
52247.74	-8.021
52248.74	-8.019
52249.74	-8.021
52250.74	-8.024
52251.74	-8.019
52252.74	-8.021
52253.74	-8.021
52254.74	-8.02
52255.74	-8.021
52256.74	-8.022
52257.74	-8.018
52258.74	-8.025
52259.74	-8.026
52260.74	-8.023
52261.74	-8.022
52262.74	-8.021
52263.74	-8.02
52264.74	-8.019
52265.74	-8.021
52266.74	-8.021
52267.74	-8.02
52268.74	-8.019
52269.74	-8.018
52270.74	-8.021
52271.74	-8.019
52272.74	-8.021
52273.74	-8.02
52274.74	-8.022
52275.74	-8.021
52276.74	-8.025
52277.74	-8.019
52278.74	-8.023
52279.74	-8.022
52280.74	-8.019
52281.74	-8.02
52282.74	-8.023
52283.74	-8.023
52284.74	-8.018
52285.74	-8.024
52286.74	-8.021
52287.74	-8.022
52288.74	-8.021
52289.74	-8.02
52290.74	-8.02
52291.74	-8.024
52292.74	-8.022
52293.74	-8.022
52294.74	-8.022
52295.74	-8.02
52296.74	-8.02
52297.74	-8.02
52298.74	-8.017
52299.74	-8.023
52300.74	-8.018
52301.74	-8.022
52302.74	-8.025
52303.74	-8.019
52304.74	-8.018
52305.74	-8.021
52306.74	-8.027
52307.74	-8.02
52308.74	-8.022
52309.74	-8.02
52310.74	-8.022
52311.74	-8.019
52312.74	-8.023
52313.74	-8.022
52314.74	-8.02
52315.74	-8.02
52316.74	-8.021
52317.74	-8.021
52318.74	-8.021
52319.74	-8.021
52320.74	-8.02
52321.74	-8.022
52322.74	-8.021
52323.74	-8.019
52324.74	-8.018
52325.74	-8.024
52326.74	-8.022
52327.74	-8.02
52328.74	-8.022
52329.74	-8.024
52330.74	-8.021
52331.74	-8.023
52332.74	-8.022
52333.74	-8.019
52334.74	-8.024
52335.74	-8.021
52336.74	-8.02
52337.74	-8.023
52338.74	-8.021
52339.74	-8.022
52340.74	-8.022
52341.74	-8.019
52342.74	-8.024
52343.74	-8.023
52344.74	-8.023
52345.74	-8.022
52346.74	-8.024
52347.74	-8.019
52348.74	-8.023
52349.74	-8.021
52350.74	-8.021
52351.74	-8.023
52352.74	-8.023
52353.74	-8.022
52354.74	-8.023
52355.74	-8.02
52356.74	-8.022
52357.74	-8.024
52358.74	-8.022
52359.74	-8.019
52360.74	-8.02
52361.74	-8.02
52362.74	-8.022
52363.74	-8.02
52364.74	-8.021
52365.74	-8.023
52366.74	-8.023
52367.74	-8.025
52368.74	-8.02
52369.74	-8.022
52370.74	-8.025
52371.74	-8.02
52372.74	-8.023
52373.74	-8.021
52374.74	-8.02
52375.74	-8.021
52376.74	-8.025
52377.74	-8.022
52378.74	-8.022
52379.74	-8.021
52380.74	-8.023
52381.74	-8.02
52382.74	-8.021
52383.74	-8.019
52384.74	-8.021
52385.74	-8.021
52386.74	-8.021
52387.74	-8.023
52388.74	-8.022
52389.74	-8.022
52390.74	-8.021
52391.74	-8.022
52392.74	-8.021
52393.74	-8.023
52394.74	-8.022
52395.74	-8.021
52396.74	-8.022
52397.74	-8.02
52398.74	-8.02
52399.74	-8.02
52400.74	-8.023
52401.74	-8.022
52402.74	-8.023
52403.74	-8.022
52404.74	-8.02
52405.74	-8.021
52406.74	-8.023
52407.74	-8.02
52408.74	-8.023
52409.74	-8.022
52410.74	-8.021
52411.74	-8.021
52412.74	-8.022
52413.74	-8.023
52414.74	-8.022
52415.74	-8.021
52416.74	-8.02
52417.74	-8.021
52418.74	-8.023
52419.74	-8.021
52420.74	-8.021
52421.74	-8.022
52422.74	-8.023
52423.74	-8.023
52424.74	-8.022
52425.74	-8.021
52426.74	-8.023
52427.74	-8.021
52428.74	-8.02
52429.74	-8.021
52430.74	-8.022
52431.74	-8.022
52432.74	-8.024
52433.74	-8.021
52434.74	-8.023
52435.74	-8.021
52436.74	-8.02
52437.74	-8.018
52438.74	-8.022
52439.74	-8.022
52440.74	-8.024
52441.74	-8.023
52442.74	-8.022
52443.74	-8.021
52444.74	-8.02
52445.74	-8.022
52446.74	-8.022
52447.74	-8.022
52448.74	-8.022
52449.74	-8.022
52450.74	-8.023
52451.74	-8.02
52452.74	-8.023
52453.74	-8.023
52454.74	-8.022
52455.74	-8.023
52456.74	-8.021
52457.74	-8.021
52458.74	-8.021
52459.74	-8.026
52460.74	-8.022
52461.74	-8.022
52462.74	-8.022
52463.74	-8.023
52464.74	-8.021
52465.74	-8.023
52466.74	-8.022
52467.74	-8.023
52468.74	-8.022
52469.74	-8.024
52470.74	-8.021
52471.74	-8.023
52472.74	-8.022
52473.74	-8.025
52474.74	-8.023
52475.74	-8.024
52476.74	-8.021
52477.74	-8.02
52478.74	-8.021
52479.74	-8.024
52480.74	-8.023
52481.74	-8.023
52482.74	-8.023
52483.74	-8.024
52484.74	-8.021
52485.74	-8.024
52486.74	-8.021
52487.74	-8.022
52488.74	-8.023
52489.74	-8.022
52490.74	-8.022
52491.74	-8.02
52492.74	-8.023
52493.74	-8.019
52494.74	-8.02
52495.74	-8.022
52496.74	-8.022
52497.74	-8.02
52498.74	-8.02
52499.74	-8.02
52500.74	-8.021
52501.74	-8.024
52502.74	-8.023
52503.74	-8.022
52504.74	-8.022
52505.74	-8.023
52506.74	-8.022
52507.74	-8.024
52508.74	-8.023
52509.74	-8.021
52510.74	-8.023
52511.74	-8.019
52512.74	-8.02
52513.74	-8.024
52514.74	-8.022
52515.74	-8.022
52516.74	-8.02
52517.74	-8.022
52518.74	-8.023
52519.74	-8.02
52520.74	-8.02
52521.74	-8.023
52522.74	-8.021
52523.74	-8.021
52524.74	-8.021
52525.74	-8.021
52526.74	-8.018
52527.74	-8.02
52528.74	-8.021
52529.74	-8.022
52530.74	-8.02
52531.74	-8.021
52532.74	-8.02
52533.74	-8.024
52534.74	-8.023
52535.74	-8.024
52536.74	-8.024
52537.74	-8.021
52538.74	-8.02
52539.74	-8.02
52540.74	-8.018
52541.74	-8.023
52542.74	-8.017
52543.74	-8.022
52544.74	-8.021
52545.74	-8.023
52546.74	-8.021
52547.74	-8.02
52548.74	-8.021
52549.74	-8.022
52550.74	-8.019
52551.74	-8.021
52552.74	-8.021
52553.74	-8.022
52554.74	-8.021
52555.74	-8.023
52556.74	-8.02
52557.74	-8.02
52558.74	-8.021
52559.74	-8.02
52560.74	-8.023
52561.74	-8.023
52562.74	-8.024
52563.74	-8.02
52564.74	-8.02
52565.74	-8.022
52566.74	-8.02
52567.74	-8.022
52568.74	-8.022
52569.74	-8.021
52570.74	-8.026
52571.74	-8.022
52572.74	-8.023
52573.74	-8.025
52574.74	-8.021
52575.74	-8.02
52576.74	-8.02
52577.74	-8.02
52578.74	-8.02
52579.74	-8.023
52580.74	-8.022
52581.74	-8.024
52582.74	-8.018
52583.74	-8.022
52584.74	-8.022
52585.74	-8.023
52586.74	-8.019
52587.74	-8.02
52588.74	-8.023
52589.74	-8.021
52590.74	-8.021
52591.74	-8.026
52592.74	-8.02
52593.74	-8.02
52594.74	-8.023
52595.74	-8.019
52596.74	-8.023
52597.74	-8.022
52598.74	-8.024
52599.74	-8.019
52600.74	-8.019
52601.74	-8.024
52602.74	-8.024
52603.74	-8.02
52604.74	-8.022
52605.74	-8.023
52606.74	-8.024
52607.74	-8.024
52608.74	-8.021
52609.74	-8.02
52610.74	-8.023
52611.74	-8.024
52612.74	-8.02
52613.74	-8.022
52614.74	-8.022
52615.74	-8.022
52616.74	-8.023
52617.74	-8.02
52618.74	-8.023
52619.74	-8.024
52620.74	-8.018
52621.74	-8.019
52622.74	-8.02
52623.74	-8.021
52624.74	-8.024
52625.74	-8.02
52626.74	-8.022
52627.74	-8.02
52628.74	-8.022
52629.74	-8.023
52630.74	-8.023
52631.74	-8.023
52632.74	-8.021
52633.74	-8.024
52634.74	-8.022
52635.74	-8.017
52636.74	-8.021
52637.74	-8.022
52638.74	-8.022
52639.74	-8.02
52640.74	-8.018
52641.74	-8.021
52642.74	-8.023
52643.74	-8.021
52644.74	-8.021
52645.74	-8.022
52646.74	-8.021
52647.74	-8.023
52648.74	-8.022
52649.74	-8.023
52650.74	-8.023
52651.74	-8.021
52652.74	-8.024
52653.74	-8.025
52654.74	-8.023
52655.74	-8.02
52656.74	-8.021
52657.74	-8.023
52658.74	-8.023
52659.74	-8.021
52660.74	-8.023
52661.74	-8.018
52662.74	-8.019
52663.74	-8.023
52664.74	-8.023
52665.74	-8.023
52666.74	-8.023
52667.74	-8.024
52668.74	-8.021
52669.74	-8.022
52670.74	-8.021
52671.74	-8.023
52672.74	-8.025
52673.74	-8.024
52674.74	-8.023
52675.74	-8.024
52676.74	-8.023
52677.74	-8.022
52678.74	-8.025
52679.74	-8.023
52680.74	-8.021
52681.74	-8.023
52682.74	-8.026
52683.74	-8.022
52684.74	-8.019
52685.74	-8.025
52686.74	-8.022
52687.74	-8.022
52688.74	-8.023
52689.74	-8.023
52690.74	-8.019
52691.74	-8.02
52692.74	-8.019
52693.74	-8.024
52694.74	-8.022
52695.74	-8.02
52696.74	-8.022
52697.74	-8.022
52698.74	-8.023
52699.74	-8.023
52700.74	-8.022
52701.74	-8.021
52702.74	-8.025
52703.74	-8.023
52704.74	-8.022
52705.74	-8.024
52706.74	-8.026
52707.74	-8.023
52708.74	-8.025
52709.74	-8.027
52710.74	-8.024
52711.74	-8.025
52712.74	-8.021
52713.74	-8.019
52714.74	-8.021
52715.74	-8.021
52716.74	-8.023
52717.74	-8.022
52718.74	-8.024
52719.74	-8.021
52720.74	-8.023
52721.74	-8.023
52722.74	-8.019
52723.74	-8.024
52724.74	-8.025
52725.74	-8.022
52726.74	-8.022
52727.74	-8.021
52728.74	-8.023
52729.74	-8.02
52730.74	-8.023
52731.74	-8.023
52732.74	-8.021
52733.74	-8.02
52734.74	-8.021
52735.74	-8.026
52736.74	-8.026
52737.74	-8.023
52738.74	-8.023
52739.74	-8.022
52740.74	-8.023
52741.74	-8.021
52742.74	-8.026
52743.74	-8.022
52744.74	-8.023
52745.74	-8.026
52746.74	-8.021
52747.74	-8.023
52748.74	-8.022
52749.74	-8.023
52750.74	-8.022
52751.74	-8.025
52752.74	-8.024
52753.74	-8.023
52754.74	-8.023
52755.74	-8.024
52756.74	-8.02
52757.74	-8.025
52758.74	-8.021
52759.74	-8.022
52760.74	-8.022
52761.74	-8.025
52762.74	-8.024
52763.74	-8.025
52764.74	-8.022
52765.74	-8.022
52766.74	-8.021
52767.74	-8.023
52768.74	-8.023
52769.74	-8.021
52770.74	-8.023
52771.74	-8.022
52772.74	-8.022
52773.74	-8.022
52774.74	-8.024
52775.74	-8.024
52776.74	-8.02
52777.74	-8.021
52778.74	-8.023
52779.74	-8.02
52780.74	-8.021
52781.74	-8.023
52782.74	-8.024
52783.74	-8.018
52784.74	-8.023
52785.74	-8.021
52786.74	-8.019
52787.74	-8.024
52788.74	-8.025
52789.74	-8.021
52790.74	-8.021
52791.74	-8.023
52792.74	-8.022
52793.74	-8.025
52794.74	-8.02
52795.74	-8.024
52796.74	-8.021
52797.74	-8.021
52798.74	-8.02
52799.74	-8.022
52800.74	-8.022
52801.74	-8.023
52802.74	-8.023
52803.74	-8.021
52804.74	-8.022
52805.74	-8.021
52806.74	-8.021
52807.74	-8.023
52808.74	-8.022
52809.74	-8.024
52810.74	-8.025
52811.74	-8.021
52812.74	-8.024
52813.74	-8.021
52814.74	-8.022
52815.74	-8.023
52816.74	-8.02
52817.74	-8.023
52818.74	-8.02
52819.74	-8.021
52820.74	-8.023
52821.74	-8.025
52822.74	-8.021
52823.74	-8.022
52824.74	-8.02
52825.74	-8.021
52826.74	-8.025
52827.74	-8.024
52828.74	-8.022
52829.74	-8.023
52830.74	-8.02
52831.74	-8.024
52832.74	-8.022
52833.74	-8.019
52834.74	-8.021
52835.74	-8.022
52836.74	-8.022
52837.74	-8.022
52838.74	-8.026
52839.74	-8.023
52840.74	-8.025
52841.74	-8.02
52842.74	-8.022
52843.74	-8.027
52844.74	-8.021
52845.74	-8.021
52846.74	-8.023
52847.74	-8.022
52848.74	-8.019
52849.74	-8.024
52850.74	-8.02
52851.74	-8.027
52852.74	-8.024
52853.74	-8.027
52854.74	-8.022
52855.74	-8.024
52856.74	-8.021
52857.74	-8.021
52858.74	-8.023
52859.74	-8.023
52860.74	-8.022
52861.74	-8.025
52862.74	-8.025
52863.74	-8.023
52864.74	-8.021
52865.74	-8.026
52866.74	-8.023
52867.74	-8.022
52868.74	-8.025
52869.74	-8.021
52870.74	-8.021
52871.74	-8.02
52872.74	-8.022
52873.74	-8.024
52874.74	-8.023
52875.74	-8.022
52876.74	-8.026
52877.74	-8.02
52878.74	-8.022
52879.74	-8.023
52880.74	-8.023
52881.74	-8.024
52882.74	-8.025
52883.74	-8.026
52884.74	-8.023
52885.74	-8.02
52886.74	-8.02
52887.74	-8.023
52888.74	-8.023
52889.74	-8.02
52890.74	-8.021
52891.74	-8.022
52892.74	-8.023
52893.74	-8.026
52894.74	-8.021
52895.74	-8.02
52896.74	-8.022
52897.74	-8.022
52898.74	-8.023
52899.74	-8.021
52900.74	-8.022
52901.74	-8.022
52902.74	-8.022
52903.74	-8.021
52904.74	-8.021
52905.74	-8.02
52906.74	-8.022
52907.74	-8.022
52908.74	-8.021
52909.74	-8.024
52910.74	-8.021
52911.74	-8.023
52912.74	-8.023
52913.74	-8.02
52914.74	-8.022
52915.74	-8.023
52916.74	-8.024
52917.74	-8.02
52918.74	-8.023
52919.74	-8.02
52920.74	-8.023
52921.74	-8.021
52922.74	-8.023
52923.74	-8.02
52924.74	-8.021
52925.74	-8.018
52926.74	-8.021
52927.74	-8.025
52928.74	-8.023
52929.74	-8.024
52930.74	-8.021
52931.74	-8.021
52932.74	-8.025
52933.74	-8.022
52934.74	-8.023
52935.74	-8.021
52936.74	-8.02
52937.74	-8.021
52938.74	-8.022
52939.74	-8.027
52940.74	-8.022
52941.74	-8.022
52942.74	-8.022
52943.74	-8.024
52944.74	-8.022
52945.74	-8.022
52946.74	-8.021
52947.74	-8.021
52948.74	-8.023
52949.74	-8.02
52950.74	-8.023
52951.74	-8.02
52952.74	-8.021
52953.74	-8.019
52954.74	-8.022
52955.74	-8.022
52956.74	-8.021
52957.74	-8.021
52958.74	-8.022
52959.74	-8.019
52960.74	-8.022
52961.74	-8.02
52962.74	-8.021
52963.74	-8.026
52964.74	-8.022
52965.74	-8.022
52966.74	-8.024
52967.74	-8.021
52968.74	-8.022
52969.74	-8.022
52970.74	-8.024
52971.74	-8.024
52972.74	-8.022
52973.74	-8.025
52974.74	-8.023
52975.74	-8.022
52976.74	-8.022
52977.74	-8.023
52978.74	-8.022
52979.74	-8.021
52980.74	-8.022
52981.74	-8.022
52982.74	-8.025
52983.74	-8.021
52984.74	-8.024
52985.74	-8.021
52986.74	-8.021
52987.74	-8.021
52988.74	-8.024
52989.74	-8.021
52990.74	-8.022
52991.74	-8.025
52992.74	-8.023
52993.74	-8.022
52994.74	-8.02
52995.74	-8.02
52996.74	-8.022
52997.74	-8.02
52998.74	-8.02
52999.74	-8.026
53000.74	-8.02
53001.74	-8.023
53002.74	-8.02
53003.74	-8.02
53004.74	-8.023
53005.74	-8.021
53006.74	-8.02
53007.74	-8.024
53008.74	-8.024
53009.74	-8.023
53010.74	-8.022
53011.74	-8.02
53012.74	-8.025
53013.74	-8.023
53014.74	-8.023
53015.74	-8.021
53016.74	-8.025
53017.74	-8.022
53018.74	-8.023
53019.74	-8.024
53020.74	-8.019
53021.74	-8.024
53022.74	-8.021
53023.74	-8.021
53024.74	-8.024
53025.74	-8.022
53026.74	-8.023
53027.74	-8.022
53028.74	-8.022
53029.74	-8.02
53030.74	-8.019
53031.74	-8.023
53032.74	-8.024
53033.74	-8.022
53034.74	-8.024
53035.74	-8.021
53036.74	-8.021
53037.74	-8.02
53038.74	-8.026
53039.74	-8.023
53040.74	-8.025
53041.74	-8.022
53042.74	-8.023
53043.74	-8.022
53044.74	-8.021
53045.74	-8.022
53046.74	-8.021
53047.74	-8.022
53048.74	-8.022
53049.74	-8.025
53050.74	-8.022
53051.74	-8.023
53052.74	-8.023
53053.74	-8.025
53054.74	-8.02
53055.74	-8.024
53056.74	-8.021
53057.74	-8.023
53058.74	-8.025
53059.74	-8.023
53060.74	-8.024
53061.74	-8.022
53062.74	-8.021
53063.74	-8.02
53064.74	-8.026
53065.74	-8.021
53066.74	-8.022
53067.74	-8.023
53068.74	-8.024
53069.74	-8.025
53070.74	-8.022
53071.74	-8.021
53072.74	-8.021
53073.74	-8.02
53074.74	-8.024
53075.74	-8.023
53076.74	-8.022
53077.74	-8.023
53078.74	-8.023
53079.74	-8.022
53080.74	-8.024
53081.74	-8.024
53082.74	-8.022
53083.74	-8.021
53084.74	-8.02
53085.74	-8.021
53086.74	-8.024
53087.74	-8.025
53088.74	-8.025
53089.74	-8.025
53090.74	-8.022
53091.74	-8.025
53092.74	-8.023
53093.74	-8.023
53094.74	-8.024
53095.74	-8.022
53096.74	-8.023
53097.74	-8.019
53098.74	-8.023
53099.74	-8.023
53100.74	-8.024
53101.74	-8.023
53102.74	-8.019
53103.74	-8.02
53104.74	-8.021
53105.74	-8.023
53106.74	-8.022
53107.74	-8.022
53108.74	-8.024
53109.74	-8.023
53110.74	-8.023
53111.74	-8.024
53112.74	-8.023
53113.74	-8.021
53114.74	-8.022
53115.74	-8.025
53116.74	-8.02
53117.74	-8.023
53118.74	-8.027
53119.74	-8.023
53120.74	-8.023
53121.74	-8.023
53122.74	-8.021
53123.74	-8.023
53124.74	-8.021
53125.74	-8.024
53126.74	-8.022
53127.74	-8.02
53128.74	-8.022
53129.74	-8.021
53130.74	-8.024
53131.74	-8.021
53132.74	-8.019
53133.74	-8.023
53134.74	-8.022
53135.74	-8.023
53136.74	-8.023
53137.74	-8.024
53138.74	-8.023
53139.74	-8.025
53140.74	-8.022
53141.74	-8.021
53142.74	-8.023
53143.74	-8.022
53144.74	-8.022
53145.74	-8.022
53146.74	-8.024
53147.74	-8.021
53148.74	-8.024
53149.74	-8.022
53150.74	-8.022
53151.74	-8.021
53152.74	-8.022
53153.74	-8.02
53154.74	-8.022
53155.74	-8.023
53156.74	-8.02
53157.74	-8.023
53158.74	-8.027
53159.74	-8.021
53160.74	-8.025
53161.74	-8.021
53162.74	-8.024
53163.74	-8.023
53164.74	-8.025
53165.74	-8.023
53166.74	-8.021
53167.74	-8.019
53168.74	-8.023
53169.74	-8.025
53170.74	-8.024
53171.74	-8.026
53172.74	-8.022
53173.74	-8.022
53174.74	-8.022
53175.74	-8.024
53176.74	-8.021
53177.74	-8.023
53178.74	-8.024
53179.74	-8.02
53180.74	-8.026
53181.74	-8.025
53182.74	-8.023
53183.74	-8.021
53184.74	-8.025
53185.74	-8.025
53186.74	-8.024
53187.74	-8.024
53188.74	-8.022
53189.74	-8.024
53190.74	-8.026
53191.74	-8.023
53192.74	-8.021
53193.74	-8.026
53194.74	-8.02
53195.74	-8.022
53196.74	-8.019
53197.74	-8.025
53198.74	-8.022
53199.74	-8.02
53200.74	-8.023
53201.74	-8.023
53202.74	-8.022
53203.74	-8.018
53204.74	-8.02
53205.74	-8.024
53206.74	-8.023
53207.74	-8.026
53208.74	-8.022
53209.74	-8.023
53210.74	-8.025
53211.74	-8.025
53212.74	-8.024
53213.74	-8.023
53214.74	-8.025
53215.74	-8.021
53216.74	-8.023
53217.74	-8.024
53218.74	-8.022
53219.74	-8.024
53220.74	-8.023
53221.74	-8.022
53222.74	-8.022
53223.74	-8.018
53224.74	-8.024
53225.74	-8.02
53226.74	-8.024
53227.74	-8.023
53228.74	-8.022
53229.74	-8.022
53230.74	-8.022
53231.74	-8.022
53232.74	-8.026
53233.74	-8.025
53234.74	-8.025
53235.74	-8.023
53236.74	-8.023
53237.74	-8.022
53238.74	-8.023
53239.74	-8.023
53240.74	-8.027
53241.74	-8.023
53242.74	-8.025
53243.74	-8.026
53244.74	-8.022
53245.74	-8.021
53246.74	-8.022
53247.74	-8.024
53248.74	-8.023
53249.74	-8.023
53250.74	-8.02
53251.74	-8.024
53252.74	-8.023
53253.74	-8.024
53254.74	-8.022
53255.74	-8.024
53256.74	-8.019
53257.74	-8.023
53258.74	-8.025
53259.74	-8.018
53260.74	-8.021
53261.74	-8.021
53262.74	-8.023
53263.74	-8.022
53264.74	-8.021
53265.74	-8.024
53266.74	-8.02
53267.74	-8.019
53268.74	-8.026
53269.74	-8.025
53270.74	-8.025
53271.74	-8.023
53272.74	-8.019
53273.74	-8.02
53274.74	-8.021
53275.74	-8.023
53276.74	-8.022
53277.74	-8.022
53278.74	-8.018
53279.74	-8.019
53280.74	-8.021
53281.74	-8.023
53282.74	-8.024
53283.74	-8.022
53284.74	-8.019
53285.74	-8.022
53286.74	-8.023
53287.74	-8.015
53288.74	-8.015
53289.74	-8.015
53290.74	-8.018
53291.74	-8.017
53292.74	-8.016
53293.74	-8.015
53294.74	-8.016
53295.74	-8.017
53296.74	-8.018
53297.74	-8.015
53298.74	-8.016
53299.74	-8.018
53300.74	-8.015
53301.74	-8.017
53302.74	-8.014
53303.74	-8.015
53304.74	-8.017
53305.74	-8.014
53306.74	-8.015
53307.74	-8.013
53308.74	-8.016
53309.74	-8.013
53310.74	-8.016
53311.74	-8.015
53312.74	-8.012
53313.74	-8.016
53314.74	-8.014
53315.74	-8.016
53316.74	-8.015
53317.74	-8.015
53318.74	-8.016
53319.74	-8.018
53320.74	-8.018
53321.74	-8.019
53322.74	-8.017
53323.74	-8.017
53324.74	-8.016
53325.74	-8.016
53326.74	-8.016
53327.74	-8.016
53328.74	-8.015
53329.74	-8.015
53330.74	-8.016
53331.74	-8.016
53332.74	-8.016
53333.74	-8.017
53334.74	-8.018
53335.74	-8.016
53336.74	-8.017
53337.74	-8.017
53338.74	-8.016
53339.74	-8.018
53340.74	-8.016
53341.74	-8.016
53342.74	-8.017
53343.74	-8.014
53344.74	-8.016
53345.74	-8.017
53346.74	-8.018
53347.74	-8.015
53348.74	-8.017
53349.74	-8.017
53350.74	-8.012
53351.74	-8.016
53352.74	-8.017
53353.74	-8.017
53354.74	-8.017
53355.74	-8.015
53356.74	-8.015
53357.74	-8.015
53358.74	-8.018
53359.74	-8.016
53360.74	-8.018
53361.74	-8.015
53362.74	-8.014
53363.74	-8.016
53364.74	-8.017
53365.74	-8.016
53366.74	-8.014
53367.74	-8.016
53368.74	-8.015
53369.74	-8.015
53370.74	-8.013
53371.74	-8.014
53372.74	-8.014
53373.74	-8.016
53374.74	-8.016
53375.74	-8.016
53376.74	-8.016
53377.74	-8.014
53378.74	-8.014
53379.74	-8.016
53380.74	-8.015
53381.74	-8.014
53382.74	-8.014
53383.74	-8.015
53384.74	-8.016
53385.74	-8.015
53386.74	-8.016
53387.74	-8.016
53388.74	-8.015
53389.74	-8.018
53390.74	-8.015
53391.74	-8.015
53392.74	-8.017
53393.74	-8.016
53394.74	-8.017
53395.74	-8.014
53396.74	-8.015
53397.74	-8.016
53398.74	-8.017
53399.74	-8.015
53400.74	-8.017
53401.74	-8.015
53402.74	-8.014
53403.74	-8.017
53404.74	-8.015
53405.74	-8.009
53406.74	-8.015
53407.74	-8.014
53408.74	-8.015
53409.74	-8.015
53410.74	-8.015
53411.74	-8.018
53412.74	-8.016
53413.74	-8.016
53414.74	-8.016
53415.74	-8.014
53416.74	-8.014
53417.74	-8.016
53418.74	-8.016
53419.74	-8.016
53420.74	-8.015
53421.74	-8.017
53422.74	-8.014
53423.74	-8.018
53424.74	-8.018
53425.74	-8.018
53426.74	-8.015
53427.74	-8.017
53428.74	-8.017
53429.74	-8.017
53430.74	-8.015
53431.74	-8.016
53432.74	-8.017
53433.74	-8.018
53434.74	-8.018
53435.74	-8.018
53436.74	-8.015
53437.74	-8.017
53438.74	-8.016
53439.74	-8.016
53440.74	-8.017
53441.74	-8.018
53442.74	-8.016
53443.74	-8.016
53444.74	-8.019
53445.74	-8.017
53446.74	-8.017
53447.74	-8.007
53448.74	-8.015
53449.74	-8.017
53450.74	-8.016
53451.74	-8.017
53452.74	-8.016
53453.74	-8.016
53454.74	-8.016
53455.74	-8.015
53456.74	-8.016
53457.74	-8.016
53458.74	-8.015
53459.74	-8.017
53460.74	-8.014
53461.74	-8.015
53462.74	-8.014
53463.74	-8.019
53464.74	-8.016
53465.74	-8.018
53466.74	-8.015
53467.74	-8.016
53468.74	-8.018
53469.74	-8.015
53470.74	-8.017
53471.74	-8.015
53472.74	-8.017
53473.74	-8.017
53474.74	-8.018
53475.74	-8.02
53476.74	-8.019
53477.74	-8.02
53478.74	-8.019
53479.74	-8.022
53480.74	-8.022
53481.74	-8.022
53482.74	-8.021
53483.74	-8.02
53484.74	-8.021
53485.74	-8.021
53486.74	-8.02
53487.74	-8.02
53488.74	-8.021
53489.74	-8.019
53490.74	-8.02
53491.74	-8.02
53492.74	-8.021
53493.74	-8.02
53494.74	-8.022
53495.74	-8.021
53496.74	-8.018
53497.74	-8.022
53498.74	-8.018
53499.74	-8.023
53500.74	-8.02
53501.74	-8.02
53502.74	-8.024
53503.74	-8.021
53504.74	-8.021
53505.74	-8.02
53506.74	-8.026
53507.74	-8.022
53508.74	-8.023
53509.74	-8.019
53510.74	-8.022
53511.74	-8.019
53512.74	-8.02
53513.74	-8.021
53514.74	-8.02
53515.74	-8.02
53516.74	-8.021
53517.74	-8.022
53518.74	-8.02
53519.74	-8.022
53520.74	-8.021
53521.74	-8.021
53522.74	-8.023
53523.74	-8.019
53524.74	-8.018
53525.74	-8.022
53526.74	-8.02
53527.74	-8.022
53528.74	-8.02
53529.74	-8.019
53530.74	-8.02
53531.74	-8.02
53532.74	-8.021
53533.74	-8.022
53534.74	-8.024
53535.74	-8.021
53536.74	-8.02
53537.74	-8.022
53538.74	-8.02
53539.74	-8.021
53540.74	-8.022
53541.74	-8.025
53542.74	-8.023
53543.74	-8.02
53544.74	-8.023
53545.74	-8.02
53546.74	-8.018
53547.74	-8.02
53548.74	-8.021
53549.74	-8.02
53550.74	-8.022
53551.74	-8.022
53552.74	-8.018
53553.74	-8.021
53554.74	-8.022
53555.74	-8.021
53556.74	-8.018
53557.74	-8.02
53558.74	-8.024
53559.74	-8.021
53560.74	-8.021
53561.74	-8.021
53562.74	-8.021
53563.74	-8.024
53564.74	-8.021
53565.74	-8.021
53566.74	-8.021
53567.74	-8.022
53568.74	-8.019
53569.74	-8.021
53570.74	-8.021
53571.74	-8.021
53572.74	-8.02
53573.74	-8.019
53574.74	-8.02
53575.74	-8.02
53576.74	-8.019
53577.74	-8.022
53578.74	-8.018
53579.74	-8.022
53580.74	-8.023
53581.74	-8.02
53582.74	-8.021
53583.74	-8.021
53584.74	-8.02
53585.74	-8.017
53586.74	-8.021
53587.74	-8.019
53588.74	-8.021
53589.74	-8.019
53590.74	-8.021
53591.74	-8.023
53592.74	-8.021
53593.74	-8.022
53594.74	-8.02
53595.74	-8.019
53596.74	-8.021
53597.74	-8.021
53598.74	-8.02
53599.74	-8.02
53600.74	-8.023
53601.74	-8.026
53602.74	-8.019
53603.74	-8.023
53604.74	-8.021
53605.74	-8.025
53606.74	-8.022
53607.74	-8.021
53608.74	-8.02
53609.74	-8.022
53610.74	-8.022
53611.74	-8.02
53612.74	-8.018
53613.74	-8.025
53614.74	-8.019
53615.74	-8.024
53616.74	-8.019
53617.74	-8.019
53618.74	-8.023
53619.74	-8.021
53620.74	-8.02
53621.74	-8.019
53622.74	-8.022
53623.74	-8.021
53624.74	-8.022
53625.74	-8.02
53626.74	-8.025
53627.74	-8.019
53628.74	-8.026
53629.74	-8.022
53630.74	-8.019
53631.74	-8.019
53632.74	-8.022
53633.74	-8.02
53634.74	-8.022
53635.74	-8.024
53636.74	-8.024
53637.74	-8.024
53638.74	-8.021
53639.74	-8.023
53640.74	-8.02
53641.74	-8.02
53642.74	-8.023
53643.74	-8.021
53644.74	-8.022
53645.74	-8.021
53646.74	-8.021
53647.74	-8.023
53648.74	-8.021
53649.74	-8.02
53650.74	-8.02
53651.74	-8.022
53652.74	-8.022
53653.74	-8.02
53654.74	-8.021
53655.74	-8.018
53656.74	-8.024
53657.74	-8.02
53658.74	-8.022
53659.74	-8.022
53660.74	-8.019
53661.74	-8.02
53662.74	-8.023
53663.74	-8.02
53664.74	-8.02
53665.74	-8.021
53666.74	-8.019
53667.74	-8.018
53668.74	-8.024
53669.74	-8.02
53670.74	-8.021
53671.74	-8.024
53672.74	-8.023
53673.74	-8.02
53674.74	-8.022
53675.74	-8.02
53676.74	-8.02
53677.74	-8.023
53678.74	-8.022
53679.74	-8.021
53680.74	-8.021
53681.74	-8.026
53682.74	-8.022
53683.74	-8.022
53684.74	-8.021
53685.74	-8.018
53686.74	-8.019
53687.74	-8.023
53688.74	-8.019
53689.74	-8.021
53690.74	-8.021
53691.74	-8.022
53692.74	-8.021
53693.74	-8.022
53694.74	-8.019
53695.74	-8.021
53696.74	-8.021
53697.74	-8.022
53698.74	-8.019
53699.74	-8.022
53700.74	-8.021
53701.74	-8.022
53702.74	-8.02
53703.74	-8.019
53704.74	-8.02
53705.74	-8.024
53706.74	-8.022
53707.74	-8.022
53708.74	-8.019
53709.74	-8.024
53710.74	-8.022
53711.74	-8.021
53712.74	-8.021
53713.74	-8.023
53714.74	-8.02
53715.74	-8.023
53716.74	-8.02
53717.74	-8.022
53718.74	-8.023
53719.74	-8.025
53720.74	-8.022
53721.74	-8.021
53722.74	-8.022
53723.74	-8.022
53724.74	-8.021
53725.74	-8.025
53726.74	-8.023
53727.74	-8.023
53728.74	-8.02
53729.74	-8.021
53730.74	-8.02
53731.74	-8.022
53732.74	-8.022
53733.74	-8.023
53734.74	-8.022
53735.74	-8.025
53736.74	-8.023
53737.74	-8.021
53738.74	-8.024
53739.74	-8.02
53740.74	-8.021
53741.74	-8.021
53742.74	-8.021
53743.74	-8.021
53744.74	-8.023
53745.74	-8.021
53746.74	-8.021
53747.74	-8.021
53748.74	-8.025
53749.74	-8.021
53750.74	-8.022
53751.74	-8.022
53752.74	-8.02
53753.74	-8.023
53754.74	-8.025
53755.74	-8.023
53756.74	-8.018
53757.74	-8.024
53758.74	-8.022
53759.74	-8.022
53760.74	-8.023
53761.74	-8.021
53762.74	-8.023
53763.74	-8.023
53764.74	-8.022
53765.74	-8.022
53766.74	-8.023
53767.74	-8.025
53768.74	-8.025
53769.74	-8.022
53770.74	-8.021
53771.74	-8.023
53772.74	-8.022
53773.74	-8.019
53774.74	-8.021
53775.74	-8.024
53776.74	-8.019
53777.74	-8.026
53778.74	-8.019
53779.74	-8.02
53780.74	-8.024
53781.74	-8.023
53782.74	-8.022
53783.74	-8.022
53784.74	-8.021
53785.74	-8.023
53786.74	-8.022
53787.74	-8.021
53788.74	-8.022
53789.74	-8.022
53790.74	-8.021
53791.74	-8.022
53792.74	-8.022
53793.74	-8.021
53794.74	-8.023
53795.74	-8.018
53796.74	-8.02
53797.74	-8.022
53798.74	-8.02
53799.74	-8.023
53800.74	-8.021
53801.74	-8.021
53802.74	-8.022
53803.74	-8.023
53804.74	-8.022
53805.74	-8.021
53806.74	-8.023
53807.74	-8.022
53808.74	-8.021
53809.74	-8.024
53810.74	-8.021
53811.74	-8.021
53812.74	-8.021
53813.74	-8.021
53814.74	-8.018
53815.74	-8.023
53816.74	-8.019
53817.74	-8.022
53818.74	-8.02
53819.74	-8.021
53820.74	-8.023
53821.74	-8.021
53822.74	-8.024
53823.74	-8.02
53824.74	-8.021
53825.74	-8.021
53826.74	-8.024
53827.74	-8.021
53828.74	-8.024
53829.74	-8.024
53830.74	-8.02
53831.74	-8.02
53832.74	-8.022
53833.74	-8.024
53834.74	-8.023
53835.74	-8.019
53836.74	-8.022
53837.74	-8.023
53838.74	-8.021
53839.74	-8.022
53840.74	-8.021
53841.74	-8.024
53842.74	-8.022
53843.74	-8.02
53844.74	-8.022
53845.74	-8.023
53846.74	-8.023
53847.74	-8.02
53848.74	-8.021
53849.74	-8.024
53850.74	-8.02
53851.74	-8.021
53852.74	-8.023
53853.74	-8.021
53854.74	-8.022
53855.74	-8.023
53856.74	-8.023
53857.74	-8.022
53858.74	-8.022
53859.74	-8.02
53860.74	-8.023
53861.74	-8.019
53862.74	-8.021
53863.74	-8.019
53864.74	-8.02
53865.74	-8.023
53866.74	-8.022
53867.74	-8.022
53868.74	-8.024
53869.74	-8.022
53870.74	-8.023
53871.74	-8.021
53872.74	-8.02
53873.74	-8.019
53874.74	-8.022
53875.74	-8.021
53876.74	-8.021
53877.74	-8.024
53878.74	-8.021
53879.74	-8.021
53880.74	-8.023
53881.74	-8.024
53882.74	-8.024
53883.74	-8.022
53884.74	-8.021
53885.74	-8.023
53886.74	-8.021
53887.74	-8.02
53888.74	-8.023
53889.74	-8.024
53890.74	-8.023
53891.74	-8.021
53892.74	-8.023
53893.74	-8.025
53894.74	-8.023
53895.74	-8.023
53896.74	-8.022
53897.74	-8.019
53898.74	-8.023
53899.74	-8.022
53900.74	-8.021
53901.74	-8.021
53902.74	-8.018
53903.74	-8.022
53904.74	-8.021
53905.74	-8.024
53906.74	-8.02
53907.74	-8.02
53908.74	-8.019
53909.74	-8.024
53910.74	-8.019
53911.74	-8.023
53912.74	-8.025
53913.74	-8.021
53914.74	-8.02
53915.74	-8.025
53916.74	-8.021
53917.74	-8.024
53918.74	-8.021
53919.74	-8.021
53920.74	-8.02
53921.74	-8.021
53922.74	-8.02
53923.74	-8.021
53924.74	-8.02
53925.74	-8.024
53926.74	-8.023
53927.74	-8.021
53928.74	-8.021
53929.74	-8.019
53930.74	-8.023
53931.74	-8.022
53932.74	-8.02
53933.74	-8.023
53934.74	-8.022
53935.74	-8.021
53936.74	-8.021
53937.74	-8.019
53938.74	-8.019
53939.74	-8.023
53940.74	-8.022
53941.74	-8.024
53942.74	-8.022
53943.74	-8.024
53944.74	-8.018
53945.74	-8.021
53946.74	-8.021
53947.74	-8.021
53948.74	-8.02
53949.74	-8.019
53950.74	-8.023
53951.74	-8.02
53952.74	-8.022
53953.74	-8.024
53954.74	-8.026
53955.74	-8.022
53956.74	-8.023
53957.74	-8.021
53958.74	-8.02
53959.74	-8.023
53960.74	-8.024
53961.74	-8.021
53962.74	-8.021
53963.74	-8.021
53964.74	-8.024
53965.74	-8.019
53966.74	-8.022
53967.74	-8.021
53968.74	-8.021
53969.74	-8.021
53970.74	-8.02
53971.74	-8.022
53972.74	-8.023
53973.74	-8.021
53974.74	-8.02
53975.74	-8.023
53976.74	-8.022
53977.74	-8.022
53978.74	-8.023
53979.74	-8.024
53980.74	-8.02
53981.74	-8.023
53982.74	-8.024
53983.74	-8.022
53984.74	-8.019
53985.74	-8.022
53986.74	-8.022
53987.74	-8.026
53988.74	-8.021
53989.74	-8.019
53990.74	-8.022
53991.74	-8.021
53992.74	-8.022
53993.74	-8.021
53994.74	-8.026
53995.74	-8.024
53996.74	-8.022
53997.74	-8.024
53998.74	-8.018
53999.74	-8.023
54000.74	-8.024
54001.74	-8.024
54002.74	-8.026
54003.74	-8.025
54004.74	-8.023
54005.74	-8.023
54006.74	-8.023
54007.74	-8.024
54008.74	-8.026
54009.74	-8.02
54010.74	-8.018
54011.74	-8.024
54012.74	-8.023
54013.74	-8.024
54014.74	-8.02
54015.74	-8.024
54016.74	-8.023
54017.74	-8.022
54018.74	-8.025
54019.74	-8.021
54020.74	-8.023
54021.74	-8.024
54022.74	-8.024
54023.74	-8.021
54024.74	-8.023
54025.74	-8.024
54026.74	-8.021
54027.74	-8.022
54028.74	-8.022
54029.74	-8.025
54030.74	-8.024
54031.74	-8.018
54032.74	-8.023
54033.74	-8.024
54034.74	-8.02
54035.74	-8.023
54036.74	-8.022
54037.74	-8.021
54038.74	-8.025
54039.74	-8.025
54040.74	-8.024
54041.74	-8.022
54042.74	-8.022
54043.74	-8.023
54044.74	-8.021
54045.74	-8.021
54046.74	-8.024
54047.74	-8.025
54048.74	-8.024
54049.74	-8.02
54050.74	-8.021
54051.74	-8.021
54052.74	-8.021
54053.74	-8.024
54054.74	-8.021
54055.74	-8.024
54056.74	-8.018
54057.74	-8.019
54058.74	-8.02
54059.74	-8.022
54060.74	-8.02
54061.74	-8.021
54062.74	-8.023
54063.74	-8.023
54064.74	-8.023
54065.74	-8.019
54066.74	-8.025
54067.74	-8.021
54068.74	-8.022
54069.74	-8.023
54070.74	-8.022
54071.74	-8.024
54072.74	-8.022
54073.74	-8.022
54074.74	-8.021
54075.74	-8.025
54076.74	-8.025
54077.74	-8.02
54078.74	-8.021
54079.74	-8.022
54080.74	-8.021
54081.74	-8.023
54082.74	-8.022
54083.74	-8.022
54084.74	-8.022
54085.74	-8.022
54086.74	-8.026
54087.74	-8.018
54088.74	-8.026
54089.74	-8.025
54090.74	-8.018
54091.74	-8.024
54092.74	-8.02
54093.74	-8.027
54094.74	-8.021
54095.74	-8.026
54096.74	-8.023
54097.74	-8.02
54098.74	-8.02
54099.74	-8.024
54100.74	-8.021
54101.74	-8.024
54102.74	-8.025
54103.74	-8.019
54104.74	-8.023
54105.74	-8.022
54106.74	-8.02
54107.74	-8.021
54108.74	-8.02
54109.74	-8.023
54110.74	-8.022
54111.74	-8.021
54112.74	-8.02
54113.74	-8.019
54114.74	-8.022
54115.74	-8.024
54116.74	-8.022
54117.74	-8.026
54118.74	-8.023
54119.74	-8.023
54120.74	-8.021
54121.74	-8.021
54122.74	-8.02
54123.74	-8.021
54124.74	-8.02
54125.74	-8.022
54126.74	-8.021
54127.74	-8.024
54128.74	-8.022
54129.74	-8.025
54130.74	-8.023
54131.74	-8.022
54132.74	-8.02
54133.74	-8.021
54134.74	-8.021
54135.74	-8.024
54136.74	-8.021
54137.74	-8.022
54138.74	-8.021
54139.74	-8.022
54140.74	-8.025
54141.74	-8.024
54142.74	-8.024
54143.74	-8.025
54144.74	-8.02
54145.74	-8.022
54146.74	-8.021
54147.74	-8.02
54148.74	-8.024
54149.74	-8.022
54150.74	-8.023
54151.74	-8.02
54152.74	-8.024
54153.74	-8.023
54154.74	-8.022
54155.74	-8.024
54156.74	-8.021
54157.74	-8.022
54158.74	-8.023
54159.74	-8.021
54160.74	-8.022
54161.74	-8.021
54162.74	-8.025
54163.74	-8.023
54164.74	-8.023
54165.74	-8.023
54166.74	-8.022
54167.74	-8.02
54168.74	-8.019
54169.74	-8.023
54170.74	-8.021
54171.74	-8.021
54172.74	-8.025
54173.74	-8.022
54174.74	-8.022
54175.74	-8.025
54176.74	-8.024
54177.74	-8.025
54178.74	-8.02
54179.74	-8.022
54180.74	-8.022
54181.74	-8.022
54182.74	-8.024
54183.74	-8.023
54184.74	-8.021
54185.74	-8.023
54186.74	-8.023
54187.74	-8.025
54188.74	-8.021
54189.74	-8.025
54190.74	-8.022
54191.74	-8.023
54192.74	-8.021
54193.74	-8.023
54194.74	-8.023
54195.74	-8.021
54196.74	-8.019
54197.74	-8.025
54198.74	-8.024
54199.74	-8.023
54200.74	-8.025
54201.74	-8.021
54202.74	-8.022
54203.74	-8.023
54204.74	-8.021
54205.74	-8.021
54206.74	-8.026
54207.74	-8.022
54208.74	-8.024
54209.74	-8.02
54210.74	-8.025
54211.74	-8.022
54212.74	-8.023
54213.74	-8.021
54214.74	-8.021
54215.74	-8.022
54216.74	-8.023
54217.74	-8.02
54218.74	-8.022
54219.74	-8.023
54220.74	-8.022
54221.74	-8.023
54222.74	-8.022
54223.74	-8.022
54224.74	-8.019
54225.74	-8.027
54226.74	-8.022
54227.74	-8.022
54228.74	-8.023
54229.74	-8.025
54230.74	-8.021
54231.74	-8.024
54232.74	-8.025
54233.74	-8.023
54234.74	-8.023
54235.74	-8.02
54236.74	-8.021
54237.74	-8.021
54238.74	-8.018
54239.74	-8.024
54240.74	-8.023
54241.74	-8.021
54242.74	-8.022
54243.74	-8.024
54244.74	-8.021
54245.74	-8.022
54246.74	-8.02
54247.74	-8.022
54248.74	-8.022
54249.74	-8.022
54250.74	-8.023
54251.74	-8.022
54252.74	-8.023
54253.74	-8.022
54254.74	-8.023
54255.74	-8.022
54256.74	-8.023
54257.74	-8.022
54258.74	-8.023
54259.74	-8.021
54260.74	-8.023
54261.74	-8.024
54262.74	-8.025
54263.74	-8.023
54264.74	-8.023
54265.74	-8.022
54266.74	-8.025
54267.74	-8.021
54268.74	-8.023
54269.74	-8.024
54270.74	-8.024
54271.74	-8.023
54272.74	-8.021
54273.74	-8.024
54274.74	-8.022
54275.74	-8.021
54276.74	-8.022
54277.74	-8.022
54278.74	-8.024
54279.74	-8.022
54280.74	-8.021
54281.74	-8.022
54282.74	-8.021
54283.74	-8.02
54284.74	-8.022
54285.74	-8.022
54286.74	-8.022
54287.74	-8.022
54288.74	-8.026
54289.74	-8.024
54290.74	-8.023
54291.74	-8.022
54292.74	-8.023
54293.74	-8.022
54294.74	-8.023
54295.74	-8.029
54296.74	-8.023
54297.74	-8.022
54298.74	-8.024
54299.74	-8.022
54300.74	-8.022
54301.74	-8.026
54302.74	-8.023
54303.74	-8.024
54304.74	-8.02
54305.74	-8.024
54306.74	-8.019
54307.74	-8.025
54308.74	-8.022
54309.74	-8.025
54310.74	-8.022
54311.74	-8.023
54312.74	-8.021
54313.74	-8.024
54314.74	-8.022
54315.74	-8.023
54316.74	-8.024
54317.74	-8.022
54318.74	-8.023
54319.74	-8.024
54320.74	-8.024
54321.74	-8.024
54322.74	-8.024
54323.74	-8.022
54324.74	-8.024
54325.74	-8.021
54326.74	-8.021
54327.74	-8.023
54328.74	-8.024
54329.74	-8.022
54330.74	-8.024
54331.74	-8.026
54332.74	-8.024
54333.74	-8.024
54334.74	-8.024
54335.74	-8.02
54336.74	-8.024
54337.74	-8.023
54338.74	-8.022
54339.74	-8.022
54340.74	-8.024
54341.74	-8.021
54342.74	-8.027
54343.74	-8.024
54344.74	-8.023
54345.74	-8.025
54346.74	-8.024
54347.74	-8.026
54348.74	-8.022
54349.74	-8.026
54350.74	-8.022
54351.74	-8.024
54352.74	-8.022
54353.74	-8.022
54354.74	-8.025
54355.74	-8.023
54356.74	-8.023
54357.74	-8.023
54358.74	-8.023
54359.74	-8.025
54360.74	-8.027
54361.74	-8.024
54362.74	-8.023
54363.74	-8.025
54364.74	-8.023
54365.74	-8.026
54366.74	-8.024
54367.74	-8.023
54368.74	-8.026
54369.74	-8.022
54370.74	-8.024
54371.74	-8.023
54372.74	-8.022
54373.74	-8.023
54374.74	-8.024
54375.74	-8.023
54376.74	-8.024
54377.74	-8.025
54378.74	-8.023
54379.74	-8.023
54380.74	-8.022
54381.74	-8.021
54382.74	-8.021
54383.74	-8.021
54384.74	-8.023
54385.74	-8.023
54386.74	-8.024
54387.74	-8.023
54388.74	-8.025
54389.74	-8.024
54390.74	-8.024
54391.74	-8.023
54392.74	-8.022
54393.74	-8.025
54394.74	-8.023
54395.74	-8.022
54396.74	-8.024
54397.74	-8.024
54398.74	-8.025
54399.74	-8.024
54400.74	-8.023
54401.74	-8.023
54402.74	-8.024
54403.74	-8.021
54404.74	-8.022
54405.74	-8.024
54406.74	-8.021
54407.74	-8.023
54408.74	-8.023
54409.74	-8.023
54410.74	-8.024
54411.74	-8.022
54412.74	-8.026
54413.74	-8.025
54414.74	-8.026
54415.74	-8.022
54416.74	-8.024
54417.74	-8.025
54418.74	-8.025
54419.74	-8.023
54420.74	-8.024
54421.74	-8.023
54422.74	-8.027
54423.74	-8.022
54424.74	-8.022
54425.74	-8.024
54426.74	-8.022
54427.74	-8.022
54428.74	-8.024
54429.74	-8.023
54430.74	-8.022
54431.74	-8.021
54432.74	-8.023
54433.74	-8.027
54434.74	-8.021
54435.74	-8.024
54436.74	-8.023
54437.74	-8.025
54438.74	-8.022
54439.74	-8.022
54440.74	-8.021
54441.74	-8.019
54442.74	-8.027
54443.74	-8.022
54444.74	-8.025
54445.74	-8.025
54446.74	-8.026
54447.74	-8.026
54448.74	-8.024
54449.74	-8.023
54450.74	-8.022
54451.74	-8.022
54452.74	-8.023
54453.74	-8.023
54454.74	-8.021
54455.74	-8.022
54456.74	-8.023
54457.74	-8.023
54458.74	-8.021
54459.74	-8.023
54460.74	-8.019
54461.74	-8.022
54462.74	-8.023
54463.74	-8.021
54464.74	-8.022
54465.74	-8.022
54466.74	-8.025
54467.74	-8.024
54468.74	-8.024
54469.74	-8.023
54470.74	-8.023
54471.74	-8.022
54472.74	-8.023
54473.74	-8.02
54474.74	-8.021
54475.74	-8.024
54476.74	-8.022
54477.74	-8.022
54478.74	-8.02
54479.74	-8.022
54480.74	-8.022
54481.74	-8.02
54482.74	-8.02
54483.74	-8.025
54484.74	-8.021
54485.74	-8.022
54486.74	-8.021
54487.74	-8.025
54488.74	-8.024
54489.74	-8.022
54490.74	-8.023
54491.74	-8.023
54492.74	-8.021
54493.74	-8.022
54494.74	-8.021
54495.74	-8.024
54496.74	-8.024
54497.74	-8.024
54498.74	-8.024
54499.74	-8.023
54500.74	-8.023
54501.74	-8.025
54502.74	-8.021
54503.74	-8.025
54504.74	-8.022
54505.74	-8.025
54506.74	-8.023
54507.74	-8.023
54508.74	-8.026
54509.74	-8.023
54510.74	-8.021
54511.74	-8.023
54512.74	-8.025
54513.74	-8.022
54514.74	-8.024
54515.74	-8.023
54516.74	-8.024
54517.74	-8.022
54518.74	-8.021
54519.74	-8.023
54520.74	-8.028
54521.74	-8.024
54522.74	-8.024
54523.74	-8.025
54524.74	-8.022
54525.74	-8.022
54526.74	-8.024
54527.74	-8.022
54528.74	-8.022
54529.74	-8.023
54530.74	-8.025
54531.74	-8.022
54532.74	-8.024
54533.74	-8.02
54534.74	-8.022
54535.74	-8.024
54536.74	-8.023
54537.74	-8.026
54538.74	-8.023
54539.74	-8.025
54540.74	-8.024
54541.74	-8.021
54542.74	-8.024
54543.74	-8.024
54544.74	-8.022
54545.74	-8.022
54546.74	-8.022
54547.74	-8.027
54548.74	-8.021
54549.74	-8.023
54550.74	-8.024
54551.74	-8.026
54552.74	-8.021
54553.74	-8.022
54554.74	-8.023
54555.74	-8.026
54556.74	-8.021
54557.74	-8.027
54558.74	-8.022
54559.74	-8.025
54560.74	-8.023
54561.74	-8.021
54562.74	-8.022
54563.74	-8.026
54564.74	-8.027
54565.74	-8.024
54566.74	-8.026
54567.74	-8.023
54568.74	-8.023
54569.74	-8.027
54570.74	-8.02
54571.74	-8.022
54572.74	-8.023
54573.74	-8.025
54574.74	-8.024
54575.74	-8.02
54576.74	-8.021
54577.74	-8.022
54578.74	-8.021
54579.74	-8.021
54580.74	-8.023
54581.74	-8.023
54582.74	-8.021
54583.74	-8.022
54584.74	-8.023
54585.74	-8.021
54586.74	-8.028
54587.74	-8.022
54588.74	-8.021
54589.74	-8.025
54590.74	-8.026
54591.74	-8.026
54592.74	-8.027
54593.74	-8.026
54594.74	-8.022
54595.74	-8.025
54596.74	-8.023
54597.74	-8.019
54598.74	-8.021
54599.74	-8.021
54600.74	-8.024
54601.74	-8.025
54602.74	-8.024
54603.74	-8.022
54604.74	-8.021
54605.74	-8.026
54606.74	-8.024
54607.74	-8.02
54608.74	-8.022
54609.74	-8.022
54610.74	-8.027
54611.74	-8.021
54612.74	-8.025
54613.74	-8.024
54614.74	-8.023
54615.74	-8.024
54616.74	-8.022
54617.74	-8.022
54618.74	-8.02
54619.74	-8.02
54620.74	-8.022
54621.74	-8.019
54622.74	-8.02
54623.74	-8.021
54624.74	-8.026
54625.74	-8.025
54626.74	-8.023
54627.74	-8.022
54628.74	-8.02
54629.74	-8.021
54630.74	-8.026
54631.74	-8.02
54632.74	-8.027
54633.74	-8.02
54634.74	-8.024
54635.74	-8.023
54636.74	-8.024
54637.74	-8.024
54638.74	-8.023
54639.74	-8.021
54640.74	-8.022
54641.74	-8.023
54642.74	-8.022
54643.74	-8.024
54644.74	-8.023
54645.74	-8.021
54646.74	-8.022
54647.74	-8.024
54648.74	-8.022
54649.74	-8.023
54650.74	-8.023
54651.74	-8.023
54652.74	-8.025
54653.74	-8.026
54654.74	-8.022
54655.74	-8.023
54656.74	-8.025
54657.74	-8.021
54658.74	-8.023
54659.74	-8.023
54660.74	-8.023
54661.74	-8.025
54662.74	-8.024
54663.74	-8.024
54664.74	-8.022
54665.74	-8.022
54666.74	-8.023
54667.74	-8.023
54668.74	-8.026
54669.74	-8.022
54670.74	-8.025
54671.74	-8.024
54672.74	-8.021
54673.74	-8.025
54674.74	-8.021
54675.74	-8.022
54676.74	-8.022
54677.74	-8.021
54678.74	-8.023
54679.74	-8.025
54680.74	-8.024
54681.74	-8.023
54682.74	-8.023
54683.74	-8.022
54684.74	-8.02
54685.74	-8.025
54686.74	-8.022
54687.74	-8.024
54688.74	-8.022
54689.74	-8.021
54690.74	-8.023
54691.74	-8.024
54692.74	-8.024
54693.74	-8.023
54694.74	-8.022
54695.74	-8.025
54696.74	-8.027
54697.74	-8.024
54698.74	-8.023
54699.74	-8.025
54700.74	-8.024
54701.74	-8.021
54702.74	-8.024
54703.74	-8.024
54704.74	-8.024
54705.74	-8.024
54706.74	-8.021
54707.74	-8.022
54708.74	-8.023
54709.74	-8.024
54710.74	-8.028
54711.74	-8.025
54712.74	-8.026
54713.74	-8.023
54714.74	-8.024
54715.74	-8.027
54716.74	-8.026
54717.74	-8.024
54718.74	-8.022
54719.74	-8.026
54720.74	-8.023
54721.74	-8.026
54722.74	-8.028
54723.74	-8.023
54724.74	-8.025
54725.74	-8.025
54726.74	-8.022
54727.74	-8.027
54728.74	-8.02
54729.74	-8.026
54730.74	-8.024
54731.74	-8.025
54732.74	-8.024
54733.74	-8.027
54734.74	-8.024
54735.74	-8.023
54736.74	-8.025
54737.74	-8.026
54738.74	-8.024
54739.74	-8.023
54740.74	-8.025
54741.74	-8.022
54742.74	-8.026
54743.74	-8.024
54744.74	-8.022
54745.74	-8.021
54746.74	-8.019
54747.74	-8.024
54748.74	-8.021
54749.74	-8.023
54750.74	-8.023
54751.74	-8.024
54752.74	-8.025
54753.74	-8.024
54754.74	-8.023
54755.74	-8.023
54756.74	-8.026
54757.74	-8.022
54758.74	-8.023
54759.74	-8.022
54760.74	-8.022
54761.74	-8.021
54762.74	-8.024
54763.74	-8.025
54764.74	-8.019
54765.74	-8.022
54766.74	-8.023
54767.74	-8.024
54768.74	-8.021
54769.74	-8.022
54770.74	-8.022
54771.74	-8.019
54772.74	-8.021
54773.74	-8.022
54774.74	-8.022
54775.74	-8.025
54776.74	-8.023
54777.74	-8.023
54778.74	-8.025
54779.74	-8.023
54780.74	-8.023
54781.74	-8.023
54782.74	-8.023
54783.74	-8.023
54784.74	-8.023
54785.74	-8.027
54786.74	-8.023
54787.74	-8.022
54788.74	-8.022
54789.74	-8.021
54790.74	-8.024
54791.74	-8.024
54792.74	-8.026
54793.74	-8.02
54794.74	-8.023
54795.74	-8.023
54796.74	-8.025
54797.74	-8.022
54798.74	-8.022
54799.74	-8.021
54800.74	-8.021
54801.74	-8.019
54802.74	-8.02
54803.74	-8.023
54804.74	-8.022
54805.74	-8.024
54806.74	-8.022
54807.74	-8.018
54808.74	-8.021
54809.74	-8.019
54810.74	-8.022
54811.74	-8.025
54812.74	-8.023
54813.74	-8.027
54814.74	-8.026
54815.74	-8.02
54816.74	-8.023
54817.74	-8.023
54818.74	-8.022
54819.74	-8.02
54820.74	-8.021
54821.74	-8.026
54822.74	-8.022
54823.74	-8.021
54824.74	-8.022
54825.74	-8.022
54826.74	-8.022
54827.74	-8.022
54828.74	-8.021
54829.74	-8.026
54830.74	-8.026
54831.74	-8.023
54832.74	-8.023
54833.74	-8.025
54834.74	-8.022
54835.74	-8.023
54836.74	-8.024
54837.74	-8.026
54838.74	-8.025
54839.74	-8.02
54840.74	-8.021
54841.74	-8.023
54842.74	-8.027
54843.74	-8.024
54844.74	-8.021
54845.74	-8.026
54846.74	-8.02
54847.74	-8.024
54848.74	-8.024
54849.74	-8.022
54850.74	-8.023
54851.74	-8.025
54852.74	-8.024
54853.74	-8.023
54854.74	-8.025
54855.74	-8.023
54856.74	-8.024
54857.74	-8.022
54858.74	-8.027
54859.74	-8.024
54860.74	-8.024
54861.74	-8.027
54862.74	-8.025
54863.74	-8.023
54864.74	-8.022
54865.74	-8.026
54866.74	-8.022
54867.74	-8.022
54868.74	-8.023
54869.74	-8.023
54870.74	-8.02
54871.74	-8.022
54872.74	-8.026
54873.74	-8.022
54874.74	-8.02
54875.74	-8.02
54876.74	-8.024
54877.74	-8.02
54878.74	-8.023
54879.74	-8.024
54880.74	-8.021
54881.74	-8.018
54882.74	-8.02
54883.74	-8.021
54884.74	-8.023
54885.74	-8.022
54886.74	-8.021
54887.74	-8.021
54888.74	-8.022
54889.74	-8.02
54890.74	-8.022
54891.74	-8.023
54892.74	-8.026
54893.74	-8.022
54894.74	-8.019
54895.74	-8.023
54896.74	-8.021
54897.74	-8.02
54898.74	-8.023
54899.74	-8.022
54900.74	-8.019
54901.74	-8.019
54902.74	-8.015
54903.74	-8.017
54904.74	-8.014
54905.74	-8.017
54906.74	-8.016
54907.74	-8.015
54908.74	-8.016
54909.74	-8.016
54910.74	-8.018
54911.74	-8.015
54912.74	-8.017
54913.74	-8.014
54914.74	-8.016
54915.74	-8.015
54916.74	-8.017
54917.74	-8.016
54918.74	-8.017
54919.74	-8.016
54920.74	-8.016
54921.74	-8.016
54922.74	-8.015
54923.74	-8.018
54924.74	-8.016
54925.74	-8.015
54926.74	-8.015
54927.74	-8.018
54928.74	-8.016
54929.74	-8.016
54930.74	-8.016
54931.74	-8.016
54932.74	-8.017
54933.74	-8.016
54934.74	-8.013
54935.74	-8.017
54936.74	-8.016
54937.74	-8.016
54938.74	-8.018
54939.74	-8.016
54940.74	-8.017
54941.74	-8.015
54942.74	-8.015
54943.74	-8.015
54944.74	-8.015
54945.74	-8.016
54946.74	-8.014
54947.74	-8.017
54948.74	-8.016
54949.74	-8.017
54950.74	-8.016
54951.74	-8.017
54952.74	-8.015
54953.74	-8.016
54954.74	-8.015
54955.74	-8.015
54956.74	-8.016
54957.74	-8.015
54958.74	-8.015
54959.74	-8.018
54960.74	-8.016
54961.74	-8.015
54962.74	-8.018
54963.74	-8.017
54964.74	-8.016
54965.74	-8.014
54966.74	-8.014
54967.74	-8.02
54968.74	-8.019
54969.74	-8.016
54970.74	-8.016
54971.74	-8.017
54972.74	-8.016
54973.74	-8.015
54974.74	-8.018
54975.74	-8.014
54976.74	-8.016
54977.74	-8.016
54978.74	-8.017
54979.74	-8.014
54980.74	-8.019
54981.74	-8.019
54982.74	-8.015
54983.74	-8.017
54984.74	-8.014
54985.74	-8.016
54986.74	-8.014
54987.74	-8.018
54988.74	-8.016
54989.74	-8.016
54990.74	-8.016
54991.74	-8.018
54992.74	-8.017
54993.74	-8.017
54994.74	-8.017
54995.74	-8.016
54996.74	-8.017
54997.74	-8.013
54998.74	-8.017
54999.74	-8.012
55000.74	-8.019
55001.74	-8.016
55002.74	-8.015
55003.74	-8.014
55004.74	-8.017
55005.74	-8.018
55006.74	-8.016
55007.74	-8.017
55008.74	-8.017
55009.74	-8.017
55010.74	-8.017
55011.74	-8.016
55012.74	-8.018
55013.74	-8.014
55014.74	-8.017
55015.74	-8.015
55016.74	-8.019
55017.74	-8.016
55018.74	-8.016
55019.74	-8.016
55020.74	-8.018
55021.74	-8.018
55022.74	-8.015
55023.74	-8.017
55024.74	-8.018
55025.74	-8.016
55026.74	-8.016
55027.74	-8.015
55028.74	-8.014
55029.74	-8.01
55030.74	-8.015
55031.74	-8.013
55032.74	-8.016
55033.74	-8.019
55034.74	-8.018
55035.74	-8.017
55036.74	-8.018
55037.74	-8.019
55038.74	-8.02
55039.74	-8.017
55040.74	-8.017
55041.74	-8.017
55042.74	-8.018
55043.74	-8.017
55044.74	-8.017
55045.74	-8.018
55046.74	-8.014
55047.74	-8.016
55048.74	-8.016
55049.74	-8.018
55050.74	-8.017
55051.74	-8.015
55052.74	-8.015
55053.74	-8.018
55054.74	-8.017
55055.74	-8.016
55056.74	-8.014
55057.74	-8.021
55058.74	-8.015
55059.74	-8.017
55060.74	-8.013
55061.74	-8.013
55062.74	-8.016
55063.74	-8.019
55064.74	-8.017
55065.74	-8.015
55066.74	-8.016
55067.74	-8.016
55068.74	-8.015
55069.74	-8.019
55070.74	-8.016
55071.74	-8.022
55072.74	-8.017
55073.74	-8.015
55074.74	-8.017
55075.74	-8.014
55076.74	-8.018
55077.74	-8.017
55078.74	-8.016
55079.74	-8.018
55080.74	-8.017
55081.74	-8.019
55082.74	-8.015
55083.74	-8.015
55084.74	-8.013
55085.74	-8.011
55086.74	-8.019
55087.74	-8.018
55088.74	-8.017
55089.74	-8.014
55090.74	-8.017
55091.74	-8.014
55092.74	-8.017
55093.74	-8.016
55094.74	-8.018
55095.74	-8.016
55096.74	-8.017
55097.74	-8.017
55098.74	-8.013
55099.74	-8.013
55100.74	-8.017
55101.74	-8.016
55102.74	-8.016
55103.74	-8.016
55104.74	-8.019
55105.74	-8.018
55106.74	-8.018
55107.74	-8.018
55108.74	-8.012
55109.74	-8.015
55110.74	-8.018
55111.74	-8.016
55112.74	-8.018
55113.74	-8.018
55114.74	-8.017
55115.74	-8.017
55116.74	-8.018
55117.74	-8.018
55118.74	-8.017
55119.74	-8.017
55120.74	-8.016
55121.74	-8.017
55122.74	-8.018
55123.74	-8.018
55124.74	-8.017
55125.74	-8.016
55126.74	-8.017
55127.74	-8.016
55128.74	-8.018
55129.74	-8.016
55130.74	-8.016
55131.74	-8.016
55132.74	-8.015
55133.74	-8.016
55134.74	-8.017
55135.74	-8.018
55136.74	-8.017
55137.74	-8.017
55138.74	-8.016
55139.74	-8.015
55140.74	-8.017
55141.74	-8.017
55142.74	-8.018
55143.74	-8.017
55144.74	-8.016
55145.74	-8.017
55146.74	-8.018
55147.74	-8.017
55148.74	-8.019
55149.74	-8.018
55150.74	-8.017
55151.74	-8.018
55152.74	-8.016
55153.74	-8.017
55154.74	-8.016
55155.74	-8.017
55156.74	-8.018
55157.74	-8.016
55158.74	-8.016
55159.74	-8.016
55160.74	-8.017
55161.74	-8.021
55162.74	-8.02
55163.74	-8.02
55164.74	-8.025
55165.74	-8.021
55166.74	-8.022
55167.74	-8.022
55168.74	-8.021
55169.74	-8.021
55170.74	-8.022
55171.74	-8.024
55172.74	-8.021
55173.74	-8.022
55174.74	-8.022
55175.74	-8.023
55176.74	-8.024
55177.74	-8.02
55178.74	-8.021
55179.74	-8.023
55180.74	-8.024
55181.74	-8.023
55182.74	-8.026
55183.74	-8.021
55184.74	-8.023
55185.74	-8.024
55186.74	-8.021
55187.74	-8.023
55188.74	-8.019
55189.74	-8.019
55190.74	-8.02
55191.74	-8.022
55192.74	-8.023
55193.74	-8.023
55194.74	-8.022
55195.74	-8.024
55196.74	-8.022
55197.74	-8.023
55198.74	-8.022
55199.74	-8.021
55200.74	-8.023
55201.74	-8.023
55202.74	-8.019
55203.74	-8.021
55204.74	-8.02
55205.74	-8.02
55206.74	-8.021
55207.74	-8.023
55208.74	-8.022
55209.74	-8.022
55210.74	-8.022
55211.74	-8.02
55212.74	-8.022
55213.74	-8.022
55214.74	-8.022
55215.74	-8.02
55216.74	-8.021
55217.74	-8.02
55218.74	-8.02
55219.74	-8.023
55220.74	-8.021
55221.74	-8.02
55222.74	-8.023
55223.74	-8.023
55224.74	-8.022
55225.74	-8.021
55226.74	-8.021
55227.74	-8.021
55228.74	-8.024
55229.74	-8.02
55230.74	-8.023
55231.74	-8.021
55232.74	-8.022
55233.74	-8.022
55234.74	-8.02
55235.74	-8.018
55236.74	-8.02
55237.74	-8.024
55238.74	-8.022
55239.74	-8.019
55240.74	-8.023
55241.74	-8.022
55242.74	-8.023
55243.74	-8.02
55244.74	-8.02
55245.74	-8.023
55246.74	-8.023
55247.74	-8.022
55248.74	-8.022
55249.74	-8.023
55250.74	-8.022
55251.74	-8.021
55252.74	-8.022
55253.74	-8.021
55254.74	-8.022
55255.74	-8.025
55256.74	-8.024
55257.74	-8.023
55258.74	-8.021
55259.74	-8.023
55260.74	-8.022
55261.74	-8.025
55262.74	-8.022
55263.74	-8.026
55264.74	-8.023
55265.74	-8.025
55266.74	-8.024
55267.74	-8.019
55268.74	-8.021
55269.74	-8.019
55270.74	-8.026
55271.74	-8.019
55272.74	-8.027
55273.74	-8.023
55274.74	-8.021
55275.74	-8.023
55276.74	-8.024
55277.74	-8.022
55278.74	-8.024
55279.74	-8.022
55280.74	-8.018
55281.74	-8.02
55282.74	-8.02
55283.74	-8.021
55284.74	-8.025
55285.74	-8.021
55286.74	-8.022
55287.74	-8.022
55288.74	-8.023
55289.74	-8.024
55290.74	-8.025
55291.74	-8.023
55292.74	-8.02
55293.74	-8.021
55294.74	-8.025
55295.74	-8.026
55296.74	-8.024
55297.74	-8.021
55298.74	-8.021
55299.74	-8.024
55300.74	-8.025
55301.74	-8.024
55302.74	-8.023
55303.74	-8.022
55304.74	-8.022
55305.74	-8.023
55306.74	-8.023
55307.74	-8.02
55308.74	-8.021
55309.74	-8.024
55310.74	-8.022
55311.74	-8.024
55312.74	-8.022
55313.74	-8.021
55314.74	-8.022
55315.74	-8.021
55316.74	-8.02
55317.74	-8.022
55318.74	-8.022
55319.74	-8.023
55320.74	-8.023
55321.74	-8.025
55322.74	-8.022
55323.74	-8.026
55324.74	-8.019
55325.74	-8.024
55326.74	-8.022
55327.74	-8.022
55328.74	-8.022
55329.74	-8.02
55330.74	-8.024
55331.74	-8.022
55332.74	-8.024
55333.74	-8.02
55334.74	-8.024
55335.74	-8.021
55336.74	-8.023
55337.74	-8.024
55338.74	-8.025
55339.74	-8.019
55340.74	-8.021
55341.74	-8.022
55342.74	-8.022
55343.74	-8.023
55344.74	-8.023
55345.74	-8.022
55346.74	-8.025
55347.74	-8.024
55348.74	-8.023
55349.74	-8.021
55350.74	-8.023
55351.74	-8.022
55352.74	-8.025
55353.74	-8.025
55354.74	-8.02
55355.74	-8.025
55356.74	-8.022
55357.74	-8.027
55358.74	-8.024
55359.74	-8.022
55360.74	-8.024
55361.74	-8.021
55362.74	-8.024
55363.74	-8.025
55364.74	-8.021
55365.74	-8.022
55366.74	-8.02
55367.74	-8.019
55368.74	-8.023
55369.74	-8.021
55370.74	-8.021
55371.74	-8.023
55372.74	-8.023
55373.74	-8.023
55374.74	-8.022
55375.74	-8.024
55376.74	-8.026
55377.74	-8.023
55378.74	-8.02
55379.74	-8.022
55380.74	-8.023
55381.74	-8.022
55382.74	-8.024
55383.74	-8.024
55384.74	-8.022
55385.74	-8.021
55386.74	-8.023
55387.74	-8.021
55388.74	-8.022
55389.74	-8.018
55390.74	-8.023
55391.74	-8.019
55392.74	-8.022
55393.74	-8.023
55394.74	-8.025
55395.74	-8.021
55396.74	-8.021
55397.74	-8.021
55398.74	-8.027
55399.74	-8.021
55400.74	-8.023
55401.74	-8.023
55402.74	-8.02
55403.74	-8.021
55404.74	-8.021
55405.74	-8.02
55406.74	-8.02
55407.74	-8.02
55408.74	-8.025
55409.74	-8.024
55410.74	-8.022
55411.74	-8.021
55412.74	-8.023
55413.74	-8.024
55414.74	-8.023
55415.74	-8.022
55416.74	-8.02
55417.74	-8.019
55418.74	-8.02
55419.74	-8.023
55420.74	-8.021
55421.74	-8.024
55422.74	-8.021
55423.74	-8.021
55424.74	-8.022
55425.74	-8.021
55426.74	-8.022
55427.74	-8.023
55428.74	-8.023
55429.74	-8.022
55430.74	-8.023
55431.74	-8.024
55432.74	-8.021
55433.74	-8.021
55434.74	-8.021
55435.74	-8.022
55436.74	-8.02
55437.74	-8.02
55438.74	-8.021
55439.74	-8.02
55440.74	-8.02
55441.74	-8.023
55442.74	-8.023
55443.74	-8.022
55444.74	-8.023
55445.74	-8.022
55446.74	-8.022
55447.74	-8.023
55448.74	-8.024
55449.74	-8.024
55450.74	-8.022
55451.74	-8.022
55452.74	-8.021
55453.74	-8.023
55454.74	-8.024
55455.74	-8.022
55456.74	-8.024
55457.74	-8.023
55458.74	-8.023
55459.74	-8.021
55460.74	-8.022
55461.74	-8.023
55462.74	-8.023
55463.74	-8.02
55464.74	-8.023
55465.74	-8.022
55466.74	-8.023
55467.74	-8.025
55468.74	-8.024
55469.74	-8.022
55470.74	-8.023
55471.74	-8.021
55472.74	-8.022
55473.74	-8.021
55474.74	-8.022
55475.74	-8.021
55476.74	-8.023
55477.74	-8.02
55478.74	-8.023
55479.74	-8.023
55480.74	-8.023
55481.74	-8.021
55482.74	-8.022
55483.74	-8.025
55484.74	-8.023
55485.74	-8.022
55486.74	-8.022
55487.74	-8.021
55488.74	-8.02
55489.74	-8.023
55490.74	-8.023
55491.74	-8.021
55492.74	-8.021
55493.74	-8.022
55494.74	-8.023
55495.74	-8.022
55496.74	-8.02
55497.74	-8.025
55498.74	-8.021
55499.74	-8.023
55500.74	-8.023
55501.74	-8.023
55502.74	-8.022
55503.74	-8.023
55504.74	-8.024
55505.74	-8.023
55506.74	-8.025
55507.74	-8.023
55508.74	-8.024
55509.74	-8.022
55510.74	-8.025
55511.74	-8.02
55512.74	-8.021
55513.74	-8.024
55514.74	-8.022
55515.74	-8.022
55516.74	-8.023
55517.74	-8.023
55518.74	-8.024
55519.74	-8.024
55520.74	-8.022
55521.74	-8.022
55522.74	-8.024
55523.74	-8.023
55524.74	-8.024
55525.74	-8.021
55526.74	-8.021
55527.74	-8.025
55528.74	-8.022
55529.74	-8.022
55530.74	-8.022
55531.74	-8.021
55532.74	-8.023
55533.74	-8.024
55534.74	-8.023
55535.74	-8.025
55536.74	-8.023
55537.74	-8.025
55538.74	-8.021
55539.74	-8.022
55540.74	-8.023
55541.74	-8.021
55542.74	-8.02
55543.74	-8.025
55544.74	-8.022
55545.74	-8.021
55546.74	-8.023
55547.74	-8.021
55548.74	-8.023
55549.74	-8.024
55550.74	-8.025
55551.74	-8.023
55552.74	-8.024
55553.74	-8.022
55554.74	-8.023
55555.74	-8.022
55556.74	-8.021
55557.74	-8.022
55558.74	-8.025
55559.74	-8.021
55560.74	-8.023
55561.74	-8.024
55562.74	-8.024
55563.74	-8.023
55564.74	-8.023
55565.74	-8.024
55566.74	-8.023
55567.74	-8.023
55568.74	-8.022
55569.74	-8.022
55570.74	-8.023
55571.74	-8.022
55572.74	-8.022
55573.74	-8.02
55574.74	-8.021
55575.74	-8.023
55576.74	-8.024
55577.74	-8.026
55578.74	-8.022
55579.74	-8.023
55580.74	-8.022
55581.74	-8.023
55582.74	-8.021
55583.74	-8.022
55584.74	-8.023
55585.74	-8.023
55586.74	-8.023
55587.74	-8.019
55588.74	-8.023
55589.74	-8.022
55590.74	-8.02
55591.74	-8.026
55592.74	-8.023
55593.74	-8.022
55594.74	-8.024
55595.74	-8.021
55596.74	-8.023
55597.74	-8.021
55598.74	-8.021
55599.74	-8.022
55600.74	-8.022
55601.74	-8.02
55602.74	-8.025
55603.74	-8.022
55604.74	-8.025
55605.74	-8.023
55606.74	-8.021
55607.74	-8.025
55608.74	-8.021
55609.74	-8.024
55610.74	-8.022
55611.74	-8.018
55612.74	-8.023
55613.74	-8.02
55614.74	-8.025
55615.74	-8.021
55616.74	-8.025
55617.74	-8.021
55618.74	-8.024
55619.74	-8.021
55620.74	-8.025
55621.74	-8.019
55622.74	-8.021
55623.74	-8.022
55624.74	-8.02
55625.74	-8.019
55626.74	-8.021
55627.74	-8.022
55628.74	-8.023
55629.74	-8.024
55630.74	-8.022
55631.74	-8.024
55632.74	-8.022
55633.74	-8.018
55634.74	-8.023
55635.74	-8.02
55636.74	-8.021
55637.74	-8.024
55638.74	-8.021
55639.74	-8.024
55640.74	-8.023
55641.74	-8.022
55642.74	-8.023
55643.74	-8.023
55644.74	-8.02
55645.74	-8.024
55646.74	-8.023
55647.74	-8.019
55648.74	-8.027
55649.74	-8.021
55650.74	-8.023
55651.74	-8.023
55652.74	-8.023
55653.74	-8.023
55654.74	-8.022
55655.74	-8.025
55656.74	-8.025
55657.74	-8.023
55658.74	-8.023
55659.74	-8.021
55660.74	-8.026
55661.74	-8.025
55662.74	-8.022
55663.74	-8.022
55664.74	-8.023
55665.74	-8.024
55666.74	-8.021
55667.74	-8.025
55668.74	-8.022
55669.74	-8.027
55670.74	-8.026
55671.74	-8.022
55672.74	-8.021
55673.74	-8.022
55674.74	-8.021
55675.74	-8.024
55676.74	-8.024
55677.74	-8.024
55678.74	-8.023
55679.74	-8.025
55680.74	-8.024
55681.74	-8.024
55682.74	-8.023
55683.74	-8.023
55684.74	-8.026
55685.74	-8.024
55686.74	-8.022
55687.74	-8.022
55688.74	-8.024
55689.74	-8.023
55690.74	-8.022
55691.74	-8.024
55692.74	-8.022
55693.74	-8.025
55694.74	-8.025
55695.74	-8.023
55696.74	-8.021
55697.74	-8.024
55698.74	-8.024
55699.74	-8.022
55700.74	-8.021
55701.74	-8.022
55702.74	-8.023
55703.74	-8.025
55704.74	-8.022
55705.74	-8.025
55706.74	-8.023
55707.74	-8.024
55708.74	-8.022
55709.74	-8.025
55710.74	-8.021
55711.74	-8.023
55712.74	-8.022
55713.74	-8.023
55714.74	-8.021
55715.74	-8.024
55716.74	-8.021
55717.74	-8.022
55718.74	-8.022
55719.74	-8.024
55720.74	-8.022
55721.74	-8.024
55722.74	-8.022
55723.74	-8.022
55724.74	-8.023
55725.74	-8.025
55726.74	-8.022
55727.74	-8.022
55728.74	-8.025
55729.74	-8.024
55730.74	-8.022
55731.74	-8.021
55732.74	-8.023
55733.74	-8.022
55734.74	-8.024
55735.74	-8.023
55736.74	-8.024
55737.74	-8.022
55738.74	-8.023
55739.74	-8.024
55740.74	-8.019
55741.74	-8.025
55742.74	-8.019
55743.74	-8.024
55744.74	-8.024
55745.74	-8.025
55746.74	-8.024
55747.74	-8.022
55748.74	-8.022
55749.74	-8.022
55750.74	-8.024
55751.74	-8.023
55752.74	-8.025
55753.74	-8.025
55754.74	-8.023
55755.74	-8.022
55756.74	-8.023
55757.74	-8.023
55758.74	-8.022
55759.74	-8.023
55760.74	-8.022
55761.74	-8.022
55762.74	-8.021
55763.74	-8.021
55764.74	-8.023
55765.74	-8.022
55766.74	-8.022
55767.74	-8.023
55768.74	-8.024
55769.74	-8.024
55770.74	-8.024
55771.74	-8.027
55772.74	-8.026
55773.74	-8.024
55774.74	-8.022
55775.74	-8.021
55776.74	-8.025
55777.74	-8.023
55778.74	-8.025
55779.74	-8.023
55780.74	-8.024
55781.74	-8.023
55782.74	-8.022
55783.74	-8.024
55784.74	-8.023
55785.74	-8.023
55786.74	-8.022
55787.74	-8.024
55788.74	-8.024
55789.74	-8.025
55790.74	-8.024
55791.74	-8.022
55792.74	-8.025
55793.74	-8.023
55794.74	-8.021
55795.74	-8.023
55796.74	-8.022
55797.74	-8.021
55798.74	-8.022
55799.74	-8.021
55800.74	-8.023
55801.74	-8.024
55802.74	-8.022
55803.74	-8.021
55804.74	-8.023
55805.74	-8.021
55806.74	-8.022
55807.74	-8.024
55808.74	-8.022
55809.74	-8.022
55810.74	-8.022
55811.74	-8.023
55812.74	-8.021
55813.74	-8.023
55814.74	-8.021
55815.74	-8.025
55816.74	-8.021
55817.74	-8.022
55818.74	-8.025
55819.74	-8.022
55820.74	-8.022
55821.74	-8.023
55822.74	-8.022
55823.74	-8.021
55824.74	-8.024
55825.74	-8.023
55826.74	-8.022
55827.74	-8.021
55828.74	-8.022
55829.74	-8.024
55830.74	-8.025
55831.74	-8.022
55832.74	-8.025
55833.74	-8.022
55834.74	-8.023
55835.74	-8.022
55836.74	-8.022
55837.74	-8.02
55838.74	-8.024
55839.74	-8.02
55840.74	-8.022
55841.74	-8.022
55842.74	-8.02
55843.74	-8.021
55844.74	-8.02
55845.74	-8.024
55846.74	-8.023
55847.74	-8.025
55848.74	-8.022
55849.74	-8.024
55850.74	-8.023
55851.74	-8.026
55852.74	-8.023
55853.74	-8.025
55854.74	-8.025
55855.74	-8.023
55856.74	-8.022
55857.74	-8.025
55858.74	-8.022
55859.74	-8.022
55860.74	-8.024
55861.74	-8.025
55862.74	-8.024
55863.74	-8.021
55864.74	-8.022
55865.74	-8.023
55866.74	-8.022
55867.74	-8.021
55868.74	-8.021
55869.74	-8.023
55870.74	-8.023
55871.74	-8.023
55872.74	-8.024
55873.74	-8.021
55874.74	-8.022
55875.74	-8.026
55876.74	-8.022
55877.74	-8.022
55878.74	-8.023
55879.74	-8.025
55880.74	-8.021
55881.74	-8.021
55882.74	-8.023
55883.74	-8.021
55884.74	-8.025
55885.74	-8.022
55886.74	-8.02
55887.74	-8.023
55888.74	-8.024
55889.74	-8.026
55890.74	-8.022
55891.74	-8.022
55892.74	-8.024
55893.74	-8.023
55894.74	-8.021
55895.74	-8.021
55896.74	-8.024
55897.74	-8.023
55898.74	-8.022
55899.74	-8.022
55900.74	-8.023
55901.74	-8.02
55902.74	-8.021
55903.74	-8.023
55904.74	-8.023
55905.74	-8.024
55906.74	-8.02
55907.74	-8.023
55908.74	-8.023
55909.74	-8.022
55910.74	-8.022
55911.74	-8.024
55912.74	-8.023
55913.74	-8.022
55914.74	-8.023
55915.74	-8.022
55916.74	-8.022
55917.74	-8.023
55918.74	-8.021
55919.74	-8.022
55920.74	-8.02
55921.74	-8.023
55922.74	-8.022
55923.74	-8.021
55924.74	-8.025
55925.74	-8.024
55926.74	-8.021
55927.74	-8.022
55928.74	-8.024
55929.74	-8.022
55930.74	-8.023
55931.74	-8.023
55932.74	-8.021
55933.74	-8.02
55934.74	-8.022
55935.74	-8.024
55936.74	-8.023
55937.74	-8.024
55938.74	-8.022
55939.74	-8.024
55940.74	-8.023
55941.74	-8.022
55942.74	-8.024
55943.74	-8.024
55944.74	-8.023
55945.74	-8.024
55946.74	-8.022
55947.74	-8.02
55948.74	-8.023
55949.74	-8.018
55950.74	-8.02
55951.74	-8.022
55952.74	-8.025
55953.74	-8.022
55954.74	-8.022
55955.74	-8.021
55956.74	-8.025
55957.74	-8.022
55958.74	-8.024
55959.74	-8.022
55960.74	-8.023
55961.74	-8.026
55962.74	-8.02
55963.74	-8.021
55964.74	-8.023
55965.74	-8.021
55966.74	-8.021
55967.74	-8.02
55968.74	-8.02
55969.74	-8.021
55970.74	-8.024
55971.74	-8.023
55972.74	-8.023
55973.74	-8.024
55974.74	-8.025
55975.74	-8.026
55976.74	-8.021
55977.74	-8.024
55978.74	-8.022
55979.74	-8.021
55980.74	-8.022
55981.74	-8.023
55982.74	-8.023
55983.74	-8.021
55984.74	-8.023
55985.74	-8.022
55986.74	-8.022
55987.74	-8.022
55988.74	-8.024
55989.74	-8.022
55990.74	-8.022
55991.74	-8.023
55992.74	-8.023
55993.74	-8.022
55994.74	-8.024
55995.74	-8.021
55996.74	-8.021
55997.74	-8.025
55998.74	-8.023
55999.74	-8.022
56000.74	-8.025
56001.74	-8.024
56002.74	-8.021
56003.74	-8.024
56004.74	-8.021
56005.74	-8.022
56006.74	-8.023
56007.74	-8.021
56008.74	-8.023
56009.74	-8.022
56010.74	-8.024
56011.74	-8.022
56012.74	-8.021
56013.74	-8.022
56014.74	-8.025
56015.74	-8.024
56016.74	-8.023
56017.74	-8.021
56018.74	-8.023
56019.74	-8.023
56020.74	-8.025
56021.74	-8.022
56022.74	-8.022
56023.74	-8.024
56024.74	-8.022
56025.74	-8.024
56026.74	-8.022
56027.74	-8.026
56028.74	-8.025
56029.74	-8.022
56030.74	-8.025
56031.74	-8.025
56032.74	-8.024
56033.74	-8.024
56034.74	-8.023
56035.74	-8.021
56036.74	-8.021
56037.74	-8.023
56038.74	-8.024
56039.74	-8.024
56040.74	-8.024
56041.74	-8.023
56042.74	-8.024
56043.74	-8.022
56044.74	-8.025
56045.74	-8.024
56046.74	-8.021
56047.74	-8.025
56048.74	-8.026
56049.74	-8.023
56050.74	-8.023
56051.74	-8.025
56052.74	-8.022
56053.74	-8.024
56054.74	-8.024
56055.74	-8.024
56056.74	-8.024
56057.74	-8.02
56058.74	-8.026
56059.74	-8.023
56060.74	-8.022
56061.74	-8.022
56062.74	-8.025
56063.74	-8.022
56064.74	-8.022
56065.74	-8.027
56066.74	-8.023
56067.74	-8.026
56068.74	-8.025
56069.74	-8.024
56070.74	-8.023
56071.74	-8.025
56072.74	-8.026
56073.74	-8.022
56074.74	-8.024
56075.74	-8.023
56076.74	-8.022
56077.74	-8.023
56078.74	-8.022
56079.74	-8.022
56080.74	-8.023
56081.74	-8.027
56082.74	-8.023
56083.74	-8.023
56084.74	-8.024
56085.74	-8.025
56086.74	-8.025
56087.74	-8.021
56088.74	-8.023
56089.74	-8.027
56090.74	-8.024
56091.74	-8.024
56092.74	-8.024
56093.74	-8.023
56094.74	-8.022
56095.74	-8.024
56096.74	-8.025
56097.74	-8.026
56098.74	-8.023
56099.74	-8.024
56100.74	-8.024
56101.74	-8.025
56102.74	-8.023
56103.74	-8.024
56104.74	-8.024
56105.74	-8.022
56106.74	-8.022
56107.74	-8.026
56108.74	-8.026
56109.74	-8.023
56110.74	-8.025
56111.74	-8.023
56112.74	-8.024
56113.74	-8.025
56114.74	-8.026
56115.74	-8.023
56116.74	-8.023
56117.74	-8.026
56118.74	-8.024
56119.74	-8.023
56120.74	-8.023
56121.74	-8.027
56122.74	-8.023
56123.74	-8.023
56124.74	-8.025
56125.74	-8.022
56126.74	-8.022
56127.74	-8.023
56128.74	-8.028
56129.74	-8.025
56130.74	-8.024
56131.74	-8.025
56132.74	-8.024
56133.74	-8.023
56134.74	-8.022
56135.74	-8.023
56136.74	-8.022
56137.74	-8.021
56138.74	-8.02
56139.74	-8.022
56140.74	-8.024
56141.74	-8.024
56142.74	-8.022
56143.74	-8.023
56144.74	-8.024
56145.74	-8.022
56146.74	-8.022
56147.74	-8.023
56148.74	-8.022
56149.74	-8.023
56150.74	-8.026
56151.74	-8.021
56152.74	-8.023
56153.74	-8.024
56154.74	-8.023
56155.74	-8.023
56156.74	-8.025
56157.74	-8.024
56158.74	-8.022
56159.74	-8.024
56160.74	-8.026
56161.74	-8.024
56162.74	-8.023
56163.74	-8.023
56164.74	-8.026
56165.74	-8.023
56166.74	-8.02
56167.74	-8.022
56168.74	-8.026
56169.74	-8.024
56170.74	-8.025
56171.74	-8.024
56172.74	-8.025
56173.74	-8.024
56174.74	-8.026
56175.74	-8.023
56176.74	-8.026
56177.74	-8.02
56178.74	-8.023
56179.74	-8.024
56180.74	-8.025
56181.74	-8.022
56182.74	-8.027
56183.74	-8.026
56184.74	-8.022
56185.74	-8.025
56186.74	-8.02
56187.74	-8.023
56188.74	-8.026
56189.74	-8.024
56190.74	-8.021
56191.74	-8.023
56192.74	-8.022
56193.74	-8.023
56194.74	-8.022
56195.74	-8.021
56196.74	-8.023
56197.74	-8.024
56198.74	-8.024
56199.74	-8.022
56200.74	-8.022
56201.74	-8.023
56202.74	-8.025
56203.74	-8.024
56204.74	-8.023
56205.74	-8.025
56206.74	-8.022
56207.74	-8.024
56208.74	-8.023
56209.74	-8.025
56210.74	-8.02
56211.74	-8.023
56212.74	-8.026
56213.74	-8.024
56214.74	-8.022
56215.74	-8.02
56216.74	-8.023
56217.74	-8.022
56218.74	-8.022
56219.74	-8.022
56220.74	-8.023
56221.74	-8.025
56222.74	-8.023
56223.74	-8.024
56224.74	-8.023
56225.74	-8.024
56226.74	-8.024
56227.74	-8.023
56228.74	-8.024
56229.74	-8.023
56230.74	-8.026
56231.74	-8.023
56232.74	-8.024
56233.74	-8.021
56234.74	-8.022
56235.74	-8.02
56236.74	-8.02
56237.74	-8.026
56238.74	-8.021
56239.74	-8.023
56240.74	-8.023
56241.74	-8.025
56242.74	-8.026
56243.74	-8.023
56244.74	-8.022
56245.74	-8.024
56246.74	-8.022
56247.74	-8.024
56248.74	-8.025
56249.74	-8.023
56250.74	-8.025
56251.74	-8.023
56252.74	-8.026
56253.74	-8.022
56254.74	-8.025
56255.74	-8.022
56256.74	-8.024
56257.74	-8.025
56258.74	-8.023
56259.74	-8.021
56260.74	-8.021
56261.74	-8.022
56262.74	-8.027
56263.74	-8.022
56264.74	-8.024
56265.74	-8.022
56266.74	-8.023
56267.74	-8.023
56268.74	-8.025
56269.74	-8.023
56270.74	-8.022
56271.74	-8.025
56272.74	-8.028
56273.74	-8.025
56274.74	-8.023
56275.74	-8.024
56276.74	-8.022
56277.74	-8.024
56278.74	-8.025
56279.74	-8.023
56280.74	-8.023
56281.74	-8.025
56282.74	-8.02
56283.74	-8.024
56284.74	-8.023
56285.74	-8.022
56286.74	-8.025
56287.74	-8.026
56288.74	-8.025
56289.74	-8.021
56290.74	-8.023
56291.74	-8.024
56292.74	-8.025
56293.74	-8.023
56294.74	-8.024
56295.74	-8.022
56296.74	-8.025
56297.74	-8.023
56298.74	-8.026
56299.74	-8.021
56300.74	-8.023
56301.74	-8.023
56302.74	-8.021
56303.74	-8.022
56304.74	-8.024
56305.74	-8.025
56306.74	-8.022
56307.74	-8.022
56308.74	-8.021
56309.74	-8.024
56310.74	-8.022
56311.74	-8.021
56312.74	-8.024
56313.74	-8.022
56314.74	-8.022
56315.74	-8.021
56316.74	-8.023
56317.74	-8.022
56318.74	-8.024
56319.74	-8.023
56320.74	-8.022
56321.74	-8.023
56322.74	-8.025
56323.74	-8.023
56324.74	-8.02
56325.74	-8.025
56326.74	-8.025
56327.74	-8.024
56328.74	-8.026
56329.74	-8.027
56330.74	-8.026
56331.74	-8.023
56332.74	-8.024
56333.74	-8.022
56334.74	-8.026
56335.74	-8.024
56336.74	-8.025
56337.74	-8.024
56338.74	-8.023
56339.74	-8.022
56340.74	-8.022
56341.74	-8.024
56342.74	-8.024
56343.74	-8.022
56344.74	-8.023
56345.74	-8.021
56346.74	-8.024
56347.74	-8.023
56348.74	-8.021
56349.74	-8.022
56350.74	-8.024
56351.74	-8.025
56352.74	-8.024
56353.74	-8.024
56354.74	-8.025
56355.74	-8.024
56356.74	-8.022
56357.74	-8.022
56358.74	-8.025
56359.74	-8.024
56360.74	-8.022
56361.74	-8.024
56362.74	-8.023
56363.74	-8.022
56364.74	-8.023
56365.74	-8.025
56366.74	-8.023
56367.74	-8.024
56368.74	-8.023
56369.74	-8.022
56370.74	-8.025
56371.74	-8.023
56372.74	-8.023
56373.74	-8.024
56374.74	-8.023
56375.74	-8.023
56376.74	-8.026
56377.74	-8.023
56378.74	-8.022
56379.74	-8.024
56380.74	-8.024
56381.74	-8.025
56382.74	-8.024
56383.74	-8.025
56384.74	-8.023
56385.74	-8.024
56386.74	-8.025
56387.74	-8.023
56388.74	-8.029
56389.74	-8.025
56390.74	-8.025
56391.74	-8.027
56392.74	-8.025
56393.74	-8.026
56394.74	-8.025
56395.74	-8.022
56396.74	-8.023
56397.74	-8.024
56398.74	-8.024
56399.74	-8.025
56400.74	-8.027
56401.74	-8.024
56402.74	-8.023
56403.74	-8.024
56404.74	-8.023
56405.74	-8.023
56406.74	-8.021
56407.74	-8.024
56408.74	-8.024
56409.74	-8.023
56410.74	-8.024
56411.74	-8.021
56412.74	-8.022
56413.74	-8.026
56414.74	-8.022
56415.74	-8.022
56416.74	-8.026
56417.74	-8.022
56418.74	-8.026
56419.74	-8.022
56420.74	-8.024
56421.74	-8.023
56422.74	-8.026
56423.74	-8.025
56424.74	-8.026
56425.74	-8.025
56426.74	-8.025
56427.74	-8.02
56428.74	-8.028
56429.74	-8.02
56430.74	-8.024
56431.74	-8.019
56432.74	-8.023
56433.74	-8.021
56434.74	-8.025
56435.74	-8.023
56436.74	-8.022
56437.74	-8.024
56438.74	-8.025
56439.74	-8.024
56440.74	-8.025
56441.74	-8.022
56442.74	-8.026
56443.74	-8.022
56444.74	-8.022
56445.74	-8.024
56446.74	-8.023
56447.74	-8.024
56448.74	-8.022
56449.74	-8.025
56450.74	-8.022
56451.74	-8.025
56452.74	-8.023
56453.74	-8.022
56454.74	-8.024
56455.74	-8.023
56456.74	-8.022
56457.74	-8.025
56458.74	-8.024
56459.74	-8.023
56460.74	-8.021
56461.74	-8.023
56462.74	-8.021
56463.74	-8.022
56464.74	-8.022
56465.74	-8.023
56466.74	-8.024
56467.74	-8.021
56468.74	-8.021
56469.74	-8.025
56470.74	-8.019
56471.74	-8.026
56472.74	-8.024
56473.74	-8.022
56474.74	-8.023
56475.74	-8.02
56476.74	-8.025
56477.74	-8.022
56478.74	-8.024
56479.74	-8.02
56480.74	-8.02
56481.74	-8.023
56482.74	-8.024
56483.74	-8.024
56484.74	-8.02
56485.74	-8.02
56486.74	-8.025
56487.74	-8.023
56488.74	-8.025
56489.74	-8.024
56490.74	-8.022
56491.74	-8.021
56492.74	-8.025
56493.74	-8.024
56494.74	-8.023
56495.74	-8.022
56496.74	-8.024
56497.74	-8.025
56498.74	-8.026
56499.74	-8.023
56500.74	-8.023
56501.74	-8.025
56502.74	-8.029
56503.74	-8.026
56504.74	-8.023
56505.74	-8.022
56506.74	-8.022
56507.74	-8.024
56508.74	-8.025
56509.74	-8.025
56510.74	-8.023
56511.74	-8.022
56512.74	-8.022
56513.74	-8.022
56514.74	-8.024
56515.74	-8.025
56516.74	-8.023
56517.74	-8.026
56518.74	-8.023
56519.74	-8.024
56520.74	-8.022
56521.74	-8.023
56522.74	-8.028
56523.74	-8.022
56524.74	-8.022
56525.74	-8.024
56526.74	-8.024
56527.74	-8.022
56528.74	-8.024
56529.74	-8.022
56530.74	-8.021
56531.74	-8.022
56532.74	-8.024
56533.74	-8.022
56534.74	-8.022
56535.74	-8.023
56536.74	-8.021
56537.74	-8.022
56538.74	-8.023
56539.74	-8.022
56540.74	-8.02
56541.74	-8.023
56542.74	-8.019
56543.74	-8.023
56544.74	-8.021
56545.74	-8.021
56546.74	-8.022
56547.74	-8.023
56548.74	-8.025
56549.74	-8.023
56550.74	-8.016
56551.74	-8.019
56552.74	-8.018
56553.74	-8.016
56554.74	-8.015
56555.74	-8.019
56556.74	-8.015
56557.74	-8.017
56558.74	-8.017
56559.74	-8.011
56560.74	-8.012
56561.74	-8.013
56562.74	-8.016
56563.74	-8.018
56564.74	-8.011
56565.74	-8.018
56566.74	-8.015
56567.74	-8.018
56568.74	-8.012
56569.74	-8.018
56570.74	-8.01
56571.74	-8.018
56572.74	-8.019
56573.74	-8.014
56574.74	-8.018
56575.74	-8.009
56576.74	-8.017
56577.74	-8.016
56578.74	-8.016
56579.74	-8.017
56580.74	-8.018
56581.74	-8.016
56582.74	-8.018
56583.74	-8.014
56584.74	-8.016
56585.74	-8.021
56586.74	-8.01
56587.74	-8.016
56588.74	-8.017
56589.74	-8.016
56590.74	-8.018
56591.74	-8.016
56592.74	-8.018
56593.74	-8.016
56594.74	-8.015
56595.74	-8.017
56596.74	-8.015
56597.74	-8.016
56598.74	-8.014
56599.74	-8.017
56600.74	-8.015
56601.74	-8.014
56602.74	-8.018
56603.74	-8.017
56604.74	-8.015
56605.74	-8.016
56606.74	-8.019
56607.74	-8.014
56608.74	-8.017
56609.74	-8.018
56610.74	-8.013
56611.74	-8.016
56612.74	-8.02
56613.74	-8.016
56614.74	-8.018
56615.74	-8.018
56616.74	-8.017
56617.74	-8.017
56618.74	-8.012
56619.74	-8.019
56620.74	-8.018
56621.74	-8.021
56622.74	-8.016
56623.74	-8.018
56624.74	-8.018
56625.74	-8.016
56626.74	-8.018
56627.74	-8.017
56628.74	-8.014
56629.74	-8.015
56630.74	-8.014
56631.74	-8.019
56632.74	-8.014
56633.74	-8.018
56634.74	-8.016
56635.74	-8.017
56636.74	-8.018
56637.74	-8.018
56638.74	-8.016
56639.74	-8.017
56640.74	-8.019
56641.74	-8.017
56642.74	-8.015
56643.74	-8.018
56644.74	-8.018
56645.74	-8.02
56646.74	-8.012
56647.74	-8.018
56648.74	-8.011
56649.74	-8.015
56650.74	-8.015
56651.74	-8.019
56652.74	-8.015
56653.74	-8.018
56654.74	-8.017
56655.74	-8.015
56656.74	-8.018
56657.74	-8.015
56658.74	-8.017
56659.74	-8.018
56660.74	-8.016
56661.74	-8.018
56662.74	-8.016
56663.74	-8.019
56664.74	-8.018
56665.74	-8.016
56666.74	-8.018
56667.74	-8.016
56668.74	-8.017
56669.74	-8.018
56670.74	-8.019
56671.74	-8.018
56672.74	-8.017
56673.74	-8.015
56674.74	-8.018
56675.74	-8.018
56676.74	-8.019
56677.74	-8.016
56678.74	-8.017
56679.74	-8.018
56680.74	-8.018
56681.74	-8.017
56682.74	-8.019
56683.74	-8.023
56684.74	-8.021
56685.74	-8.02
56686.74	-8.016
56687.74	-8.018
56688.74	-8.017
56689.74	-8.02
56690.74	-8.016
56691.74	-8.014
56692.74	-8.017
56693.74	-8.018
56694.74	-8.017
56695.74	-8.018
56696.74	-8.019
56697.74	-8.017
56698.74	-8.015
56699.74	-8.018
56700.74	-8.015
56701.74	-8.016
56702.74	-8.019
56703.74	-8.018
56704.74	-8.012
56705.74	-8.016
56706.74	-8.015
56707.74	-8.019
56708.74	-8.017
56709.74	-8.018
56710.74	-8.018
56711.74	-8.019
56712.74	-8.018
56713.74	-8.012
56714.74	-8.017
56715.74	-8.019
56716.74	-8.02
56717.74	-8.019
56718.74	-8.022
56719.74	-8.023
56720.74	-8.025
56721.74	-8.019
56722.74	-8.021
56723.74	-8.021
56724.74	-8.02
56725.74	-8.022
56726.74	-8.022
56727.74	-8.024
56728.74	-8.025
56729.74	-8.023
56730.74	-8.02
56731.74	-8.02
56732.74	-8.024
56733.74	-8.024
56734.74	-8.02
56735.74	-8.022
56736.74	-8.023
56737.74	-8.025
56738.74	-8.022
56739.74	-8.022
56740.74	-8.022
56741.74	-8.02
56742.74	-8.024
56743.74	-8.027
56744.74	-8.021
56745.74	-8.025
56746.74	-8.021
56747.74	-8.021
56748.74	-8.021
56749.74	-8.02
56750.74	-8.018
56751.74	-8.02
56752.74	-8.02
56753.74	-8.024
56754.74	-8.022
56755.74	-8.022
56756.74	-8.021
56757.74	-8.022
56758.74	-8.024
56759.74	-8.022
56760.74	-8.021
56761.74	-8.021
56762.74	-8.02
56763.74	-8.025
56764.74	-8.023
56765.74	-8.024
56766.74	-8.022
56767.74	-8.023
56768.74	-8.022
56769.74	-8.023
56770.74	-8.019
56771.74	-8.021
56772.74	-8.024
56773.74	-8.022
56774.74	-8.022
56775.74	-8.023
56776.74	-8.021
56777.74	-8.024
56778.74	-8.024
56779.74	-8.022
56780.74	-8.019
56781.74	-8.02
56782.74	-8.022
56783.74	-8.023
56784.74	-8.022
56785.74	-8.024
56786.74	-8.02
56787.74	-8.025
56788.74	-8.021
56789.74	-8.023
56790.74	-8.022
56791.74	-8.02
56792.74	-8.023
56793.74	-8.023
56794.74	-8.021
56795.74	-8.022
56796.74	-8.024
56797.74	-8.019
56798.74	-8.024
56799.74	-8.021
56800.74	-8.019
56801.74	-8.022
56802.74	-8.023
56803.74	-8.021
56804.74	-8.023
56805.74	-8.022
56806.74	-8.025
56807.74	-8.023
56808.74	-8.024
56809.74	-8.024
56810.74	-8.023
56811.74	-8.023
56812.74	-8.024
56813.74	-8.025
56814.74	-8.021
56815.74	-8.022
56816.74	-8.023
56817.74	-8.022
56818.74	-8.022
56819.74	-8.022
56820.74	-8.024
56821.74	-8.023
56822.74	-8.022
56823.74	-8.02
56824.74	-8.019
56825.74	-8.022
56826.74	-8.024
56827.74	-8.023
56828.74	-8.022
56829.74	-8.024
56830.74	-8.024
56831.74	-8.021
56832.74	-8.025
56833.74	-8.024
56834.74	-8.021
56835.74	-8.022
56836.74	-8.022
56837.74	-8.023
56838.74	-8.024
56839.74	-8.024
56840.74	-8.023
56841.74	-8.024
56842.74	-8.024
56843.74	-8.025
56844.74	-8.02
56845.74	-8.02
56846.74	-8.023
56847.74	-8.024
56848.74	-8.023
56849.74	-8.022
56850.74	-8.025
56851.74	-8.022
56852.74	-8.023
56853.74	-8.021
56854.74	-8.021
56855.74	-8.026
56856.74	-8.023
56857.74	-8.02
56858.74	-8.021
56859.74	-8.024
56860.74	-8.021
56861.74	-8.023
56862.74	-8.023
56863.74	-8.022
56864.74	-8.02
56865.74	-8.022
56866.74	-8.021
56867.74	-8.021
56868.74	-8.026
56869.74	-8.021
56870.74	-8.024
56871.74	-8.023
56872.74	-8.019
56873.74	-8.021
56874.74	-8.023
56875.74	-8.022
56876.74	-8.023
56877.74	-8.021
56878.74	-8.024
56879.74	-8.021
56880.74	-8.022
56881.74	-8.022
56882.74	-8.021
56883.74	-8.021
56884.74	-8.021
56885.74	-8.025
56886.74	-8.021
56887.74	-8.022
56888.74	-8.022
56889.74	-8.018
56890.74	-8.022
56891.74	-8.023
56892.74	-8.024
56893.74	-8.022
56894.74	-8.023
56895.74	-8.02
56896.74	-8.024
56897.74	-8.024
56898.74	-8.023
56899.74	-8.022
56900.74	-8.022
56901.74	-8.024
56902.74	-8.027
56903.74	-8.023
56904.74	-8.023
56905.74	-8.024
56906.74	-8.023
56907.74	-8.02
56908.74	-8.02
56909.74	-8.022
56910.74	-8.023
56911.74	-8.022
56912.74	-8.023
56913.74	-8.023
56914.74	-8.023
56915.74	-8.022
56916.74	-8.023
56917.74	-8.023
56918.74	-8.021
56919.74	-8.022
56920.74	-8.02
56921.74	-8.021
56922.74	-8.021
56923.74	-8.021
56924.74	-8.022
56925.74	-8.022
56926.74	-8.024
56927.74	-8.021
56928.74	-8.022
56929.74	-8.021
56930.74	-8.024
56931.74	-8.026
56932.74	-8.021
56933.74	-8.02
56934.74	-8.018
56935.74	-8.02
56936.74	-8.022
56937.74	-8.023
56938.74	-8.021
56939.74	-8.023
56940.74	-8.021
56941.74	-8.022
56942.74	-8.023
56943.74	-8.026
56944.74	-8.024
56945.74	-8.025
56946.74	-8.022
56947.74	-8.024
56948.74	-8.022
56949.74	-8.02
56950.74	-8.02
56951.74	-8.025
56952.74	-8.022
56953.74	-8.025
56954.74	-8.023
56955.74	-8.022
56956.74	-8.02
56957.74	-8.022
56958.74	-8.024
56959.74	-8.022
56960.74	-8.021
56961.74	-8.021
56962.74	-8.026
56963.74	-8.024
56964.74	-8.02
56965.74	-8.023
56966.74	-8.023
56967.74	-8.022
56968.74	-8.021
56969.74	-8.021
56970.74	-8.026
56971.74	-8.021
56972.74	-8.023
56973.74	-8.022
56974.74	-8.021
56975.74	-8.021
56976.74	-8.019
56977.74	-8.02
56978.74	-8.022
56979.74	-8.02
56980.74	-8.021
56981.74	-8.023
56982.74	-8.021
56983.74	-8.023
56984.74	-8.021
56985.74	-8.023
56986.74	-8.018
56987.74	-8.025
56988.74	-8.02
56989.74	-8.022
56990.74	-8.022
56991.74	-8.021
56992.74	-8.025
56993.74	-8.021
56994.74	-8.023
56995.74	-8.024
56996.74	-8.02
56997.74	-8.018
56998.74	-8.02
56999.74	-8.02
57000.74	-8.021
57001.74	-8.021
57002.74	-8.021
57003.74	-8.024
57004.74	-8.023
57005.74	-8.022
57006.74	-8.024
57007.74	-8.023
57008.74	-8.024
57009.74	-8.027
57010.74	-8.02
57011.74	-8.022
57012.74	-8.021
57013.74	-8.021
57014.74	-8.024
57015.74	-8.021
57016.74	-8.021
57017.74	-8.022
57018.74	-8.025
57019.74	-8.023
57020.74	-8.02
57021.74	-8.021
57022.74	-8.021
57023.74	-8.023
57024.74	-8.024
57025.74	-8.022
57026.74	-8.021
57027.74	-8.024
57028.74	-8.023
57029.74	-8.023
57030.74	-8.021
57031.74	-8.02
57032.74	-8.02
57033.74	-8.023
57034.74	-8.023
57035.74	-8.024
57036.74	-8.024
57037.74	-8.021
57038.74	-8.022
57039.74	-8.022
57040.74	-8.023
57041.74	-8.023
57042.74	-8.022
57043.74	-8.022
57044.74	-8.024
57045.74	-8.025
57046.74	-8.021
57047.74	-8.021
57048.74	-8.024
57049.74	-8.021
57050.74	-8.02
57051.74	-8.023
57052.74	-8.021
57053.74	-8.021
57054.74	-8.024
57055.74	-8.022
57056.74	-8.021
57057.74	-8.024
57058.74	-8.024
57059.74	-8.019
57060.74	-8.024
57061.74	-8.02
57062.74	-8.023
57063.74	-8.023
57064.74	-8.022
57065.74	-8.024
57066.74	-8.021
57067.74	-8.021
57068.74	-8.022
57069.74	-8.024
57070.74	-8.022
57071.74	-8.024
57072.74	-8.024
57073.74	-8.022
57074.74	-8.024
57075.74	-8.023
57076.74	-8.025
57077.74	-8.023
57078.74	-8.023
57079.74	-8.025
57080.74	-8.024
57081.74	-8.023
57082.74	-8.022
57083.74	-8.022
57084.74	-8.023
57085.74	-8.022
57086.74	-8.02
57087.74	-8.021
57088.74	-8.021
57089.74	-8.024
57090.74	-8.024
57091.74	-8.022
57092.74	-8.024
57093.74	-8.025
57094.74	-8.025
57095.74	-8.023
57096.74	-8.02
57097.74	-8.02
57098.74	-8.023
57099.74	-8.023
57100.74	-8.025
57101.74	-8.023
57102.74	-8.024
57103.74	-8.023
57104.74	-8.023
57105.74	-8.024
57106.74	-8.024
57107.74	-8.024
57108.74	-8.022
57109.74	-8.022
57110.74	-8.023
57111.74	-8.023
57112.74	-8.022
57113.74	-8.022
57114.74	-8.025
57115.74	-8.027
57116.74	-8.023
57117.74	-8.024
57118.74	-8.024
57119.74	-8.022
57120.74	-8.022
57121.74	-8.026
57122.74	-8.025
57123.74	-8.022
57124.74	-8.022
57125.74	-8.022
57126.74	-8.024
57127.74	-8.022
57128.74	-8.024
57129.74	-8.026
57130.74	-8.021
57131.74	-8.02
57132.74	-8.021
57133.74	-8.022
57134.74	-8.026
57135.74	-8.023
57136.74	-8.023
57137.74	-8.022
57138.74	-8.024
57139.74	-8.021
57140.74	-8.023
57141.74	-8.021
57142.74	-8.024
57143.74	-8.024
57144.74	-8.022
57145.74	-8.021
57146.74	-8.022
57147.74	-8.023
57148.74	-8.026
57149.74	-8.024
57150.74	-8.023
57151.74	-8.02
57152.74	-8.022
57153.74	-8.02
57154.74	-8.021
57155.74	-8.025
57156.74	-8.022
57157.74	-8.023
57158.74	-8.023
57159.74	-8.022
57160.74	-8.025
57161.74	-8.025
57162.74	-8.025
57163.74	-8.022
57164.74	-8.022
57165.74	-8.025
57166.74	-8.027
57167.74	-8.024
57168.74	-8.024
57169.74	-8.026
57170.74	-8.022
57171.74	-8.023
57172.74	-8.023
57173.74	-8.024
57174.74	-8.025
57175.74	-8.022
57176.74	-8.022
57177.74	-8.021
57178.74	-8.021
57179.74	-8.022
57180.74	-8.024
57181.74	-8.026
57182.74	-8.023
57183.74	-8.023
57184.74	-8.023
57185.74	-8.026
57186.74	-8.025
57187.74	-8.025
57188.74	-8.025
57189.74	-8.025
57190.74	-8.026
57191.74	-8.021
57192.74	-8.022
57193.74	-8.025
57194.74	-8.025
57195.74	-8.022
57196.74	-8.023
57197.74	-8.026
57198.74	-8.021
57199.74	-8.022
57200.74	-8.023
57201.74	-8.022
57202.74	-8.026
57203.74	-8.022
57204.74	-8.024
57205.74	-8.024
57206.74	-8.023
57207.74	-8.022
57208.74	-8.021
57209.74	-8.021
57210.74	-8.023
57211.74	-8.023
57212.74	-8.022
57213.74	-8.021
57214.74	-8.024
57215.74	-8.024
57216.74	-8.022
57217.74	-8.023
57218.74	-8.024
57219.74	-8.023
57220.74	-8.023
57221.74	-8.024
57222.74	-8.024
57223.74	-8.023
57224.74	-8.022
57225.74	-8.024
57226.74	-8.024
57227.74	-8.022
57228.74	-8.023
57229.74	-8.024
57230.74	-8.023
57231.74	-8.021
57232.74	-8.02
57233.74	-8.023
57234.74	-8.022
57235.74	-8.024
57236.74	-8.023
57237.74	-8.022
57238.74	-8.024
57239.74	-8.025
57240.74	-8.023
57241.74	-8.024
57242.74	-8.024
57243.74	-8.022
57244.74	-8.022
57245.74	-8.021
57246.74	-8.024
57247.74	-8.022
57248.74	-8.022
57249.74	-8.022
57250.74	-8.021
57251.74	-8.022
57252.74	-8.023
57253.74	-8.024
57254.74	-8.021
57255.74	-8.023
57256.74	-8.025
57257.74	-8.024
57258.74	-8.023
57259.74	-8.023
57260.74	-8.022
57261.74	-8.022
57262.74	-8.021
57263.74	-8.021
57264.74	-8.022
57265.74	-8.023
57266.74	-8.023
57267.74	-8.023
57268.74	-8.021
57269.74	-8.024
57270.74	-8.026
57271.74	-8.024
57272.74	-8.025
57273.74	-8.023
57274.74	-8.024
57275.74	-8.025
57276.74	-8.024
57277.74	-8.022
57278.74	-8.023
57279.74	-8.024
57280.74	-8.021
57281.74	-8.021
57282.74	-8.022
57283.74	-8.023
57284.74	-8.019
57285.74	-8.023
57286.74	-8.023
57287.74	-8.022
57288.74	-8.024
57289.74	-8.023
57290.74	-8.025
57291.74	-8.023
57292.74	-8.023
57293.74	-8.024
57294.74	-8.023
57295.74	-8.021
57296.74	-8.024
57297.74	-8.023
57298.74	-8.027
57299.74	-8.023
57300.74	-8.023
57301.74	-8.022
57302.74	-8.024
57303.74	-8.025
57304.74	-8.022
57305.74	-8.024
57306.74	-8.025
57307.74	-8.026
57308.74	-8.022
57309.74	-8.02
57310.74	-8.023
57311.74	-8.024
57312.74	-8.024
57313.74	-8.026
57314.74	-8.023
57315.74	-8.022
57316.74	-8.024
57317.74	-8.022
57318.74	-8.021
57319.74	-8.021
57320.74	-8.022
57321.74	-8.024
57322.74	-8.026
57323.74	-8.024
57324.74	-8.023
57325.74	-8.024
57326.74	-8.025
57327.74	-8.024
57328.74	-8.023
57329.74	-8.022
57330.74	-8.023
57331.74	-8.026
57332.74	-8.024
57333.74	-8.022
57334.74	-8.025
57335.74	-8.021
57336.74	-8.024
57337.74	-8.021
57338.74	-8.025
57339.74	-8.024
57340.74	-8.024
57341.74	-8.024
57342.74	-8.024
57343.74	-8.023
57344.74	-8.026
57345.74	-8.023
57346.74	-8.023
57347.74	-8.024
57348.74	-8.024
57349.74	-8.025
57350.74	-8.024
57351.74	-8.021
57352.74	-8.023
57353.74	-8.024
57354.74	-8.024
57355.74	-8.024
57356.74	-8.025
57357.74	-8.025
57358.74	-8.024
57359.74	-8.024
57360.74	-8.025
57361.74	-8.025
57362.74	-8.022
57363.74	-8.023
57364.74	-8.022
57365.74	-8.022
57366.74	-8.021
57367.74	-8.026
57368.74	-8.023
57369.74	-8.024
57370.74	-8.02
57371.74	-8.022
57372.74	-8.022
57373.74	-8.024
57374.74	-8.024
57375.74	-8.024
57376.74	-8.024
57377.74	-8.025
57378.74	-8.021
57379.74	-8.024
57380.74	-8.022
57381.74	-8.027
57382.74	-8.023
57383.74	-8.025
57384.74	-8.023
57385.74	-8.025
57386.74	-8.025
57387.74	-8.025
57388.74	-8.022
57389.74	-8.024
57390.74	-8.023
57391.74	-8.023
57392.74	-8.023
57393.74	-8.022
57394.74	-8.024
57395.74	-8.022
57396.74	-8.021
57397.74	-8.023
57398.74	-8.023
57399.74	-8.024
57400.74	-8.024
57401.74	-8.025
57402.74	-8.022
57403.74	-8.025
57404.74	-8.027
57405.74	-8.023
57406.74	-8.022
57407.74	-8.024
57408.74	-8.025
57409.74	-8.023
57410.74	-8.027
57411.74	-8.027
57412.74	-8.024
57413.74	-8.026
57414.74	-8.026
57415.74	-8.026
57416.74	-8.025
57417.74	-8.024
57418.74	-8.026
57419.74	-8.024
57420.74	-8.025
57421.74	-8.026
57422.74	-8.023
57423.74	-8.022
57424.74	-8.022
57425.74	-8.026
57426.74	-8.025
57427.74	-8.022
57428.74	-8.024
57429.74	-8.023
57430.74	-8.025
57431.74	-8.026
57432.74	-8.019
57433.74	-8.022
57434.74	-8.024
57435.74	-8.024
57436.74	-8.026
57437.74	-8.024
57438.74	-8.024
57439.74	-8.024
57440.74	-8.023
57441.74	-8.022
57442.74	-8.024
57443.74	-8.024
57444.74	-8.023
57445.74	-8.022
57446.74	-8.026
57447.74	-8.021
57448.74	-8.023
57449.74	-8.019
57450.74	-8.022
57451.74	-8.022
57452.74	-8.024
57453.74	-8.024
57454.74	-8.023
57455.74	-8.021
57456.74	-8.023
57457.74	-8.025
57458.74	-8.023
57459.74	-8.022
57460.74	-8.025
57461.74	-8.023
57462.74	-8.024
57463.74	-8.021
57464.74	-8.025
57465.74	-8.021
57466.74	-8.025
57467.74	-8.024
57468.74	-8.024
57469.74	-8.023
57470.74	-8.022
57471.74	-8.021
57472.74	-8.025
57473.74	-8.021
57474.74	-8.024
57475.74	-8.022
57476.74	-8.022
57477.74	-8.023
57478.74	-8.026
57479.74	-8.022
57480.74	-8.023
57481.74	-8.023
57482.74	-8.026
57483.74	-8.023
57484.74	-8.022
57485.74	-8.024
57486.74	-8.023
57487.74	-8.024
57488.74	-8.024
57489.74	-8.022
57490.74	-8.024
57491.74	-8.025
57492.74	-8.023
57493.74	-8.024
57494.74	-8.025
57495.74	-8.024
57496.74	-8.023
57497.74	-8.022
57498.74	-8.024
57499.74	-8.023
57500.74	-8.023
57501.74	-8.025
57502.74	-8.023
57503.74	-8.024
57504.74	-8.023
57505.74	-8.025
57506.74	-8.024
57507.74	-8.027
57508.74	-8.023
57509.74	-8.022
57510.74	-8.024
57511.74	-8.025
57512.74	-8.021
57513.74	-8.023
57514.74	-8.025
57515.74	-8.021
57516.74	-8.024
57517.74	-8.023
57518.74	-8.024
57519.74	-8.024
57520.74	-8.025
57521.74	-8.026
57522.74	-8.025
57523.74	-8.024
57524.74	-8.026
57525.74	-8.024
57526.74	-8.025
57527.74	-8.025
57528.74	-8.023
57529.74	-8.024
57530.74	-8.024
57531.74	-8.021
57532.74	-8.024
57533.74	-8.019
57534.74	-8.024
57535.74	-8.023
57536.74	-8.024
57537.74	-8.027
57538.74	-8.023
57539.74	-8.025
57540.74	-8.023
57541.74	-8.025
57542.74	-8.025
57543.74	-8.024
57544.74	-8.021
57545.74	-8.025
57546.74	-8.021
57547.74	-8.021
57548.74	-8.025
57549.74	-8.022
57550.74	-8.024
57551.74	-8.024
57552.74	-8.024
57553.74	-8.025
57554.74	-8.023
57555.74	-8.025
57556.74	-8.025
57557.74	-8.022
57558.74	-8.027
57559.74	-8.024
57560.74	-8.022
57561.74	-8.024
57562.74	-8.025
57563.74	-8.022
57564.74	-8.024
57565.74	-8.027
57566.74	-8.024
57567.74	-8.023
57568.74	-8.023
57569.74	-8.022
57570.74	-8.024
57571.74	-8.022
57572.74	-8.023
57573.74	-8.024
57574.74	-8.024
57575.74	-8.023
57576.74	-8.022
57577.74	-8.023
57578.74	-8.024
57579.74	-8.026
57580.74	-8.024
57581.74	-8.025
57582.74	-8.026
57583.74	-8.025
57584.74	-8.022
57585.74	-8.025
57586.74	-8.021
57587.74	-8.027
57588.74	-8.022
57589.74	-8.023
57590.74	-8.023
57591.74	-8.024
57592.74	-8.026
57593.74	-8.025
57594.74	-8.024
57595.74	-8.025
57596.74	-8.023
57597.74	-8.025
57598.74	-8.023
57599.74	-8.023
57600.74	-8.023
57601.74	-8.023
57602.74	-8.021
57603.74	-8.023
57604.74	-8.022
57605.74	-8.022
57606.74	-8.024
57607.74	-8.023
57608.74	-8.024
57609.74	-8.025
57610.74	-8.023
57611.74	-8.023
57612.74	-8.023
57613.74	-8.023
57614.74	-8.024
57615.74	-8.026
57616.74	-8.023
57617.74	-8.024
57618.74	-8.023
57619.74	-8.025
57620.74	-8.026
57621.74	-8.023
57622.74	-8.022
57623.74	-8.025
57624.74	-8.024
57625.74	-8.024
57626.74	-8.023
57627.74	-8.025
57628.74	-8.022
57629.74	-8.023
57630.74	-8.022
57631.74	-8.025
57632.74	-8.021
57633.74	-8.025
57634.74	-8.026
57635.74	-8.023
57636.74	-8.025
57637.74	-8.023
57638.74	-8.027
57639.74	-8.023
57640.74	-8.024
57641.74	-8.022
57642.74	-8.026
57643.74	-8.022
57644.74	-8.028
57645.74	-8.023
57646.74	-8.024
57647.74	-8.022
57648.74	-8.022
57649.74	-8.023
57650.74	-8.021
57651.74	-8.023
57652.74	-8.022
57653.74	-8.024
57654.74	-8.027
57655.74	-8.025
57656.74	-8.023
57657.74	-8.024
57658.74	-8.023
57659.74	-8.026
57660.74	-8.023
57661.74	-8.023
57662.74	-8.026
57663.74	-8.021
57664.74	-8.023
57665.74	-8.024
57666.74	-8.024
57667.74	-8.021
57668.74	-8.024
57669.74	-8.026
57670.74	-8.023
57671.74	-8.026
57672.74	-8.027
57673.74	-8.027
57674.74	-8.022
57675.74	-8.025
57676.74	-8.025
57677.74	-8.027
57678.74	-8.023
57679.74	-8.025
57680.74	-8.022
57681.74	-8.023
57682.74	-8.024
57683.74	-8.022
57684.74	-8.025
57685.74	-8.024
57686.74	-8.025
57687.74	-8.022
57688.74	-8.024
57689.74	-8.026
57690.74	-8.026
57691.74	-8.026
57692.74	-8.023
57693.74	-8.023
57694.74	-8.025
57695.74	-8.024
57696.74	-8.022
57697.74	-8.024
57698.74	-8.022
57699.74	-8.026
57700.74	-8.022
57701.74	-8.02
57702.74	-8.025
57703.74	-8.022
57704.74	-8.023
57705.74	-8.025
57706.74	-8.023
57707.74	-8.024
57708.74	-8.026
57709.74	-8.023
57710.74	-8.022
57711.74	-8.023
57712.74	-8.024
57713.74	-8.024
57714.74	-8.021
57715.74	-8.024
57716.74	-8.023
57717.74	-8.025
57718.74	-8.023
57719.74	-8.023
57720.74	-8.023
57721.74	-8.024
57722.74	-8.024
57723.74	-8.022
57724.74	-8.023
57725.74	-8.025
57726.74	-8.023
57727.74	-8.023
57728.74	-8.024
57729.74	-8.025
57730.74	-8.022
57731.74	-8.025
57732.74	-8.024
57733.74	-8.024
57734.74	-8.023
57735.74	-8.024
57736.74	-8.022
57737.74	-8.024
57738.74	-8.024
57739.74	-8.023
57740.74	-8.024
57741.74	-8.026
57742.74	-8.023
57743.74	-8.026
57744.74	-8.02
57745.74	-8.023
57746.74	-8.026
57747.74	-8.026
57748.74	-8.024
57749.74	-8.022
57750.74	-8.025
57751.74	-8.026
57752.74	-8.023
57753.74	-8.026
57754.74	-8.026
57755.74	-8.025
57756.74	-8.023
57757.74	-8.024
57758.74	-8.023
57759.74	-8.023
57760.74	-8.026
57761.74	-8.024
57762.74	-8.022
57763.74	-8.025
57764.74	-8.025
57765.74	-8.026
57766.74	-8.023
57767.74	-8.025
57768.74	-8.026
57769.74	-8.021
57770.74	-8.022
57771.74	-8.026
57772.74	-8.023
57773.74	-8.026
57774.74	-8.025
57775.74	-8.025
57776.74	-8.027
57777.74	-8.026
57778.74	-8.025
57779.74	-8.022
57780.74	-8.023
57781.74	-8.027
57782.74	-8.024
57783.74	-8.021
57784.74	-8.024
57785.74	-8.025
57786.74	-8.023
57787.74	-8.024
57788.74	-8.023
57789.74	-8.022
57790.74	-8.024
57791.74	-8.026
57792.74	-8.024
57793.74	-8.026
57794.74	-8.024
57795.74	-8.026
57796.74	-8.023
57797.74	-8.025
57798.74	-8.023
57799.74	-8.022
57800.74	-8.022
57801.74	-8.022
57802.74	-8.023
57803.74	-8.022
57804.74	-8.021
57805.74	-8.023
57806.74	-8.025
57807.74	-8.023
57808.74	-8.024
57809.74	-8.024
57810.74	-8.026
57811.74	-8.026
57812.74	-8.023
57813.74	-8.024
57814.74	-8.024
57815.74	-8.023
57816.74	-8.022
57817.74	-8.021
57818.74	-8.027
57819.74	-8.024
57820.74	-8.023
57821.74	-8.025
57822.74	-8.025
57823.74	-8.022
57824.74	-8.022
57825.74	-8.022
57826.74	-8.021
57827.74	-8.022
57828.74	-8.024
57829.74	-8.023
57830.74	-8.023
57831.74	-8.021
57832.74	-8.022
57833.74	-8.025
57834.74	-8.027
57835.74	-8.025
57836.74	-8.023
57837.74	-8.024
57838.74	-8.022
57839.74	-8.021
57840.74	-8.026
57841.74	-8.024
57842.74	-8.021
57843.74	-8.025
57844.74	-8.023
57845.74	-8.024
57846.74	-8.022
57847.74	-8.024
57848.74	-8.024
57849.74	-8.023
57850.74	-8.023
57851.74	-8.021
57852.74	-8.025
57853.74	-8.024
57854.74	-8.025
57855.74	-8.025
57856.74	-8.022
57857.74	-8.024
57858.74	-8.025
57859.74	-8.023
57860.74	-8.025
57861.74	-8.025
57862.74	-8.024
57863.74	-8.023
57864.74	-8.022
57865.74	-8.023
57866.74	-8.024
57867.74	-8.027
57868.74	-8.026
57869.74	-8.023
57870.74	-8.027
57871.74	-8.026
57872.74	-8.023
57873.74	-8.024
57874.74	-8.021
57875.74	-8.025
57876.74	-8.022
57877.74	-8.024
57878.74	-8.023
57879.74	-8.022
57880.74	-8.022
57881.74	-8.022
57882.74	-8.023
57883.74	-8.023
57884.74	-8.021
57885.74	-8.024
57886.74	-8.023
57887.74	-8.022
57888.74	-8.025
57889.74	-8.025
57890.74	-8.024
57891.74	-8.021
57892.74	-8.023
57893.74	-8.021
57894.74	-8.022
57895.74	-8.022
57896.74	-8.024
57897.74	-8.024
57898.74	-8.023
57899.74	-8.025
57900.74	-8.024
57901.74	-8.024
57902.74	-8.025
57903.74	-8.026
57904.74	-8.023
57905.74	-8.028
57906.74	-8.024
57907.74	-8.024
57908.74	-8.023
57909.74	-8.022
57910.74	-8.024
57911.74	-8.025
57912.74	-8.02
57913.74	-8.026
57914.74	-8.024
57915.74	-8.024
57916.74	-8.024
57917.74	-8.025
57918.74	-8.026
57919.74	-8.025
57920.74	-8.023
57921.74	-8.024
57922.74	-8.022
57923.74	-8.021
57924.74	-8.023
57925.74	-8.024
57926.74	-8.023
57927.74	-8.02
57928.74	-8.025
57929.74	-8.025
57930.74	-8.026
57931.74	-8.023
57932.74	-8.025
57933.74	-8.025
57934.74	-8.025
57935.74	-8.024
57936.74	-8.025
57937.74	-8.025
57938.74	-8.022
57939.74	-8.028
57940.74	-8.025
57941.74	-8.025
57942.74	-8.024
57943.74	-8.025
57944.74	-8.021
57945.74	-8.025
57946.74	-8.024
57947.74	-8.025
57948.74	-8.023
57949.74	-8.024
57950.74	-8.024
57951.74	-8.021
57952.74	-8.022
57953.74	-8.025
57954.74	-8.023
57955.74	-8.019
57956.74	-8.023
57957.74	-8.022
57958.74	-8.023
57959.74	-8.02
57960.74	-8.025
57961.74	-8.024
57962.74	-8.025
57963.74	-8.024
57964.74	-8.023
57965.74	-8.023
57966.74	-8.022
57967.74	-8.023
57968.74	-8.024
57969.74	-8.027
57970.74	-8.025
57971.74	-8.024
57972.74	-8.026
57973.74	-8.023
57974.74	-8.024
57975.74	-8.026
57976.74	-8.024
57977.74	-8.023
57978.74	-8.026
57979.74	-8.023
57980.74	-8.025
57981.74	-8.027
57982.74	-8.023
57983.74	-8.027
57984.74	-8.024
57985.74	-8.022
57986.74	-8.022
57987.74	-8.023
57988.74	-8.026
57989.74	-8.021
57990.74	-8.023
57991.74	-8.025
57992.74	-8.025
57993.74	-8.024
57994.74	-8.022
57995.74	-8.023
57996.74	-8.026
57997.74	-8.024
57998.74	-8.024
57999.74	-8.024
58000.74	-8.024
58001.74	-8.028
58002.74	-8.026
58003.74	-8.027
58004.74	-8.021
58005.74	-8.023
58006.74	-8.025
58007.74	-8.023
58008.74	-8.023
58009.74	-8.024
58010.74	-8.025
58011.74	-8.024
58012.74	-8.021
58013.74	-8.023
58014.74	-8.025
58015.74	-8.023
58016.74	-8.023
58017.74	-8.022
58018.74	-8.023
58019.74	-8.023
58020.74	-8.023
58021.74	-8.025
58022.74	-8.024
58023.74	-8.025
58024.74	-8.024
58025.74	-8.021
58026.74	-8.027
58027.74	-8.023
58028.74	-8.025
58029.74	-8.026
58030.74	-8.022
58031.74	-8.025
58032.74	-8.023
58033.74	-8.023
58034.74	-8.022
58035.74	-8.025
58036.74	-8.025
58037.74	-8.024
58038.74	-8.025
58039.74	-8.023
58040.74	-8.022
58041.74	-8.025
58042.74	-8.022
58043.74	-8.023
58044.74	-8.026
58045.74	-8.026
58046.74	-8.024
58047.74	-8.026
58048.74	-8.025
58049.74	-8.025
58050.74	-8.022
58051.74	-8.022
58052.74	-8.022
58053.74	-8.021
58054.74	-8.025
58055.74	-8.023
58056.74	-8.026
58057.74	-8.025
58058.74	-8.025
58059.74	-8.024
58060.74	-8.026
58061.74	-8.022
58062.74	-8.027
58063.74	-8.027
58064.74	-8.024
58065.74	-8.025
58066.74	-8.026
58067.74	-8.026
58068.74	-8.025
58069.74	-8.025
58070.74	-8.024
58071.74	-8.023
58072.74	-8.023
58073.74	-8.024
58074.74	-8.024
58075.74	-8.023
58076.74	-8.025
58077.74	-8.023
58078.74	-8.024
58079.74	-8.025
58080.74	-8.022
58081.74	-8.026
58082.74	-8.025
58083.74	-8.025
58084.74	-8.023
58085.74	-8.022
58086.74	-8.022
58087.74	-8.023
58088.74	-8.025
58089.74	-8.026
58090.74	-8.026
58091.74	-8.024
58092.74	-8.02
58093.74	-8.024
58094.74	-8.023
58095.74	-8.025
58096.74	-8.029
58097.74	-8.024
58098.74	-8.025
58099.74	-8.023
58100.74	-8.025
58101.74	-8.023
58102.74	-8.024
58103.74	-8.021
58104.74	-8.023
58105.74	-8.024
58106.74	-8.023
58107.74	-8.022
58108.74	-8.023
58109.74	-8.025
58110.74	-8.026
58111.74	-8.026
58112.74	-8.022
58113.74	-8.02
58114.74	-8.025
58115.74	-8.022
58116.74	-8.022
58117.74	-8.024
58118.74	-8.023
58119.74	-8.024
58120.74	-8.024
58121.74	-8.024
58122.74	-8.023
58123.74	-8.024
58124.74	-8.023
58125.74	-8.023
58126.74	-8.021
58127.74	-8.021
58128.74	-8.019
58129.74	-8.017
58130.74	-8.012
58131.74	-8.017
58132.74	-8.02
58133.74	-8.017
58134.74	-8.02
58135.74	-8.013
58136.74	-8.011
58137.74	-8.017
58138.74	-8.016
58139.74	-8.017
58140.74	-8.019
58141.74	-8.017
58142.74	-8.018
58143.74	-8.017
58144.74	-8.014
58145.74	-8.018
58146.74	-8.02
58147.74	-8.017
58148.74	-8.012
58149.74	-8.019
58150.74	-8.018
58151.74	-8.008
58152.74	-8.015
58153.74	-8.017
58154.74	-8.014
58155.74	-8.017
58156.74	-8.014
58157.74	-8.018
58158.74	-8.018
58159.74	-8.017
58160.74	-8.012
58161.74	-8.019
58162.74	-8.019
58163.74	-8.012
58164.74	-8.017
58165.74	-8.018
58166.74	-8.017
58167.74	-8.017
58168.74	-8.018
58169.74	-8.013
58170.74	-8.017
58171.74	-8.018
58172.74	-8.017
58173.74	-8.016
58174.74	-8.017
58175.74	-8.018
58176.74	-8.017
58177.74	-8.012
58178.74	-8.018
58179.74	-8.019
58180.74	-8.017
58181.74	-8.011
58182.74	-8.017
58183.74	-8.018
58184.74	-8.017
58185.74	-8.02
58186.74	-8.016
58187.74	-8.02
58188.74	-8.017
58189.74	-8.014
58190.74	-8.013
58191.74	-8.02
58192.74	-8.016
58193.74	-8.018
58194.74	-8.019
58195.74	-8.017
58196.74	-8.015
58197.74	-8.016
58198.74	-8.017
58199.74	-8.019
58200.74	-8.019
58201.74	-8.016
58202.74	-8.018
58203.74	-8.018
58204.74	-8.016
58205.74	-8.019
58206.74	-8.021
58207.74	-8.018
58208.74	-8.02
58209.74	-8.019
58210.74	-8.018
58211.74	-8.018
58212.74	-8.019
58213.74	-8.02
58214.74	-8.02
58215.74	-8.019
58216.74	-8.022
58217.74	-8.015
58218.74	-8.016
58219.74	-8.02
58220.74	-8.016
58221.74	-8.019
58222.74	-8.018
58223.74	-8.018
58224.74	-8.019
58225.74	-8.015
58226.74	-8.019
58227.74	-8.019
58228.74	-8.021
58229.74	-8.017
58230.74	-8.019
58231.74	-8.018
58232.74	-8.016
58233.74	-8.02
58234.74	-8.018
58235.74	-8.017
58236.74	-8.019
58237.74	-8.018
58238.74	-8.018
58239.74	-8.014
58240.74	-8.019
58241.74	-8.02
58242.74	-8.021
58243.74	-8.02
58244.74	-8.022
58245.74	-8.021
58246.74	-8.023
58247.74	-8.024
58248.74	-8.022
58249.74	-8.019
58250.74	-8.02
58251.74	-8.023
58252.74	-8.022
58253.74	-8.023
58254.74	-8.023
58255.74	-8.024
58256.74	-8.022
58257.74	-8.023
58258.74	-8.024
58259.74	-8.023
58260.74	-8.023
58261.74	-8.027
58262.74	-8.022
58263.74	-8.025
58264.74	-8.024
58265.74	-8.022
58266.74	-8.021
58267.74	-8.022
58268.74	-8.022
58269.74	-8.021
58270.74	-8.021
58271.74	-8.023
58272.74	-8.021
58273.74	-8.024
58274.74	-8.021
58275.74	-8.021
58276.74	-8.023
58277.74	-8.022
58278.74	-8.021
58279.74	-8.023
58280.74	-8.022
58281.74	-8.024
58282.74	-8.025
58283.74	-8.019
58284.74	-8.022
58285.74	-8.019
58286.74	-8.022
58287.74	-8.022
58288.74	-8.022
58289.74	-8.021
58290.74	-8.022
58291.74	-8.022
58292.74	-8.019
58293.74	-8.024
58294.74	-8.022
58295.74	-8.024
58296.74	-8.023
58297.74	-8.025
58298.74	-8.022
58299.74	-8.022
58300.74	-8.022
58301.74	-8.022
58302.74	-8.022
58303.74	-8.023
58304.74	-8.022
58305.74	-8.022
58306.74	-8.025
58307.74	-8.023
58308.74	-8.024
58309.74	-8.022
58310.74	-8.021
58311.74	-8.021
58312.74	-8.023
58313.74	-8.024
58314.74	-8.023
58315.74	-8.022
58316.74	-8.022
58317.74	-8.025
58318.74	-8.024
58319.74	-8.023
58320.74	-8.023
58321.74	-8.024
58322.74	-8.023
58323.74	-8.025
58324.74	-8.021
58325.74	-8.026
58326.74	-8.024
58327.74	-8.024
58328.74	-8.022
58329.74	-8.024
58330.74	-8.023
58331.74	-8.024
58332.74	-8.021
58333.74	-8.024
58334.74	-8.023
58335.74	-8.022
58336.74	-8.023
58337.74	-8.023
58338.74	-8.022
58339.74	-8.018
58340.74	-8.021
58341.74	-8.021
58342.74	-8.026
58343.74	-8.024
58344.74	-8.024
58345.74	-8.021
58346.74	-8.023
58347.74	-8.022
58348.74	-8.024
58349.74	-8.023
58350.74	-8.022
58351.74	-8.023
58352.74	-8.021
58353.74	-8.025
58354.74	-8.024
58355.74	-8.022
58356.74	-8.023
58357.74	-8.025
58358.74	-8.019
58359.74	-8.021
58360.74	-8.021
58361.74	-8.022
58362.74	-8.023
58363.74	-8.025
58364.74	-8.022
58365.74	-8.024
58366.74	-8.024
58367.74	-8.023
58368.74	-8.022
58369.74	-8.022
58370.74	-8.025
58371.74	-8.022
58372.74	-8.022
58373.74	-8.024
58374.74	-8.02
58375.74	-8.021
58376.74	-8.023
58377.74	-8.021
58378.74	-8.022
58379.74	-8.021
58380.74	-8.024
58381.74	-8.022
58382.74	-8.024
58383.74	-8.024
58384.74	-8.026
58385.74	-8.024
58386.74	-8.023
58387.74	-8.022
58388.74	-8.022
58389.74	-8.022
58390.74	-8.024
58391.74	-8.024
58392.74	-8.022
58393.74	-8.022
58394.74	-8.02
58395.74	-8.024
58396.74	-8.025
58397.74	-8.023
58398.74	-8.021
58399.74	-8.021
58400.74	-8.022
58401.74	-8.024
58402.74	-8.022
58403.74	-8.022
58404.74	-8.024
58405.74	-8.024
58406.74	-8.024
58407.74	-8.02
58408.74	-8.025
58409.74	-8.023
58410.74	-8.024
58411.74	-8.023
58412.74	-8.022
58413.74	-8.022
58414.74	-8.02
58415.74	-8.021
58416.74	-8.021
58417.74	-8.02
58418.74	-8.022
58419.74	-8.022
58420.74	-8.02
58421.74	-8.023
58422.74	-8.022
58423.74	-8.022
58424.74	-8.023
58425.74	-8.025
58426.74	-8.023
58427.74	-8.022
58428.74	-8.021
58429.74	-8.025
58430.74	-8.023
58431.74	-8.022
58432.74	-8.021
58433.74	-8.024
58434.74	-8.025
58435.74	-8.021
58436.74	-8.022
58437.74	-8.023
58438.74	-8.023
58439.74	-8.022
58440.74	-8.022
58441.74	-8.021
58442.74	-8.026
58443.74	-8.026
58444.74	-8.025
58445.74	-8.023
58446.74	-8.023
58447.74	-8.024
58448.74	-8.023
58449.74	-8.021
58450.74	-8.022
58451.74	-8.024
58452.74	-8.023
58453.74	-8.023
58454.74	-8.024
58455.74	-8.023
58456.74	-8.021
58457.74	-8.025
58458.74	-8.023
58459.74	-8.023
58460.74	-8.023
58461.74	-8.02
58462.74	-8.024
58463.74	-8.025
58464.74	-8.02
58465.74	-8.027
58466.74	-8.026
58467.74	-8.023
58468.74	-8.022
58469.74	-8.022
58470.74	-8.021
58471.74	-8.026
58472.74	-8.024
58473.74	-8.022
58474.74	-8.024
58475.74	-8.023
58476.74	-8.024
58477.74	-8.025
58478.74	-8.022
58479.74	-8.024
58480.74	-8.025
58481.74	-8.024
58482.74	-8.022
58483.74	-8.024
58484.74	-8.023
58485.74	-8.024
58486.74	-8.024
58487.74	-8.024
58488.74	-8.025
58489.74	-8.024
58490.74	-8.024
58491.74	-8.023
58492.74	-8.023
58493.74	-8.021
58494.74	-8.024
58495.74	-8.025
58496.74	-8.022
58497.74	-8.02
58498.74	-8.024
58499.74	-8.024
58500.74	-8.022
58501.74	-8.023
58502.74	-8.025
58503.74	-8.022
58504.74	-8.025
58505.74	-8.022
58506.74	-8.023
58507.74	-8.024
58508.74	-8.026
58509.74	-8.025
58510.74	-8.022
58511.74	-8.022
58512.74	-8.024
58513.74	-8.022
58514.74	-8.022
58515.74	-8.022
58516.74	-8.022
58517.74	-8.022
58518.74	-8.022
58519.74	-8.023
58520.74	-8.022
58521.74	-8.024
58522.74	-8.023
58523.74	-8.028
58524.74	-8.022
58525.74	-8.023
58526.74	-8.025
58527.74	-8.023
58528.74	-8.025
58529.74	-8.026
58530.74	-8.022
58531.74	-8.023
58532.74	-8.026
58533.74	-8.025
58534.74	-8.027
58535.74	-8.023
58536.74	-8.022
58537.74	-8.026
58538.74	-8.021
58539.74	-8.023
58540.74	-8.022
58541.74	-8.024
58542.74	-8.021
58543.74	-8.022
58544.74	-8.025
58545.74	-8.024
58546.74	-8.023
58547.74	-8.025
58548.74	-8.023
58549.74	-8.022
58550.74	-8.021
58551.74	-8.023
58552.74	-8.021
58553.74	-8.022
58554.74	-8.021
58555.74	-8.024
58556.74	-8.025
58557.74	-8.022
58558.74	-8.023
58559.74	-8.027
58560.74	-8.023
58561.74	-8.024
58562.74	-8.024
58563.74	-8.02
58564.74	-8.021
58565.74	-8.021
58566.74	-8.022
58567.74	-8.022
58568.74	-8.024
58569.74	-8.021
58570.74	-8.024
58571.74	-8.022
58572.74	-8.022
58573.74	-8.023
58574.74	-8.022
58575.74	-8.021
58576.74	-8.022
58577.74	-8.026
58578.74	-8.024
58579.74	-8.025
58580.74	-8.022
58581.74	-8.022
58582.74	-8.025
58583.74	-8.024
58584.74	-8.022
58585.74	-8.022
58586.74	-8.026
58587.74	-8.021
58588.74	-8.021
58589.74	-8.022
58590.74	-8.024
58591.74	-8.024
58592.74	-8.026
58593.74	-8.021
58594.74	-8.025
58595.74	-8.026
58596.74	-8.023
58597.74	-8.024
58598.74	-8.026
58599.74	-8.025
58600.74	-8.023
58601.74	-8.026
58602.74	-8.027
58603.74	-8.026
58604.74	-8.023
58605.74	-8.022
58606.74	-8.024
58607.74	-8.023
58608.74	-8.025
58609.74	-8.023
58610.74	-8.023
58611.74	-8.023
58612.74	-8.024
58613.74	-8.023
58614.74	-8.024
58615.74	-8.023
58616.74	-8.024
58617.74	-8.025
58618.74	-8.024
58619.74	-8.023
58620.74	-8.023
58621.74	-8.022
58622.74	-8.025
58623.74	-8.023
58624.74	-8.022
58625.74	-8.024
58626.74	-8.022
58627.74	-8.023
58628.74	-8.025
58629.74	-8.021
58630.74	-8.024
58631.74	-8.022
58632.74	-8.026
58633.74	-8.02
58634.74	-8.021
58635.74	-8.022
58636.74	-8.025
58637.74	-8.023
58638.74	-8.024
58639.74	-8.022
58640.74	-8.024
58641.74	-8.022
58642.74	-8.024
58643.74	-8.024
58644.74	-8.023
58645.74	-8.022
58646.74	-8.021
58647.74	-8.023
58648.74	-8.026
58649.74	-8.023
58650.74	-8.026
58651.74	-8.026
58652.74	-8.023
58653.74	-8.024
58654.74	-8.025
58655.74	-8.024
58656.74	-8.026
58657.74	-8.023
58658.74	-8.021
58659.74	-8.022
58660.74	-8.021
58661.74	-8.027
58662.74	-8.024
58663.74	-8.025
58664.74	-8.024
58665.74	-8.023
58666.74	-8.024
58667.74	-8.022
58668.74	-8.024
58669.74	-8.023
58670.74	-8.022
58671.74	-8.023
58672.74	-8.023
58673.74	-8.022
58674.74	-8.023
58675.74	-8.024
58676.74	-8.024
58677.74	-8.021
58678.74	-8.022
58679.74	-8.025
58680.74	-8.02
58681.74	-8.023
58682.74	-8.023
58683.74	-8.022
58684.74	-8.02
58685.74	-8.023
58686.74	-8.022
58687.74	-8.024
58688.74	-8.022
58689.74	-8.023
58690.74	-8.024
58691.74	-8.024
58692.74	-8.022
58693.74	-8.023
58694.74	-8.021
58695.74	-8.024
58696.74	-8.026
58697.74	-8.024
58698.74	-8.023
58699.74	-8.022
58700.74	-8.023
58701.74	-8.022
58702.74	-8.023
58703.74	-8.023
58704.74	-8.024
58705.74	-8.023
58706.74	-8.021
58707.74	-8.023
58708.74	-8.021
58709.74	-8.024
58710.74	-8.021
58711.74	-8.024
58712.74	-8.023
58713.74	-8.023
58714.74	-8.021
58715.74	-8.025
58716.74	-8.024
58717.74	-8.023
58718.74	-8.022
58719.74	-8.023
58720.74	-8.024
58721.74	-8.022
58722.74	-8.023
58723.74	-8.023
58724.74	-8.023
58725.74	-8.024
58726.74	-8.023
58727.74	-8.025
58728.74	-8.025
58729.74	-8.022
58730.74	-8.025
58731.74	-8.025
58732.74	-8.024
58733.74	-8.027
58734.74	-8.026
58735.74	-8.023
58736.74	-8.023
58737.74	-8.023
58738.74	-8.026
58739.74	-8.024
58740.74	-8.026
58741.74	-8.023
58742.74	-8.023
58743.74	-8.025
58744.74	-8.021
58745.74	-8.024
58746.74	-8.023
58747.74	-8.025
58748.74	-8.023
58749.74	-8.022
58750.74	-8.024
58751.74	-8.022
58752.74	-8.026
58753.74	-8.025
58754.74	-8.023
58755.74	-8.023
58756.74	-8.023
58757.74	-8.022
58758.74	-8.024
58759.74	-8.024
58760.74	-8.024
58761.74	-8.025
58762.74	-8.022
58763.74	-8.024
58764.74	-8.023
58765.74	-8.023
58766.74	-8.024
58767.74	-8.026
58768.74	-8.02
58769.74	-8.021
58770.74	-8.025
58771.74	-8.023
58772.74	-8.02
58773.74	-8.023
58774.74	-8.022
58775.74	-8.026
58776.74	-8.024
58777.74	-8.022
58778.74	-8.024
58779.74	-8.022
58780.74	-8.027
58781.74	-8.023
58782.74	-8.02
58783.74	-8.023
58784.74	-8.022
58785.74	-8.026
58786.74	-8.023
58787.74	-8.023
58788.74	-8.024
58789.74	-8.024
58790.74	-8.025
58791.74	-8.021
58792.74	-8.023
58793.74	-8.024
58794.74	-8.026
58795.74	-8.024
58796.74	-8.024
58797.74	-8.023
58798.74	-8.022
58799.74	-8.025
58800.74	-8.025
58801.74	-8.024
58802.74	-8.023
58803.74	-8.026
58804.74	-8.024
58805.74	-8.026
58806.74	-8.023
58807.74	-8.023
58808.74	-8.026
58809.74	-8.025
58810.74	-8.025
58811.74	-8.022
58812.74	-8.025
58813.74	-8.024
58814.74	-8.023
58815.74	-8.023
58816.74	-8.024
58817.74	-8.022
58818.74	-8.026
58819.74	-8.024
58820.74	-8.022
58821.74	-8.023
58822.74	-8.023
58823.74	-8.026
58824.74	-8.023
58825.74	-8.022
58826.74	-8.024
58827.74	-8.023
58828.74	-8.022
58829.74	-8.024
58830.74	-8.024
58831.74	-8.023
58832.74	-8.024
58833.74	-8.023
58834.74	-8.027
58835.74	-8.024
58836.74	-8.022
58837.74	-8.027
58838.74	-8.024
58839.74	-8.025
58840.74	-8.022
58841.74	-8.025
58842.74	-8.023
58843.74	-8.022
58844.74	-8.024
58845.74	-8.027
58846.74	-8.024
58847.74	-8.024
58848.74	-8.023
58849.74	-8.023
58850.74	-8.025
58851.74	-8.023
58852.74	-8.023
58853.74	-8.021
58854.74	-8.025
58855.74	-8.022
58856.74	-8.023
58857.74	-8.024
58858.74	-8.021
58859.74	-8.024
58860.74	-8.025
58861.74	-8.022
58862.74	-8.021
58863.74	-8.026
58864.74	-8.024
58865.74	-8.022
58866.74	-8.024
58867.74	-8.024
58868.74	-8.023
58869.74	-8.023
58870.74	-8.022
58871.74	-8.026
58872.74	-8.024
58873.74	-8.022
58874.74	-8.024
58875.74	-8.023
58876.74	-8.022
58877.74	-8.022
58878.74	-8.024
58879.74	-8.023
58880.74	-8.026
58881.74	-8.025
58882.74	-8.022
58883.74	-8.025
58884.74	-8.023
58885.74	-8.024
58886.74	-8.021
58887.74	-8.023
58888.74	-8.024
58889.74	-8.025
58890.74	-8.026
58891.74	-8.026
58892.74	-8.023
58893.74	-8.023
58894.74	-8.024
58895.74	-8.022
58896.74	-8.022
58897.74	-8.023
58898.74	-8.023
58899.74	-8.022
58900.74	-8.022
58901.74	-8.026
58902.74	-8.025
58903.74	-8.024
58904.74	-8.026
58905.74	-8.024
58906.74	-8.022
58907.74	-8.025
58908.74	-8.023
58909.74	-8.022
58910.74	-8.025
58911.74	-8.023
58912.74	-8.025
58913.74	-8.021
58914.74	-8.023
58915.74	-8.022
58916.74	-8.024
58917.74	-8.024
58918.74	-8.026
58919.74	-8.022
58920.74	-8.024
58921.74	-8.022
58922.74	-8.021
58923.74	-8.026
58924.74	-8.025
58925.74	-8.025
58926.74	-8.022
58927.74	-8.024
58928.74	-8.021
58929.74	-8.024
58930.74	-8.022
58931.74	-8.022
58932.74	-8.025
58933.74	-8.02
58934.74	-8.023
58935.74	-8.023
58936.74	-8.021
58937.74	-8.024
58938.74	-8.02
58939.74	-8.024
58940.74	-8.024
58941.74	-8.025
58942.74	-8.024
58943.74	-8.024
58944.74	-8.023
58945.74	-8.023
58946.74	-8.022
58947.74	-8.025
58948.74	-8.02
58949.74	-8.024
58950.74	-8.023
58951.74	-8.024
58952.74	-8.025
58953.74	-8.026
58954.74	-8.025
58955.74	-8.022
58956.74	-8.025
58957.74	-8.024
58958.74	-8.024
58959.74	-8.022
58960.74	-8.025
58961.74	-8.023
58962.74	-8.023
58963.74	-8.023
58964.74	-8.023
58965.74	-8.023
58966.74	-8.023
58967.74	-8.023
58968.74	-8.022
58969.74	-8.026
58970.74	-8.024
58971.74	-8.02
58972.74	-8.024
58973.74	-8.023
58974.74	-8.023
58975.74	-8.022
58976.74	-8.022
58977.74	-8.022
58978.74	-8.026
58979.74	-8.025
58980.74	-8.024
58981.74	-8.022
58982.74	-8.022
58983.74	-8.021
58984.74	-8.024
58985.74	-8.024
58986.74	-8.023
58987.74	-8.024
58988.74	-8.022
58989.74	-8.023
58990.74	-8.026
58991.74	-8.026
58992.74	-8.023
58993.74	-8.028
58994.74	-8.023
58995.74	-8.024
58996.74	-8.023
58997.74	-8.023
58998.74	-8.023
58999.74	-8.026
59000.74	-8.022
59001.74	-8.023
59002.74	-8.024
59003.74	-8.023
59004.74	-8.022
59005.74	-8.023
59006.74	-8.022
59007.74	-8.023
59008.74	-8.026
59009.74	-8.021
59010.74	-8.024
59011.74	-8.022
59012.74	-8.022
59013.74	-8.024
59014.74	-8.021
59015.74	-8.023
59016.74	-8.024
59017.74	-8.026
59018.74	-8.024
59019.74	-8.024
59020.74	-8.023
59021.74	-8.025
59022.74	-8.023
59023.74	-8.024
59024.74	-8.024
59025.74	-8.025
59026.74	-8.022
59027.74	-8.024
59028.74	-8.023
59029.74	-8.024
59030.74	-8.023
59031.74	-8.023
59032.74	-8.022
59033.74	-8.023
59034.74	-8.022
59035.74	-8.024
59036.74	-8.023
59037.74	-8.023
59038.74	-8.024
59039.74	-8.025
59040.74	-8.025
59041.74	-8.024
59042.74	-8.022
59043.74	-8.026
59044.74	-8.022
59045.74	-8.024
59046.74	-8.022
59047.74	-8.024
59048.74	-8.026
59049.74	-8.025
59050.74	-8.024
59051.74	-8.024
59052.74	-8.024
59053.74	-8.025
59054.74	-8.023
59055.74	-8.023
59056.74	-8.024
59057.74	-8.024
59058.74	-8.024
59059.74	-8.025
59060.74	-8.026
59061.74	-8.023
59062.74	-8.021
59063.74	-8.023
59064.74	-8.023
59065.74	-8.023
59066.74	-8.022
59067.74	-8.02
59068.74	-8.023
59069.74	-8.025
59070.74	-8.023
59071.74	-8.025
59072.74	-8.022
59073.74	-8.025
59074.74	-8.022
59075.74	-8.023
59076.74	-8.026
59077.74	-8.023
59078.74	-8.022
59079.74	-8.025
59080.74	-8.023
59081.74	-8.025
59082.74	-8.021
59083.74	-8.024
59084.74	-8.023
59085.74	-8.023
59086.74	-8.023
59087.74	-8.022
59088.74	-8.027
59089.74	-8.025
59090.74	-8.025
59091.74	-8.023
59092.74	-8.023
59093.74	-8.021
59094.74	-8.022
59095.74	-8.025
59096.74	-8.024
59097.74	-8.026
59098.74	-8.022
59099.74	-8.024
59100.74	-8.025
59101.74	-8.022
59102.74	-8.022
59103.74	-8.024
59104.74	-8.024
59105.74	-8.022
59106.74	-8.024
59107.74	-8.023
59108.74	-8.025
59109.74	-8.022
59110.74	-8.023
59111.74	-8.023
59112.74	-8.024
59113.74	-8.025
59114.74	-8.024
59115.74	-8.021
59116.74	-8.025
59117.74	-8.025
59118.74	-8.023
59119.74	-8.025
59120.74	-8.022
59121.74	-8.022
59122.74	-8.022
59123.74	-8.022
59124.74	-8.025
59125.74	-8.023
59126.74	-8.022
59127.74	-8.022
59128.74	-8.025
59129.74	-8.024
59130.74	-8.022
59131.74	-8.026
59132.74	-8.024
59133.74	-8.023
59134.74	-8.025
59135.74	-8.022
59136.74	-8.023
59137.74	-8.023
59138.74	-8.025
59139.74	-8.022
59140.74	-8.021
59141.74	-8.028
59142.74	-8.023
59143.74	-8.024
59144.74	-8.023
59145.74	-8.026
59146.74	-8.026
59147.74	-8.021
59148.74	-8.021
59149.74	-8.026
59150.74	-8.023
59151.74	-8.024
59152.74	-8.021
59153.74	-8.026
59154.74	-8.025
59155.74	-8.023
59156.74	-8.022
59157.74	-8.025
59158.74	-8.025
59159.74	-8.024
59160.74	-8.022
59161.74	-8.019
59162.74	-8.021
59163.74	-8.025
59164.74	-8.018
59165.74	-8.023
59166.74	-8.023
59167.74	-8.021
59168.74	-8.023
59169.74	-8.023
59170.74	-8.026
59171.74	-8.023
59172.74	-8.026
59173.74	-8.023
59174.74	-8.021
59175.74	-8.023
59176.74	-8.023
59177.74	-8.024
59178.74	-8.02
59179.74	-8.025
59180.74	-8.021
59181.74	-8.02
59182.74	-8.025
59183.74	-8.022
59184.74	-8.026
59185.74	-8.025
59186.74	-8.022
59187.74	-8.021
59188.74	-8.024
59189.74	-8.024
59190.74	-8.022
59191.74	-8.025
59192.74	-8.023
59193.74	-8.023
59194.74	-8.026
59195.74	-8.023
59196.74	-8.022
59197.74	-8.025
59198.74	-8.023
59199.74	-8.021
59200.74	-8.025
59201.74	-8.022
59202.74	-8.025
59203.74	-8.024
59204.74	-8.022
59205.74	-8.024
59206.74	-8.026
59207.74	-8.02
59208.74	-8.022
59209.74	-8.021
59210.74	-8.023
59211.74	-8.025
59212.74	-8.022
59213.74	-8.022
59214.74	-8.025
59215.74	-8.024
59216.74	-8.022
59217.74	-8.024
59218.74	-8.027
59219.74	-8.024
59220.74	-8.028
59221.74	-8.023
59222.74	-8.023
59223.74	-8.024
59224.74	-8.023
59225.74	-8.024
59226.74	-8.024
59227.74	-8.022
59228.74	-8.023
59229.74	-8.022
59230.74	-8.024
59231.74	-8.023
59232.74	-8.024
59233.74	-8.026
59234.74	-8.023
59235.74	-8.022
59236.74	-8.028
59237.74	-8.025
59238.74	-8.026
59239.74	-8.021
59240.74	-8.025
59241.74	-8.027
59242.74	-8.022
59243.74	-8.023
59244.74	-8.023
59245.74	-8.026
59246.74	-8.026
59247.74	-8.021
59248.74	-8.025
59249.74	-8.022
59250.74	-8.026
59251.74	-8.02
59252.74	-8.025
59253.74	-8.021
59254.74	-8.024
59255.74	-8.023
59256.74	-8.022
59257.74	-8.024
59258.74	-8.023
59259.74	-8.021
59260.74	-8.023
59261.74	-8.022
59262.74	-8.023
59263.74	-8.022
59264.74	-8.022
59265.74	-8.024
59266.74	-8.023
59267.74	-8.022
59268.74	-8.023
59269.74	-8.022
59270.74	-8.024
59271.74	-8.019
59272.74	-8.022
59273.74	-8.022
59274.74	-8.021
59275.74	-8.023
59276.74	-8.028
59277.74	-8.02
59278.74	-8.019
59279.74	-8.029
59280.74	-8.022
59281.74	-8.024
59282.74	-8.025
59283.74	-8.024
59284.74	-8.022
59285.74	-8.024
59286.74	-8.024
59287.74	-8.024
59288.74	-8.025
59289.74	-8.023
59290.74	-8.023
59291.74	-8.026
59292.74	-8.023
59293.74	-8.021
59294.74	-8.021
59295.74	-8.023
59296.74	-8.023
59297.74	-8.022
59298.74	-8.023
59299.74	-8.021
59300.74	-8.026
59301.74	-8.024
59302.74	-8.02
59303.74	-8.022
59304.74	-8.024
59305.74	-8.019
59306.74	-8.023
59307.74	-8.025
59308.74	-8.021
59309.74	-8.024
59310.74	-8.022
59311.74	-8.027
59312.74	-8.023
59313.74	-8.021
59314.74	-8.022
59315.74	-8.025
59316.74	-8.022
59317.74	-8.02
59318.74	-8.023
59319.74	-8.022
59320.74	-8.025
59321.74	-8.026
59322.74	-8.025
59323.74	-8.025
59324.74	-8.021
59325.74	-8.018
59326.74	-8.022
59327.74	-8.026
59328.74	-8.024
59329.74	-8.023
59330.74	-8.024
59331.74	-8.022
59332.74	-8.023
59333.74	-8.022
59334.74	-8.023
59335.74	-8.021
59336.74	-8.019
59337.74	-8.022
59338.74	-8.023
59339.74	-8.02
59340.74	-8.024
59341.74	-8.023
59342.74	-8.021
59343.74	-8.023
59344.74	-8.026
59345.74	-8.024
59346.74	-8.02
59347.74	-8.024
59348.74	-8.022
59349.74	-8.025
59350.74	-8.026
59351.74	-8.023
59352.74	-8.021
59353.74	-8.022
59354.74	-8.022
59355.74	-8.023
59356.74	-8.023
59357.74	-8.023
59358.74	-8.023
59359.74	-8.022
59360.74	-8.025
59361.74	-8.027
59362.74	-8.025
59363.74	-8.021
59364.74	-8.024
59365.74	-8.026
59366.74	-8.025
59367.74	-8.024
59368.74	-8.024
59369.74	-8.023
59370.74	-8.02
59371.74	-8.025
59372.74	-8.023
59373.74	-8.022
59374.74	-8.026
59375.74	-8.024
59376.74	-8.021
59377.74	-8.022
59378.74	-8.025
59379.74	-8.022
59380.74	-8.021
59381.74	-8.021
59382.74	-8.023
59383.74	-8.025
59384.74	-8.024
59385.74	-8.022
59386.74	-8.023
59387.74	-8.027
59388.74	-8.025
59389.74	-8.023
59390.74	-8.022
59391.74	-8.023
59392.74	-8.023
59393.74	-8.025
59394.74	-8.025
59395.74	-8.022
59396.74	-8.02
59397.74	-8.025
59398.74	-8.026
59399.74	-8.025
59400.74	-8.025
59401.74	-8.023
59402.74	-8.023
59403.74	-8.022
59404.74	-8.025
59405.74	-8.022
59406.74	-8.023
59407.74	-8.026
59408.74	-8.023
59409.74	-8.024
59410.74	-8.027
59411.74	-8.027
59412.74	-8.021
59413.74	-8.023
59414.74	-8.026
59415.74	-8.024
59416.74	-8.026
59417.74	-8.023
59418.74	-8.022
59419.74	-8.021
59420.74	-8.022
59421.74	-8.021
59422.74	-8.021
59423.74	-8.023
59424.74	-8.025
59425.74	-8.024
59426.74	-8.023
59427.74	-8.021
59428.74	-8.023
59429.74	-8.02
59430.74	-8.025
59431.74	-8.022
59432.74	-8.021
59433.74	-8.025
59434.74	-8.027
59435.74	-8.022
59436.74	-8.026
59437.74	-8.019
59438.74	-8.022
59439.74	-8.024
59440.74	-8.025
59441.74	-8.024
59442.74	-8.023
59443.74	-8.024
59444.74	-8.028
59445.74	-8.023
59446.74	-8.025
59447.74	-8.025
59448.74	-8.023
59449.74	-8.024
59450.74	-8.025
59451.74	-8.026
59452.74	-8.022
59453.74	-8.023
59454.74	-8.025
59455.74	-8.023
59456.74	-8.024
59457.74	-8.026
59458.74	-8.022
59459.74	-8.025
59460.74	-8.024
59461.74	-8.026
59462.74	-8.024
59463.74	-8.023
59464.74	-8.025
59465.74	-8.019
59466.74	-8.023
59467.74	-8.023
59468.74	-8.021
59469.74	-8.025
59470.74	-8.023
59471.74	-8.022
59472.74	-8.024
59473.74	-8.022
59474.74	-8.023
59475.74	-8.021
59476.74	-8.023
59477.74	-8.02
59478.74	-8.026
59479.74	-8.026
59480.74	-8.023
59481.74	-8.024
59482.74	-8.023
59483.74	-8.02
59484.74	-8.022
59485.74	-8.022
59486.74	-8.024
59487.74	-8.023
59488.74	-8.021
59489.74	-8.023
59490.74	-8.022
59491.74	-8.022
59492.74	-8.024
59493.74	-8.026
59494.74	-8.021
59495.74	-8.025
59496.74	-8.022
59497.74	-8.023
59498.74	-8.024
59499.74	-8.026
59500.74	-8.023
59501.74	-8.025
59502.74	-8.023
59503.74	-8.023
59504.74	-8.02
59505.74	-8.022
59506.74	-8.02
59507.74	-8.024
59508.74	-8.018
59509.74	-8.023
59510.74	-8.022
59511.74	-8.022
59512.74	-8.022
59513.74	-8.023
59514.74	-8.018
59515.74	-8.026
59516.74	-8.024
59517.74	-8.019
59518.74	-8.021
59519.74	-8.023
59520.74	-8.026
59521.74	-8.019
59522.74	-8.021
59523.74	-8.022
59524.74	-8.024
59525.74	-8.023
59526.74	-8.023
59527.74	-8.024
59528.74	-8.024
59529.74	-8.02
59530.74	-8.023
59531.74	-8.022
59532.74	-8.022
59533.74	-8.021
59534.74	-8.026
59535.74	-8.021
59536.74	-8.023
59537.74	-8.026
59538.74	-8.022
59539.74	-8.022
59540.74	-8.02
59541.74	-8.021
59542.74	-8.02
59543.74	-8.026
59544.74	-8.022
59545.74	-8.015
59546.74	-8.015
59547.74	-8.018
59548.74	-8.016
59549.74	-8.017
59550.74	-8.017
59551.74	-8.016
59552.74	-8.015
59553.74	-8.016
59554.74	-8.016
59555.74	-8.018
59556.74	-8.018
59557.74	-8.016
59558.74	-8.017
59559.74	-8.017
59560.74	-8.017
59561.74	-8.017
59562.74	-8.016
59563.74	-8.017
59564.74	-8.014
59565.74	-8.019
59566.74	-8.015
59567.74	-8.017
59568.74	-8.016
59569.74	-8.017
59570.74	-8.018
59571.74	-8.015
59572.74	-8.016
59573.74	-8.017
59574.74	-8.017
59575.74	-8.015
59576.74	-8.017
59577.74	-8.016
59578.74	-8.017
59579.74	-8.015
59580.74	-8.016
59581.74	-8.017
59582.74	-8.017
59583.74	-8.016
59584.74	-8.017
59585.74	-8.018
59586.74	-8.017
59587.74	-8.015
59588.74	-8.019
59589.74	-8.016
59590.74	-8.017
59591.74	-8.016
59592.74	-8.015
59593.74	-8.019
59594.74	-8.018
59595.74	-8.016
59596.74	-8.017
59597.74	-8.016
59598.74	-8.016
59599.74	-8.013
59600.74	-8.015
59601.74	-8.016
59602.74	-8.018
59603.74	-8.018
59604.74	-8.017
59605.74	-8.015
59606.74	-8.017
59607.74	-8.017
59608.74	-8.014
59609.74	-8.018
59610.74	-8.013
59611.74	-8.017
59612.74	-8.019
59613.74	-8.02
59614.74	-8.017
59615.74	-8.014
59616.74	-8.019
59617.74	-8.015
59618.74	-8.015
59619.74	-8.018
59620.74	-8.02
59621.74	-8.017
59622.74	-8.017
59623.74	-8.009
59624.74	-8.017
59625.74	-8.016
59626.74	-8.016
59627.74	-8.017
59628.74	-8.015
59629.74	-8.011
59630.74	-8.014
59631.74	-8.018
59632.74	-8.011
59633.74	-8.017
59634.74	-8.012
59635.74	-8.016
59636.74	-8.018
59637.74	-8.018
59638.74	-8.018
59639.74	-8.014
59640.74	-8.015
59641.74	-8.017
59642.74	-8.017
59643.74	-8.02
59644.74	-8.015
59645.74	-8.017
59646.74	-8.019
59647.74	-8.02
59648.74	-8.013
59649.74	-8.012
59650.74	-8.016
59651.74	-8.02
59652.74	-8.019
59653.74	-8.017
59654.74	-8.018
59655.74	-8.019
59656.74	-8.017
59657.74	-8.017
59658.74	-8.018
59659.74	-8.017
59660.74	-8.018
59661.74	-8.018
59662.74	-8.011
59663.74	-8.016
59664.74	-8.013
59665.74	-8.016
59666.74	-8.017
59667.74	-8.016
59668.74	-8.016
59669.74	-8.018
59670.74	-8.018
59671.74	-8.015
59672.74	-8.018
59673.74	-8.017
59674.74	-8.009
59675.74	-8.018
59676.74	-8.018
59677.74	-8.012
59678.74	-8.015
59679.74	-8.017
59680.74	-8.014
59681.74	-8.017
59682.74	-8.017
59683.74	-8.016
59684.74	-8.017
59685.74	-8.014
59686.74	-8.019
59687.74	-8.014
59688.74	-8.015
59689.74	-8.018
59690.74	-8.015
59691.74	-8.016
59692.74	-8.016
59693.74	-8.018
59694.74	-8.014
59695.74	-8.018
59696.74	-8.018
59697.74	-8.018
59698.74	-8.017
59699.74	-8.017
59700.74	-8.019
59701.74	-8.016
59702.74	-8.017
59703.74	-8.018
59704.74	-8.016
59705.74	-8.015
59706.74	-8.017
59707.74	-8.018
59708.74	-8.016
59709.74	-8.019
59710.74	-8.011
59711.74	-8.016
59712.74	-8.014
59713.74	-8.016
59714.74	-8.017
59715.74	-8.017
59716.74	-8.015
59717.74	-8.018
59718.74	-8.018
59719.74	-8.015
59720.74	-8.017
59721.74	-8.018
59722.74	-8.017
59723.74	-8.018
59724.74	-8.017
59725.74	-8.016
59726.74	-8.018
59727.74	-8.016
59728.74	-8.014
59729.74	-8.017
59730.74	-8.016
59731.74	-8.017
59732.74	-8.019
59733.74	-8.017
59734.74	-8.016
59735.74	-8.015
59736.74	-8.015
59737.74	-8.015
59738.74	-8.018
59739.74	-8.018
59740.74	-8.013
59741.74	-8.018
59742.74	-8.014
59743.74	-8.016
59744.74	-8.016
59745.74	-8.019
59746.74	-8.017
59747.74	-8.018
59748.74	-8.018
59749.74	-8.016
59750.74	-8.014
59751.74	-8.016
59752.74	-8.018
59753.74	-8.019
59754.74	-8.018
59755.74	-8.016
59756.74	-8.016
59757.74	-8.02
59758.74	-8.018
59759.74	-8.018
59760.74	-8.02
59761.74	-8.017
59762.74	-8.014
59763.74	-8.012
59764.74	-8.017
59765.74	-8.019
59766.74	-8.018
59767.74	-8.017
59768.74	-8.013
59769.74	-8.018
59770.74	-8.014
59771.74	-8.016
59772.74	-8.018
59773.74	-8.012
59774.74	-8.017
59775.74	-8.018
59776.74	-8.016
59777.74	-8.016
59778.74	-8.017
59779.74	-8.017
59780.74	-8.015
59781.74	-8.019
59782.74	-8.019
59783.74	-8.018
59784.74	-8.016
59785.74	-8.018
59786.74	-8.024
59787.74	-8.017
59788.74	-8.023
59789.74	-8.018
59790.74	-8.021
59791.74	-8.021
59792.74	-8.021
59793.74	-8.022
59794.74	-8.021
59795.74	-8.022
59796.74	-8.023
59797.74	-8.021
59798.74	-8.022
59799.74	-8.022
59800.74	-8.021
59801.74	-8.023
59802.74	-8.021
59803.74	-8.023
59804.74	-8.024
59805.74	-8.023
59806.74	-8.021
59807.74	-8.02
59808.74	-8.019
59809.74	-8.019
59810.74	-8.02
59811.74	-8.021
59812.74	-8.019
59813.74	-8.023
59814.74	-8.024
59815.74	-8.022
59816.74	-8.023
59817.74	-8.019
59818.74	-8.022
59819.74	-8.022
59820.74	-8.024
59821.74	-8.023
59822.74	-8.02
59823.74	-8.025
59824.74	-8.022
59825.74	-8.021
59826.74	-8.022
59827.74	-8.019
59828.74	-8.02
59829.74	-8.024
59830.74	-8.025
59831.74	-8.022
59832.74	-8.023
59833.74	-8.02
59834.74	-8.019
59835.74	-8.021
59836.74	-8.022
59837.74	-8.02
59838.74	-8.022
59839.74	-8.022
59840.74	-8.019
59841.74	-8.023
59842.74	-8.02
59843.74	-8.018
59844.74	-8.022
59845.74	-8.022
59846.74	-8.023
59847.74	-8.02
59848.74	-8.021
59849.74	-8.022
59850.74	-8.021
59851.74	-8.019
59852.74	-8.022
59853.74	-8.022
59854.74	-8.021
59855.74	-8.023
59856.74	-8.021
59857.74	-8.023
59858.74	-8.022
59859.74	-8.021
59860.74	-8.023
59861.74	-8.025
59862.74	-8.021
59863.74	-8.018
59864.74	-8.023
59865.74	-8.019
59866.74	-8.019
59867.74	-8.019
59868.74	-8.023
59869.74	-8.021
59870.74	-8.021
59871.74	-8.023
59872.74	-8.02
59873.74	-8.024
59874.74	-8.02
59875.74	-8.02
59876.74	-8.021
59877.74	-8.02
59878.74	-8.022
59879.74	-8.02
59880.74	-8.023
59881.74	-8.022
59882.74	-8.02
59883.74	-8.023
59884.74	-8.022
59885.74	-8.023
59886.74	-8.025
59887.74	-8.02
59888.74	-8.023
59889.74	-8.02
59890.74	-8.019
59891.74	-8.021
59892.74	-8.024
59893.74	-8.022
59894.74	-8.023
59895.74	-8.022
59896.74	-8.021
59897.74	-8.02
59898.74	-8.02
59899.74	-8.021
59900.74	-8.02
59901.74	-8.022
59902.74	-8.019
59903.74	-8.02
59904.74	-8.019
59905.74	-8.019
59906.74	-8.021
59907.74	-8.022
59908.74	-8.022
59909.74	-8.021
59910.74	-8.021
59911.74	-8.02
59912.74	-8.019
59913.74	-8.022
59914.74	-8.022
59915.74	-8.022
59916.74	-8.02
59917.74	-8.02
59918.74	-8.023
59919.74	-8.022
59920.74	-8.021
59921.74	-8.021
59922.74	-8.019
59923.74	-8.024
59924.74	-8.024
59925.74	-8.022
59926.74	-8.021
59927.74	-8.02
59928.74	-8.02
59929.74	-8.021
59930.74	-8.021
59931.74	-8.022
59932.74	-8.02
59933.74	-8.021
59934.74	-8.018
59935.74	-8.022
59936.74	-8.02
59937.74	-8.021
59938.74	-8.022
59939.74	-8.023
59940.74	-8.022
59941.74	-8.023
59942.74	-8.022
59943.74	-8.022
59944.74	-8.021
59945.74	-8.022
59946.74	-8.021
59947.74	-8.02
59948.74	-8.021
59949.74	-8.022
59950.74	-8.02
59951.74	-8.02
59952.74	-8.021
59953.74	-8.025
59954.74	-8.019
59955.74	-8.022
59956.74	-8.02
59957.74	-8.023
59958.74	-8.022
59959.74	-8.023
59960.74	-8.02
59961.74	-8.022
59962.74	-8.022
59963.74	-8.021
59964.74	-8.022
59965.74	-8.02
59966.74	-8.021
59967.74	-8.022
59968.74	-8.023
59969.74	-8.021
59970.74	-8.02
59971.74	-8.022
59972.74	-8.023
59973.74	-8.025
59974.74	-8.021
59975.74	-8.021
59976.74	-8.018
59977.74	-8.024
59978.74	-8.021
59979.74	-8.024
59980.74	-8.022
59981.74	-8.021
59982.74	-8.021
59983.74	-8.022
59984.74	-8.02
59985.74	-8.02
59986.74	-8.023
59987.74	-8.019
59988.74	-8.022
59989.74	-8.023
59990.74	-8.023
59991.74	-8.022
59992.74	-8.022
59993.74	-8.022
59994.74	-8.022
59995.74	-8.021
59996.74	-8.021
59997.74	-8.025
59998.74	-8.024
59999.74	-8.023
60000.74	-8.023
60001.74	-8.023
60002.74	-8.018
60003.74	-8.021
60004.74	-8.019
60005.74	-8.019
60006.74	-8.019
60007.74	-8.021
60008.74	-8.021
60009.74	-8.017
60010.74	-8.02
60011.74	-8.022
60012.74	-8.02
60013.74	-8.022
60014.74	-8.022
60015.74	-8.022
60016.74	-8.022
60017.74	-8.02
60018.74	-8.022
60019.74	-8.021
60020.74	-8.021
60021.74	-8.021
60022.74	-8.024
60023.74	-8.021
60024.74	-8.021
60025.74	-8.019
60026.74	-8.021
60027.74	-8.02
60028.74	-8.021
60029.74	-8.017
60030.74	-8.021
60031.74	-8.024
60032.74	-8.022
60033.74	-8.022
60034.74	-8.024
60035.74	-8.02
60036.74	-8.024
60037.74	-8.021
60038.74	-8.023
60039.74	-8.02
60040.74	-8.02
60041.74	-8.02
60042.74	-8.02
60043.74	-8.023
60044.74	-8.021
60045.74	-8.022
60046.74	-8.023
60047.74	-8.02
60048.74	-8.021
60049.74	-8.022
60050.74	-8.022
60051.74	-8.022
60052.74	-8.024
60053.74	-8.021
60054.74	-8.022
60055.74	-8.02
60056.74	-8.021
60057.74	-8.02
60058.74	-8.021
60059.74	-8.02
60060.74	-8.023
60061.74	-8.022
60062.74	-8.023
60063.74	-8.023
60064.74	-8.025
60065.74	-8.022
60066.74	-8.02
60067.74	-8.022
60068.74	-8.021
60069.74	-8.023
60070.74	-8.022
60071.74	-8.021
60072.74	-8.022
60073.74	-8.022
60074.74	-8.023
60075.74	-8.019
60076.74	-8.02
60077.74	-8.021
60078.74	-8.02
60079.74	-8.024
60080.74	-8.021
60081.74	-8.021
60082.74	-8.025
60083.74	-8.022
60084.74	-8.023
60085.74	-8.021
60086.74	-8.024
60087.74	-8.023
60088.74	-8.022
60089.74	-8.022
60090.74	-8.02
60091.74	-8.022
60092.74	-8.02
60093.74	-8.022
60094.74	-8.019
60095.74	-8.022
60096.74	-8.021
60097.74	-8.019
60098.74	-8.021
60099.74	-8.021
60100.74	-8.023
60101.74	-8.022
60102.74	-8.022
60103.74	-8.023
60104.74	-8.023
60105.74	-8.022
60106.74	-8.022
60107.74	-8.022
60108.74	-8.025
60109.74	-8.022
60110.74	-8.022
60111.74	-8.024
60112.74	-8.023
60113.74	-8.022
60114.74	-8.02
60115.74	-8.02
60116.74	-8.023
60117.74	-8.023
60118.74	-8.021
60119.74	-8.021
60120.74	-8.021
60121.74	-8.021
60122.74	-8.022
60123.74	-8.022
60124.74	-8.023
60125.74	-8.022
60126.74	-8.023
60127.74	-8.023
60128.74	-8.022
60129.74	-8.023
60130.74	-8.022
60131.74	-8.019
60132.74	-8.019
60133.74	-8.022
60134.74	-8.024
60135.74	-8.024
60136.74	-8.023
60137.74	-8.024
60138.74	-8.023
60139.74	-8.02
60140.74	-8.023
60141.74	-8.021
60142.74	-8.024
60143.74	-8.024
60144.74	-8.021
60145.74	-8.022
60146.74	-8.022
60147.74	-8.022
60148.74	-8.025
60149.74	-8.021
60150.74	-8.021
60151.74	-8.023
60152.74	-8.022
60153.74	-8.025
60154.74	-8.022
60155.74	-8.019
60156.74	-8.021
60157.74	-8.02
60158.74	-8.022
60159.74	-8.022
60160.74	-8.022
60161.74	-8.023
60162.74	-8.022
60163.74	-8.019
60164.74	-8.025
60165.74	-8.024
60166.74	-8.022
60167.74	-8.02
60168.74	-8.021
60169.74	-8.022
60170.74	-8.022
60171.74	-8.021
60172.74	-8.022
60173.74	-8.023
60174.74	-8.021
60175.74	-8.018
60176.74	-8.022
60177.74	-8.021
60178.74	-8.019
60179.74	-8.022
60180.74	-8.021
60181.74	-8.019
60182.74	-8.023
60183.74	-8.021
60184.74	-8.02
60185.74	-8.021
60186.74	-8.022
60187.74	-8.021
60188.74	-8.02
60189.74	-8.022
60190.74	-8.022
60191.74	-8.022
60192.74	-8.022
60193.74	-8.023
60194.74	-8.023
60195.74	-8.024
60196.74	-8.022
60197.74	-8.022
60198.74	-8.022
60199.74	-8.023
60200.74	-8.022
60201.74	-8.022
60202.74	-8.021
60203.74	-8.021
60204.74	-8.023
60205.74	-8.023
60206.74	-8.025
60207.74	-8.024
60208.74	-8.02
60209.74	-8.022
60210.74	-8.02
60210.76	0
60211.74	0
60212.74	0
60213.74	0
60214.74	0
60215.74	0
60216.74	0
60217.74	0
60218.74	0
60219.74	0
60220.74	0
60221.74	0
60222.74	0
60223.74	0
60224.74	0
60225.74	0
60226.74	0
60227.74	0
60228.74	0
60229.74	0
60230.74	0
60231.74	0
60232.74	0
60233.74	0
60234.74	0
60235.74	0
60236.74	0
60237.74	0
60238.74	0
60239.74	0
60240.74	0
60241.74	0
60242.74	0
60243.74	0
60244.74	0
60245.74	0
60246.74	0
60247.74	0
60248.74	0
60249.74	0
60250.74	0
60251.74	0
60252.74	0
60253.74	0
60254.74	0
60255.74	0
60256.74	0
60257.74	0
60258.74	0
60259.74	0
60260.74	0
60261.74	0
60262.74	0
60263.74	0
60264.74	0
60265.74	0
60266.74	0
60267.74	0
60268.74	0
60269.74	0
60270.74	0
60271.74	0
60272.74	0
60273.74	0
60274.74	0
60275.74	0
60276.74	0
60277.74	0
60278.74	0
60279.74	0
60280.74	0
60281.74	0
60282.74	0
60283.74	0
60284.74	0
60285.74	0
60286.74	0
60287.74	0
60288.74	0
60289.74	0
60290.74	0
60291.74	0
60292.74	0
60293.74	0
60294.74	0
60295.74	0
60296.74	0
60297.74	0
60298.74	0
60299.74	0
60300.74	0
60301.74	0
60302.74	0
60303.74	0
60304.74	0
60305.74	0
60306.74	0
60307.74	0
60308.74	0
60309.74	0
60310.74	0
60311.74	0
60312.74	0
60313.74	0
60314.74	0
60315.74	0
60316.74	0
60317.74	0
60318.74	0
60319.74	0
60320.74	0
60321.74	0
60322.74	0
60323.74	0
60324.74	0
60325.74	0
60326.74	0
60327.74	0
60328.74	0
60329.74	0
60330.74	0
60331.74	0
60332.74	0
60333.74	0
60334.74	0
60335.74	0
60336.74	0
60337.74	0
60338.74	0
60339.74	0
60340.74	0
60341.74	0
60342.74	0
60343.74	0
60344.74	0
60345.74	0
60346.74	0
60347.74	0
60348.74	0
60349.74	0
60350.74	0
60351.74	0
60352.74	0
60353.74	0
60354.74	0
60355.74	0
60356.74	0
60357.74	0
60358.74	0
60359.74	0
60360.74	0
60361.74	0
60362.74	0
60363.74	0
60364.74	0
60365.74	0
60366.74	0
60367.74	0
60368.74	0
60369.74	0
60370.74	0
60371.74	0
60372.74	0
60373.74	0
60374.74	0
60375.74	0
60376.74	0
60377.74	0
60378.74	0
60379.74	0
60380.74	0
60381.74	0
60382.74	0
60383.74	0
60384.74	0
60385.74	0
60386.74	0
60387.74	0
60388.74	0
60389.74	0
60390.74	0
60391.74	0
60392.74	0
60393.74	0
60394.74	0
60395.74	0
60396.74	0
60397.74	0
60398.74	0
60399.74	0
60400.74	0
60401.74	0
60402.74	0
60403.74	0
60404.74	0
60405.74	0
60406.74	0
60407.74	0
60408.74	0
60409.74	0
60410.74	0
60411.74	0
60412.74	0
60413.74	0
60414.74	0
60415.74	0
60416.74	0
60417.74	0
60418.74	0
60419.74	0
60420.74	0
60421.74	0
60422.74	0
60423.74	0
60424.74	0
60425.74	0
60426.74	0
60427.74	0
60428.74	0
60429.74	0
60430.74	0
60431.74	0
60432.74	0
60433.74	0
60434.74	0
60435.74	0
60436.74	0
60437.74	0
60438.74	0
60439.74	0
60440.74	0
60441.74	0
60442.74	0
60443.74	0
60444.74	0
60445.74	0
60446.74	0
60447.74	0
60448.74	0
60449.74	0
60450.74	0
60451.74	0
60452.74	0
60453.74	0
60454.74	0
60455.74	0
60456.74	0
60457.74	0
60458.74	0
60459.74	0
60460.74	0
60461.74	0
60462.74	0
60463.74	0
60464.74	0
60465.74	0
60466.74	0
60467.74	0
60468.74	0
60469.74	0
60470.74	0
60471.74	0
60472.74	0
60473.74	0
60474.74	0
60475.74	0
60476.74	0
60477.74	0
60478.74	0
60479.74	0
60480.74	0
60481.74	0
60482.74	0
60483.74	0
60484.74	0
60485.74	0
60486.74	0
60487.74	0
60488.74	0
60489.74	0
60490.74	0
60491.74	0
60492.74	0
60493.74	0
60494.74	0
60495.74	0
60496.74	0
60497.74	0
60498.74	0
60499.74	0
60500.74	0
60501.74	0
60502.74	0
60503.74	0
60504.74	0
60505.74	0
60506.74	0
60507.74	0
60508.74	0
60509.74	0
60510.74	0
60511.74	0
60512.74	0
60513.74	0
60514.74	0
60515.74	0
60516.74	0
60517.74	0
60518.74	0
60519.74	0
60520.74	0
60521.74	0
60522.74	0
60523.74	0
60524.74	0
60525.74	0
60526.74	0
60527.74	0
60528.74	0
60529.74	0
60530.74	0
60531.74	0
60532.74	0
60533.74	0
60534.74	0
60535.74	0
60536.74	0
60537.74	0
60538.74	0
60539.74	0
60540.74	0
60541.74	0
60542.74	0
60543.74	0
60544.74	0
60545.74	0
60546.74	0
60547.74	0
60548.74	0
60549.74	0
60550.74	0
60551.74	0
60552.74	0
60553.74	0
60554.74	0
60555.74	0
60556.74	0
60557.74	0
60558.74	0
60559.74	0
60560.74	0
60561.74	0
60562.74	0
60563.74	0
60564.74	0
60565.74	0
60566.74	0
60567.74	0
60568.74	0
60569.74	0
60570.74	0
60571.74	0
60572.74	0
60573.74	0
60574.74	0
60575.74	0
60576.74	0
60577.74	0
60578.74	0
60579.74	0
60580.74	0
60581.74	0
60582.74	0
60583.74	0
60584.74	0
60585.74	0
60586.74	0
60587.74	0
60588.74	0
60589.74	0
60590.74	0
60591.74	0
60592.74	0
60593.74	0
60594.74	0
60595.74	0
60596.74	0
60597.74	0
60598.74	0
60599.74	0
60600.74	0
60601.74	0
60602.74	0
60603.74	0
60604.74	0
60605.74	0
60606.74	0
60607.74	0
60608.74	0
60609.74	0
60610.74	0
60611.74	0
60612.74	0
60613.74	0
60614.74	0
60615.74	0
60616.74	0
60617.74	0
60618.74	0
60619.74	0
60620.74	0
60621.74	0
60622.74	0
60623.74	0
60624.74	0
60625.74	0
60626.74	0
60627.74	0
60628.74	0
60629.74	0
60630.74	0
60631.74	0
60632.74	0
60633.74	0
60634.74	0
60635.74	0
60636.74	0
60637.74	0
60638.74	0
60639.74	0
60640.74	0
60641.74	0
60642.74	0
60643.74	0
60644.74	0
60645.74	0
60646.74	0
60647.74	0
60648.74	0
60649.74	0
60650.74	0
60651.74	0
60652.74	0
60653.74	0
60654.74	0
60655.74	0
60656.74	0
60657.74	0
60658.74	0
60659.74	0
60660.74	0
60661.74	0
60662.74	0
60663.74	0
60664.74	0
60665.74	0
60666.74	0
60667.74	0
60668.74	0
60669.74	0
60670.74	0
60671.74	0
60672.74	0
60673.74	0
60674.74	0
60675.74	0
60676.74	0
60677.74	0
60678.74	0
60679.74	0
60680.74	0
60681.74	0
60682.74	0
60683.74	0
60684.74	0
60685.74	0
60686.74	0
60687.74	0
60688.74	0
60689.74	0
60690.74	0
60691.74	0
60692.74	0
60693.74	0
60694.74	0
60695.74	0
60696.74	0
60697.74	0
60698.74	0
60699.74	0
60700.74	0
60701.74	0
60702.74	0
60703.74	0
60704.74	0
60705.74	0
60706.74	0
60707.74	0
60708.74	0
60709.74	0
60710.74	0
60711.74	0
60712.74	0
60713.74	0
60714.74	0
60715.74	0
60716.74	0
60717.74	0
60718.74	0
60719.74	0
60720.74	0
60721.74	0
60722.74	0
60723.74	0
60724.74	0
60725.74	0
60726.74	0
60727.74	0
60728.74	0
60729.74	0
60730.74	0
60731.74	0
60732.74	0
60733.74	0
60734.74	0
60735.74	0
60736.74	0
60737.74	0
60738.74	0
60739.74	0
60740.74	0
60741.74	0
60742.74	0
60743.74	0
60744.74	0
60745.74	0
60746.74	0
60747.74	0
60748.74	0
60749.74	0
60750.74	0
60751.74	0
60752.74	0
60753.74	0
60754.74	0
60755.74	0
60756.74	0
60757.74	0
60758.74	0
60759.74	0
60760.74	0
60761.74	0
60762.74	0
60763.74	0
60764.74	0
60765.74	0
60766.74	0
60767.74	0
60768.74	0
60769.74	0
60770.74	0
60771.74	0
60772.74	0
60773.74	0
60774.74	0
60775.74	0
60776.74	0
60777.74	0
60778.74	0
60779.74	0
60780.74	0
60781.74	0
60782.74	0
60783.74	0
60784.74	0
60785.74	0
60786.74	0
60787.74	0
60788.74	0
60789.74	0
60790.74	0
60791.74	0
60792.74	0
60793.74	0
60794.74	0
60795.74	0
60796.74	0
60797.74	0
60798.74	0
60799.74	0
60800.74	0
60801.74	0
60802.74	0
60803.74	0
60804.74	0
60805.74	0
60806.74	0
60807.74	0
60808.74	0
60809.74	0
60810.74	0
60811.74	0
60812.74	0
60813.74	0
60814.74	0
60815.74	0
60816.74	0
60817.74	0
60818.74	0
60819.74	0
60820.74	0
60821.74	0
60822.74	0
60823.74	0
60824.74	0
60825.74	0
60826.74	0
60827.74	0
60828.74	0
60829.74	0
60830.74	0
60831.74	0
60832.74	0
60833.74	0
60834.74	0
60835.74	0
60836.74	0
60837.74	0
60838.74	0
60839.74	0
60840.74	0
60841.74	0
60842.74	0
60843.74	0
60844.74	0
60845.74	0
60846.74	0
60847.74	0
60848.74	0
60849.74	0
60850.74	0
60851.74	0
60852.74	0
60853.74	0
60854.74	0
60855.74	0
60856.74	0
60857.74	0
60858.74	0
60859.74	0
60860.74	0
60861.74	0
60862.74	0
60863.74	0
60864.74	0
60865.74	0
60866.74	0
60867.74	0
60868.74	0
60869.74	0
60870.74	0
60871.74	0
60872.74	0
60873.74	0
60874.74	0
60875.74	0
60876.74	0
60877.74	0
60878.74	0
60879.74	0
60880.74	0
60881.74	0
60882.74	0
60883.74	0
60884.74	0
60885.74	0
60886.74	0
60887.74	0
60888.74	0
60889.74	0
60890.74	0
60891.74	0
60892.74	0
60893.74	0
60894.74	0
60895.74	0
60896.74	0
60897.74	0
60898.74	0
60899.74	0
60900.74	0
60901.74	0
60902.74	0
60903.74	0
60904.74	0
60905.74	0
60906.74	0
60907.74	0
60908.74	0
60909.74	0
60910.74	0
60911.74	0
60912.74	0
60913.74	0
60914.74	0
60915.74	0
60916.74	0
60917.74	0
60918.74	0
60919.74	0
60920.74	0
60921.74	0
60922.74	0
60923.74	0
60924.74	0
60925.74	0
60926.74	0
60927.74	0
60928.74	0
60929.74	0
60930.74	0
60931.74	0
60932.74	0
60933.74	0
60934.74	0
60935.74	0
60936.74	0
60937.74	0
60938.74	0
60939.74	0
60940.74	0
60941.74	0
60942.74	0
60943.74	0
60944.74	0
60945.74	0
60946.74	0
60947.74	0
60948.74	0
60949.74	0
60950.74	0
60951.74	0
60952.74	0
60953.74	0
60954.74	0
60955.74	0
60956.74	0
60957.74	0
60958.74	0
60959.74	0
60960.74	0
60961.74	0
60962.74	0
60963.74	0
60964.74	0
60965.74	0
60966.74	0
60967.74	0
60968.74	0
60969.74	0
60970.74	0
60971.74	0
60972.74	0
60973.74	0
60974.74	0
60975.74	0
60976.74	0
60977.74	0
60978.74	0
60979.74	0
60980.74	0
60981.74	0
60982.74	0
60983.74	0
60984.74	0
60985.74	0
60986.74	0
60987.74	0
60988.74	0
60989.74	0
60990.74	0
60991.74	0
60992.74	0
60993.74	0
60994.74	0
60995.74	0
60996.74	0
60997.74	0
60998.74	0
60999.74	0
61000.74	0
61001.74	0
61002.74	0
61003.74	0
61004.74	0
61005.74	0
61006.74	0
61007.74	0
61008.74	0
61009.74	0
61010.74	0
61011.74	0
61012.74	0
61013.74	0
61014.74	0
61015.74	0
61016.74	0
61017.74	0
61018.74	0
61019.74	0
61020.74	0
61021.74	0
61022.74	0
61023.74	0
61024.74	0
61025.74	0
61026.74	0
61027.74	0
61028.74	0
61029.74	0
61030.74	0
61031.74	0
61032.74	0
61033.74	0
61034.74	0
61035.74	0
61036.74	0
61037.74	0
61038.74	0
61039.74	0
61040.74	0
61041.74	0
61042.74	0
61043.74	0
61044.74	0
61045.74	0
61046.74	0
61047.74	0
61048.74	0
61049.74	0
61050.74	0
61051.74	0
61052.74	0
61053.74	0
61054.74	0
61055.74	0
61056.74	0
61057.74	0
61058.74	0
61059.74	0
61060.74	0
61061.74	0
61062.74	0
61063.74	0
61064.74	0
61065.74	0
61066.74	0
61067.74	0
61068.74	0
61069.74	0
61070.74	0
61071.74	0
61072.74	0
61073.74	0
61074.74	0
61075.74	0
61076.74	0
61077.74	0
61078.74	0
61079.74	0
61080.74	0
61081.74	0
61082.74	0
61083.74	0
61084.74	0
61085.74	0
61086.74	0
61087.74	0
61088.74	0
61089.74	0
61090.74	0
61091.74	0
61092.74	0
61093.74	0
61094.74	0
61095.74	0
61096.74	0
61097.74	0
61098.74	0
61099.74	0
61100.74	0
61101.74	0
61102.74	0
61103.74	0
61104.74	0
61105.74	0
61106.74	0
61107.74	0
61108.74	0
61109.74	0
61110.74	0
61111.74	0
61112.74	0
61113.74	0
61114.74	0
61115.74	0
61116.74	0
61117.74	0
61118.74	0
61119.74	0
61120.74	0
61121.74	0
61122.74	0
61123.74	0
61124.74	0
61125.74	0
61126.74	0
61127.74	0
61128.74	0
61129.74	0
61130.74	0
61131.74	0
61132.74	0
61133.74	0
61134.74	0
61135.74	0
61136.74	0
61137.74	0
61138.74	0
61139.74	0
61140.74	0
61141.74	0
61142.74	0
61143.74	0
61144.74	0
61145.74	0
61146.74	0
61147.74	0
61148.74	0
61149.74	0
61150.74	0
61151.74	0
61152.74	0
61153.74	0
61154.74	0
61155.74	0
61156.74	0
61157.74	0
61158.74	0
61159.74	0
61160.74	0
61161.74	0
61162.74	0
61163.74	0
61164.74	0
61165.74	0
61166.74	0
61167.74	0
61168.74	0
61169.74	0
61170.74	0
61171.74	0
61172.74	0
61173.74	0
61174.74	0
61175.74	0
61176.74	0
61177.74	0
61178.74	0
61179.74	0
61180.74	0
61181.74	0
61182.74	0
61183.74	0
61184.74	0
61185.74	0
61186.74	0
61187.74	0
61188.74	0
61189.74	0
61190.74	0
61191.74	0
61192.74	0
61193.74	0
61194.74	0
61195.74	0
61196.74	0
61197.74	0
61198.74	0
61199.74	0
61200.74	0
61201.74	0
61202.74	0
61203.74	0
61204.74	0
61205.74	0
61206.74	0
61207.74	0
61208.74	0
61209.74	0
61210.74	0
61211.74	0
61212.74	0
61213.74	0
61214.74	0
61215.74	0
61216.74	0
61217.74	0
61218.74	0
61219.74	0
61220.74	0
61221.74	0
61222.74	0
61223.74	0
61224.74	0
61225.74	0
61226.74	0
61227.74	0
61228.74	0
61229.74	0
61230.74	0
61231.74	0
61232.74	0
61233.74	0
61234.74	0
61235.74	0
61236.74	0
61237.74	0
61238.74	0
61239.74	0
61240.74	0
61241.74	0
61242.74	0
61243.74	0
61244.74	0
61245.74	0
61246.74	0
61247.74	0
61248.74	0
61249.74	0
61250.74	0
61251.74	0
61252.74	0
61253.74	0
61254.74	0
61255.74	0
61256.74	0
61257.74	0
61258.74	0
61259.74	0
61260.74	0
61261.74	0
61262.74	0
61263.74	0
61264.74	0
61265.74	0
61266.74	0
61267.74	0
61268.74	0
61269.74	0
61270.74	0
61271.74	0
61272.74	0
61273.74	0
61274.74	0
61275.74	0
61276.74	0
61277.74	0
61278.74	0
61279.74	0
61280.74	0
61281.74	0
61282.74	0
61283.74	0
61284.74	0
61285.74	0
61286.74	0
61287.74	0
61288.74	0
61289.74	0
61290.74	0
61291.74	0
61292.74	0
61293.74	0
61294.74	0
61295.74	0
61296.74	0
61297.74	0
61298.74	0
61299.74	0
61300.74	0
61301.74	0
61302.74	0
61303.74	0
61304.74	0
61305.74	0
61306.74	0
61307.74	0
61308.74	0
61309.74	0
61310.74	0
61311.74	0
61312.74	0
61313.74	0
61314.74	0
61315.74	0
61316.74	0
61317.74	0
61318.74	0
61319.74	0
61320.74	0
61321.74	0
61322.74	0
61323.74	0
61324.74	0
61325.74	0
61326.74	0
61327.74	0
61328.74	0
61329.74	0
61330.74	0
61331.74	0
61332.74	0
61333.74	0
61334.74	0
61335.74	0
61336.74	0
61337.74	0
61338.74	0
61339.74	0
61340.74	0
61341.74	0
61342.74	0
61343.74	0
61344.74	0
61345.74	0
61346.74	0
61347.74	0
61348.74	0
61349.74	0
61350.74	0
61351.74	0
61352.74	0
61353.74	0
61354.74	0
61355.74	0
61356.74	0
61357.74	0
61358.74	0
61359.74	0
61360.74	0
61361.74	0
61362.74	0
61363.74	0
61364.74	0
61365.74	0
61366.74	0
61367.74	0
61368.74	0
61369.74	0
61370.74	0
61371.74	0
61372.74	0
61373.74	0
61374.74	0
61375.74	0
61376.74	0
61377.74	0
61378.74	0
61379.74	0
61380.74	0
61381.74	0
61382.74	0
61383.74	0
61384.74	0
61385.74	0
61386.74	0
61387.74	0
61388.74	0
61389.74	0
61390.74	0
61391.74	0
61392.74	0
61393.74	0
61394.74	0
61395.74	0
61396.74	0
61397.74	0
61398.74	0
61399.74	0
61400.74	0
61401.74	0
61402.74	0
61403.74	0
61404.74	0
61405.74	0
61406.74	0
61407.74	0
61408.74	0
61409.74	0
61410.74	0
61411.74	0
61412.74	0
61413.74	0
61414.74	0
61415.74	0
61416.74	0
61417.74	0
61418.74	0
61419.74	0
61420.74	0
61421.74	0
61422.74	0
61423.74	0
61424.74	0
61425.74	0
61426.74	0
61427.74	0
61428.74	0
61429.74	0
61430.74	0
61431.74	0
61432.74	0
61433.74	0
61434.74	0
61435.74	0
61436.74	0
61437.74	0
61438.74	0
61439.74	0
61440.74	0
61441.74	0
61442.74	0
61443.74	0
61444.74	0
61445.74	0
61446.74	0
61447.74	0
61448.74	0
61449.74	0
61450.74	0
61451.74	0
61452.74	0
61453.74	0
61454.74	0
61455.74	0
61456.74	0
61457.74	0
61458.74	0
61459.74	0
61460.74	0
61461.74	0
61462.74	0
61463.74	0
61464.74	0
61465.74	0
61466.74	0
61467.74	0
61468.74	0
61469.74	0
61470.74	0
61471.74	0
61472.74	0
61473.74	0
61474.74	0
61475.74	0
61476.74	0
61477.74	0
61478.74	0
61479.74	0
61480.74	0
61481.74	0
61482.74	0
61483.74	0
61484.74	0
61485.74	0
61486.74	0
61487.74	0
61488.74	0
61489.74	0
61490.74	0
61491.74	0
61492.74	0
61493.74	0
61494.74	0
61495.74	0
61496.74	0
61497.74	0
61498.74	0
61499.74	0
61500.74	0
61501.74	0
61502.74	0
61503.74	0
61504.74	0
61505.74	0
61506.74	0
61507.74	0
61508.74	0
61509.74	0
61510.74	0
61511.74	0
61512.74	0
61513.74	0
61514.74	0
61515.74	0
61516.74	0
61517.74	0
61518.74	0
61519.74	0
61520.74	0
61521.74	0
61522.74	0
61523.74	0
61524.74	0
61525.74	0
61526.74	0
61527.74	0
61528.74	0
61529.74	0
61530.74	0
61531.74	0
61532.74	0
61533.74	0
61534.74	0
61535.74	0
61536.74	0
61537.74	0
61538.74	0
61539.74	0
61540.74	0
61541.74	0
61542.74	0
61543.74	0
61544.74	0
61545.74	0
61546.74	0
61547.74	0
61548.74	0
61549.74	0
61550.74	0
61551.74	0
61552.74	0
61553.74	0
61554.74	0
61555.74	0
61556.74	0
61557.74	0
61558.74	0
61559.74	0
61560.74	0
61561.74	0
61562.74	0
61563.74	0
61564.74	0
61565.74	0
61566.74	0
61567.74	0
61568.74	0
61569.74	0
61570.74	0
61571.74	0
61572.74	0
61573.74	0
61574.74	0
61575.74	0
61576.74	0
61577.74	0
61578.74	0
61579.74	0
61580.74	0
61581.74	0
61582.74	0
61583.74	0
61584.74	0
61585.74	0
61586.74	0
61587.74	0
61588.74	0
61589.74	0
61590.74	0
61591.74	0
61592.74	0
61593.74	0
61594.74	0
61595.74	0
61596.74	0
61597.74	0
61598.74	0
61599.74	0
61600.74	0
61601.74	0
61602.74	0
61603.74	0
61604.74	0
61605.74	0
61606.74	0
61607.74	0
61608.74	0
61609.74	0
61610.74	0
61611.74	0
61612.74	0
61613.74	0
61614.74	0
61615.74	0
61616.74	0
61617.74	0
61618.74	0
61619.74	0
61620.74	0
61621.74	0
61622.74	0
61623.74	0
61624.74	0
61625.74	0
61626.74	0
61627.74	0
61628.74	0
61629.74	0
61630.74	0
61631.74	0
61632.74	0
61633.74	0
61634.74	0
61635.74	0
61636.74	0
61637.74	0
61638.74	0
61639.74	0
61640.74	0
61641.74	0
61642.74	0
61643.74	0
61644.74	0
61645.74	0
61646.74	0
61647.74	0
61648.74	0
61649.74	0
61650.74	0
61651.74	0
61652.74	0
61653.74	0
61654.74	0
61655.74	0
61656.74	0
61657.74	0
61658.74	0
61659.74	0
61660.74	0
61661.74	0
61662.74	0
61663.74	0
61664.74	0
61665.74	0
61666.74	0
61667.74	0
61668.74	0
61669.74	0
61670.74	0
61671.74	0
61672.74	0
61673.74	0
61674.74	0
61675.74	0
61676.74	0
61677.74	0
61678.74	0
61679.74	0
61680.74	0
61681.74	0
61682.74	0
61683.74	0
61684.74	0
61685.74	0
61686.74	0
61687.74	0
61688.74	0
61689.74	0
61690.74	0
61691.74	0
61692.74	0
61693.74	0
61694.74	0
61695.74	0
61696.74	0
61697.74	0
61698.74	0
61699.74	0
61700.74	0
61701.74	0
61702.74	0
61703.74	0
61704.74	0
61705.74	0
61706.74	0
61707.74	0
61708.74	0
61709.74	0
61710.74	0
61711.74	0
61712.74	0
61713.74	0
61714.74	0
61715.74	0
61716.74	0
61717.74	0
61718.74	0
61719.74	0
61720.74	0
61721.74	0
61722.74	0
61723.74	0
61724.74	0
61725.74	0
61726.74	0
61727.74	0
61728.74	0
61729.74	0
61730.74	0
61731.74	0
61732.74	0
61733.74	0
61734.74	0
61735.74	0
61736.74	0
61737.74	0
61738.74	0
61739.74	0
61740.74	0
61741.74	0
61742.74	0
61743.74	0
61744.74	0
61745.74	0
61746.74	0
61747.74	0
61748.74	0
61749.74	0
61750.74	0
61751.74	0
61752.74	0
61753.74	0
61754.74	0
61755.74	0
61756.74	0
61757.74	0
61758.74	0
61759.74	0
61760.74	0
61761.74	0
61762.74	0
61763.74	0
61764.74	0
61765.74	0
61766.74	0
61767.74	0
61768.74	0
61769.74	0
61770.74	0
61771.74	0
61772.74	0
61773.74	0
61774.74	0
61775.74	0
61776.74	0
61777.74	0
61778.74	0
61779.74	0
61780.74	0
61781.74	0
61782.74	0
61783.74	0
61784.74	0
61785.74	0
61786.74	0
61787.74	0
61788.74	0
61789.74	0
61790.74	0
61791.74	0
61792.74	0
61793.74	0
61794.74	0
61795.74	0
61796.74	0
61797.74	0
61798.74	0
61799.74	0
61800.74	0
61801.74	0
61802.74	0
61803.74	0
61804.74	0
61805.74	0
61806.74	0
61807.74	0
61808.74	0
61809.74	0
61810.74	0
61811.74	0
61812.74	0
61813.74	0
61814.74	0
61815.74	0
61816.74	0
61817.74	0
61818.74	0
61819.74	0
61820.74	0
61821.74	0
61822.74	0
61823.74	0
61824.74	0
61825.74	0
61826.74	0
61827.74	0
61828.74	0
61829.74	0
61830.74	0
61831.74	0
61832.74	0
61833.74	0
61834.74	0
61835.74	0
61836.74	0
61837.74	0
61838.74	0
61839.74	0
61840.74	0
61841.74	0
61842.74	0
61843.74	0
61844.74	0
61845.74	0
61846.74	0
61847.74	0
61848.74	0
61849.74	0
61850.74	0
61851.74	0
61852.74	0
61853.74	0
61854.74	0
61855.74	0
61856.74	0
61857.74	0
61858.74	0
61859.74	0
61860.74	0
61861.74	0
61862.74	0
61863.74	0
61864.74	0
61865.74	0
61866.74	0
61867.74	0
61868.74	0
61869.74	0
61870.74	0
61871.74	0
61872.74	0
61873.74	0
61874.74	0
61875.74	0
61876.74	0
61877.74	0
61878.74	0
61879.74	0
61880.74	0
61881.74	0
61882.74	0
61883.74	0
61884.74	0
61885.74	0
61886.74	0
61887.74	0
61888.74	0
61889.74	0
61890.74	0
61891.74	0
61892.74	0
61893.74	0
61894.74	0
61895.74	0
61896.74	0
61897.74	0
61898.74	0
61899.74	0
61900.74	0
61901.74	0
61902.74	0
61903.74	0
61904.74	0
61905.74	0
61906.74	0
61907.74	0
61908.74	0
61909.74	0
61910.74	0
61911.74	0
61912.74	0
61913.74	0
61914.74	0
61915.74	0
61916.74	0
61917.74	0
61918.74	0
61919.74	0
61920.74	0
61921.74	0
61922.74	0
61923.74	0
61924.74	0
61925.74	0
61926.74	0
61927.74	0
61928.74	0
61929.74	0
61930.74	0
61931.74	0
61932.74	0
61933.74	0
61934.74	0
61935.74	0
61936.74	0
61937.74	0
61938.74	0
61939.74	0
61940.74	0
61941.74	0
61942.74	0
61943.74	0
61944.74	0
61945.74	0
61946.74	0
61947.74	0
61948.74	0
61949.74	0
61950.74	0
61951.74	0
61952.74	0
61953.74	0
61954.74	0
61955.74	0
61956.74	0
61957.74	0
61958.74	0
61959.74	0
61960.74	0
61961.74	0
61962.74	0
61963.74	0
61964.74	0
61965.74	0
61966.74	0
61967.74	0
61968.74	0
61969.74	0
61970.74	0
61971.74	0
61972.74	0
61973.74	0
61974.74	0
61975.74	0
61976.74	0
61977.74	0
61978.74	0
61979.74	0
61980.74	0
61981.74	0
61982.74	0
61983.74	0
61984.74	0
61985.74	0
61986.74	0
61987.74	0
61988.74	0
61989.74	0
61990.74	0
61991.74	0
61992.74	0
61993.74	0
61994.74	0
61995.74	0
61996.74	0
61997.74	0
61998.74	0
61999.74	0
62000.74	0
62001.74	0
62002.74	0
62003.74	0
62004.74	0
62005.74	0
62006.74	0
62007.74	0
62008.74	0
62009.74	0
62010.74	0
62011.74	0
62012.74	0
62013.74	0
62014.74	0
62015.74	0
62016.74	0
62017.74	0
62018.74	0
62019.74	0
62020.74	0
62021.74	0
62022.74	0
62023.74	0
62024.74	0
62025.74	0
62026.74	0
62027.74	0
62028.74	0
62029.74	0
62030.74	0
62031.74	0
62032.74	0
62033.74	0
62034.74	0
62035.74	0
62036.74	0
62037.74	0
62038.74	0
62039.74	0
62040.74	0
62041.74	0
62042.74	0
62043.74	0
62044.74	0
62045.74	0
62046.74	0
62047.74	0
62048.74	0
62049.74	0
62050.74	0
62051.74	0
62052.74	0
62053.74	0
62054.74	0
62055.74	0
62056.74	0
62057.74	0
62058.74	0
62059.74	0
62060.74	0
62061.74	0
62062.74	0
62063.74	0
62064.74	0
62065.74	0
62066.74	0
62067.74	0
62068.74	0
62069.74	0
62070.74	0
62071.74	0
62072.74	0
62073.74	0
62074.74	0
62075.74	0
62076.74	0
62077.74	0
62078.74	0
62079.74	0
62080.74	0
62081.74	0
62082.74	0
62083.74	0
62084.74	0
62085.74	0
62086.74	0
62087.74	0
62088.74	0
62089.74	0
62090.74	0
62091.74	0
62092.74	0
62093.74	0
62094.74	0
62095.74	0
62096.74	0
62097.74	0
62098.74	0
62099.74	0
62100.74	0
62101.74	0
62102.74	0
62103.74	0
62104.74	0
62105.74	0
62106.74	0
62107.74	0
62108.74	0
62109.74	0
62110.74	0
62111.74	0
62112.74	0
62113.74	0
62114.74	0
62115.74	0
62116.74	0
62117.74	0
62118.74	0
62119.74	0
62120.74	0
62121.74	0
62122.74	0
62123.74	0
62124.74	0
62125.74	0
62126.74	0
62127.74	0
62128.74	0
62129.74	0
62130.74	0
62131.74	0
62132.74	0
62133.74	0
62134.74	0
62135.74	0
62136.74	0
62137.74	0
62138.74	0
62139.74	0
62140.74	0
62141.74	0
62142.74	0
62143.74	0
62144.74	0
62145.74	0
62146.74	0
62147.74	0
62148.74	0
62149.74	0
62150.74	0
62151.74	0
62152.74	0
62153.74	0
62154.74	0
62155.74	0
62156.74	0
62157.74	0
62158.74	0
62159.74	0
62160.74	0
62161.74	0
62162.74	0
62163.74	0
62164.74	0
62165.74	0
62166.74	0
62167.74	0
62168.74	0
62169.74	0
62170.74	0
62171.74	0
62172.74	0
62173.74	0
62174.74	0
62175.74	0
62176.74	0
62177.74	0
62178.74	0
62179.74	0
62180.74	0
62181.74	0
62182.74	0
62183.74	0
62184.74	0
62185.74	0
62186.74	0
62187.74	0
62188.74	0
62189.74	0
62190.74	0
62191.74	0
62192.74	0
62193.74	0
62194.74	0
62195.74	0
62196.74	0
62197.74	0
62198.74	0
62199.74	0
62200.74	0
62201.74	0
62202.74	0
62203.74	0
62204.74	0
62205.74	0
62206.74	0
62207.74	0
62208.74	0
62209.74	0
62210.74	0
62211.74	0
62212.74	0
62213.74	0
62214.74	0
62215.74	0
62216.74	0
62217.74	0
62218.74	0
62219.74	0
62220.74	0
62221.74	0
62222.74	0
62223.74	0
62224.74	0
62225.74	0
62226.74	0
62227.74	0
62228.74	0
62229.74	0
62230.74	0
62231.74	0
62232.74	0
62233.74	0
62234.74	0
62235.74	0
62236.74	0
62237.74	0
62238.74	0
62239.74	0
62240.74	0
62241.74	0
62242.74	0
62243.74	0
62244.74	0
62245.74	0
62246.74	0
62247.74	0
62248.74	0
62249.74	0
62250.74	0
62251.74	0
62252.74	0
62253.74	0
62254.74	0
62255.74	0
62256.74	0
62257.74	0
62258.74	0
62259.74	0
62260.74	0
62261.74	0
62262.74	0
62263.74	0
62264.74	0
62265.74	0
62266.74	0
62267.74	0
62268.74	0
62269.74	0
62270.74	0
62271.74	0
62272.74	0
62273.74	0
62274.74	0
62275.74	0
62276.74	0
62277.74	0
62278.74	0
62279.74	0
62280.74	0
62281.74	0
62282.74	0
62283.74	0
62284.74	0
62285.74	0
62286.74	0
62287.74	0
62288.74	0
62289.74	0
62290.74	0
62291.74	0
62292.74	0
62293.74	0
62294.74	0
62295.74	0
62296.74	0
62297.74	0
62298.74	0
62299.74	0
62300.74	0
62301.74	0
62302.74	0
62303.74	0
62304.74	0
62305.74	0
62306.74	0
62307.74	0
62308.74	0
62309.74	0
62310.74	0
62311.74	0
62312.74	0
62313.74	0
62314.74	0
62315.74	0
62316.74	0
62317.74	0
62318.74	0
62319.74	0
62320.74	0
62321.74	0
62322.74	0
62323.74	0
62324.74	0
62325.74	0
62326.74	0
62327.74	0
62328.74	0
62329.74	0
62330.74	0
62331.74	0
62332.74	0
62333.74	0
62334.74	0
62335.74	0
62336.74	0
62337.74	0
62338.74	0
62339.74	0
62340.74	0
62341.74	0
62342.74	0
62343.74	0
62344.74	0
62345.74	0
62346.74	0
62347.74	0
62348.74	0
62349.74	0
62350.74	0
62351.74	0
62352.74	0
62353.74	0
62354.74	0
62355.74	0
62356.74	0
62357.74	0
62358.74	0
62359.74	0
62360.74	0
62361.74	0
62362.74	0
62363.74	0
62364.74	0
62365.74	0
62366.74	0
62367.74	0
62368.74	0
62369.74	0
62370.74	0
62371.74	0
62372.74	0
62373.74	0
62374.74	0
62375.74	0
62376.74	0
62377.74	0
62378.74	0
62379.74	0
62380.74	0
62381.74	0
62382.74	0
62383.74	0
62384.74	0
62385.74	0
62386.74	0
62387.74	0
62388.74	0
62389.74	0
62390.74	0
62391.74	0
62392.74	0
62393.74	0
62394.74	0
62395.74	0
62396.74	0
62397.74	0
62398.74	0
62399.74	0
62400.74	0
62401.74	0
62402.74	0
62403.74	0
62404.74	0
62405.74	0
62406.74	0
62407.74	0
62408.74	0
62409.74	0
62410.74	0
62411.74	0
62412.74	0
62413.74	0
62414.74	0
62415.74	0
62416.74	0
62417.74	0
62418.74	0
62419.74	0
62420.74	0
62421.74	0
62422.74	0
62423.74	0
62424.74	0
62425.74	0
62426.74	0
62427.74	0
62428.74	0
62429.74	0
62430.74	0
62431.74	0
62432.74	0
62433.74	0
62434.74	0
62435.74	0
62436.74	0
62437.74	0
62438.74	0
62439.74	0
62440.74	0
62441.74	0
62442.74	0
62443.74	0
62444.74	0
62445.74	0
62446.74	0
62447.74	0
62448.74	0
62449.74	0
62450.74	0
62451.74	0
62452.74	0
62453.74	0
62454.74	0
62455.74	0
62456.74	0
62457.74	0
62458.74	0
62459.74	0
62460.74	0
62461.74	0
62462.74	0
62463.74	0
62464.74	0
62465.74	0
62466.74	0
62467.74	0
62468.74	0
62469.74	0
62470.74	0
62471.74	0
62472.74	0
62473.74	0
62474.74	0
62475.74	0
62476.74	0
62477.74	0
62478.74	0
62479.74	0
62480.74	0
62481.74	0
62482.74	0
62483.74	0
62484.74	0
62485.74	0
62486.74	0
62487.74	0
62488.74	0
62489.74	0
62490.74	0
62491.74	0
62492.74	0
62493.74	0
62494.74	0
62495.74	0
62496.74	0
62497.74	0
62498.74	0
62499.74	0
62500.74	0
62501.74	0
62502.74	0
62503.74	0
62504.74	0
62505.74	0
62506.74	0
62507.74	0
62508.74	0
62509.74	0
62510.74	0
62511.74	0
62512.74	0
62513.74	0
62514.74	0
62515.74	0
62516.74	0
62517.74	0
62518.74	0
62519.74	0
62520.74	0
62521.74	0
62522.74	0
62523.74	0
62524.74	0
62525.74	0
62526.74	0
62527.74	0
62528.74	0
62529.74	0
62530.74	0
62531.74	0
62532.74	0
62533.74	0
62534.74	0
62535.74	0
62536.74	0
62537.74	0
62538.74	0
62539.74	0
62540.74	0
62541.74	0
62542.74	0
62543.74	0
62544.74	0
62545.74	0
62546.74	0
62547.74	0
62548.74	0
62549.74	0
62550.74	0
62551.74	0
62552.74	0
62553.74	0
62554.74	0
62555.74	0
62556.74	0
62557.74	0
62558.74	0
62559.74	0
62560.74	0
62561.74	0
62562.74	0
62563.74	0
62564.74	0
62565.74	0
62566.74	0
62567.74	0
62568.74	0
62569.74	0
62570.74	0
62571.74	0
62572.74	0
62573.74	0
62574.74	0
62575.74	0
62576.74	0
62577.74	0
62578.74	0
62579.74	0
62580.74	0
62581.74	0
62582.74	0
62583.74	0
62584.74	0
62585.74	0
62586.74	0
62587.74	0
62588.74	0
62589.74	0
62590.74	0
62591.74	0
62592.74	0
62593.74	0
62594.74	0
62595.74	0
62596.74	0
62597.74	0
62598.74	0
62599.74	0
62600.74	0
62601.74	0
62602.74	0
62603.74	0
62604.74	0
62605.74	0
62606.74	0
62607.74	0
62608.74	0
62609.74	0
62610.74	0
62611.74	0
62612.74	0
62613.74	0
62614.74	0
62615.74	0
62616.74	0
62617.74	0
62618.74	0
62619.74	0
62620.74	0
62621.74	0
62622.74	0
62623.74	0
62624.74	0
62625.74	0
62626.74	0
62627.74	0
62628.74	0
62629.74	0
62630.74	0
62631.74	0
62632.74	0
62633.74	0
62634.74	0
62635.74	0
62636.74	0
62637.74	0
62638.74	0
62639.74	0
62640.74	0
62641.74	0
62642.74	0
62643.74	0
62644.74	0
62645.74	0
62646.74	0
62647.74	0
62648.74	0
62649.74	0
62650.74	0
62651.74	0
62652.74	0
62653.74	0
62654.74	0
62655.74	0
62656.74	0
62657.74	0
62658.74	0
62659.74	0
62660.74	0
62661.74	0
62662.74	0
62663.74	0
62664.74	0
62665.74	0
62666.74	0
62667.74	0
62668.74	0
62669.74	0
62670.74	0
62671.74	0
62672.74	0
62673.74	0
62674.74	0
62675.74	0
62676.74	0
62677.74	0
62678.74	0
62679.74	0
62680.74	0
62681.74	0
62682.74	0
62683.74	0
62684.74	0
62685.74	0
62686.74	0
62687.74	0
62688.74	0
62689.74	0
62690.74	0
62691.74	0
62692.74	0
62693.74	0
62694.74	0
62695.74	0
62696.74	0
62697.74	0
62698.74	0
62699.74	0
62700.74	0
62701.74	0
62702.74	0
62703.74	0
62704.74	0
62705.74	0
62706.74	0
62707.74	0
62708.74	0
62709.74	0
62710.74	0
62711.74	0
62712.74	0
62713.74	0
62714.74	0
62715.74	0
62716.74	0
62717.74	0
62718.74	0
62719.74	0
62720.74	0
62721.74	0
62722.74	0
62723.74	0
62724.74	0
62725.74	0
62726.74	0
62727.74	0
62728.74	0
62729.74	0
62730.74	0
62731.74	0
62732.74	0
62733.74	0
62734.74	0
62735.74	0
62736.74	0
62737.74	0
62738.74	0
62739.74	0
62740.74	0
62741.74	0
62742.74	0
62743.74	0
62744.74	0
62745.74	0
62746.74	0
62747.74	0
62748.74	0
62749.74	0
62750.74	0
62751.74	0
62752.74	0
62753.74	0
62754.74	0
62755.74	0
62756.74	0
62757.74	0
62758.74	0
62759.74	0
62760.74	0
62761.74	0
62762.74	0
62763.74	0
62764.74	0
62765.74	0
62766.74	0
62767.74	0
62768.74	0
62769.74	0
62770.74	0
62771.74	0
62772.74	0
62773.74	0
62774.74	0
62775.74	0
62776.74	0
62777.74	0
62778.74	0
62779.74	0
62780.74	0
62781.74	0
62782.74	0
62783.74	0
62784.74	0
62785.74	0
62786.74	0
62787.74	0
62788.74	0
62789.74	0
62790.74	0
62791.74	0
62792.74	0
62793.74	0
62794.74	0
62795.74	0
62796.74	0
62797.74	0
62798.74	0
62799.74	0
62800.74	0
62801.74	0
62802.74	0
62803.74	0
62804.74	0
62805.74	0
62806.74	0
62807.74	0
62808.74	0
62809.74	0
62810.74	0
62811.74	0
62812.74	0
62813.74	0
62814.74	0
62815.74	0
62816.74	0
62817.74	0
62818.74	0
62819.74	0
62820.74	0
62821.74	0
62822.74	0
62823.74	0
62824.74	0
62825.74	0
62826.74	0
62827.74	0
62828.74	0
62829.74	0
62830.74	0
62831.74	0
62832.74	0
62833.74	0
62834.74	0
62835.74	0
62836.74	0
62837.74	0
62838.74	0
62839.74	0
62840.74	0
62841.74	0
62842.74	0
62843.74	0
62844.74	0
62845.74	0
62846.74	0
62847.74	0
62848.74	0
62849.74	0
62850.74	0
62851.74	0
62852.74	0
62853.74	0
62854.74	0
62855.74	0
62856.74	0
62857.74	0
62858.74	0
62859.74	0
62860.74	0
62861.74	0
62862.74	0
62863.74	0
62864.74	0
62865.74	0
62866.74	0
62867.74	0
62868.74	0
62869.74	0
62870.74	0
62871.74	0
62872.74	0
62873.74	0
62874.74	0
62875.74	0
62876.74	0
62877.74	0
62878.74	0
62879.74	0
62880.74	0
62881.74	0
62882.74	0
62883.74	0
62884.74	0
62885.74	0
62886.74	0
62887.74	0
62888.74	0
62889.74	0
62890.74	0
62891.74	0
62892.74	0
62893.74	0
62894.74	0
62895.74	0
62896.74	0
62897.74	0
62898.74	0
62899.74	0
62900.74	0
62901.74	0
62902.74	0
62903.74	0
62904.74	0
62905.74	0
62906.74	0
62907.74	0
62908.74	0
62909.74	0
62910.74	0
62911.74	0
62912.74	0
62913.74	0
62914.74	0
62915.74	0
62916.74	0
62917.74	0
62918.74	0
62919.74	0
62920.74	0
62921.74	0
62922.74	0
62923.74	0
62924.74	0
62925.74	0
62926.74	0
62927.74	0
62928.74	0
62929.74	0
62930.74	0
62931.74	0
62932.74	0
62933.74	0
62934.74	0
62935.74	0
62936.74	0
62937.74	0
62938.74	0
62939.74	0
62940.74	0
62941.74	0
62942.74	0
62943.74	0
62944.74	0
62945.74	0
62946.74	0
62947.74	0
62948.74	0
62949.74	0
62950.74	0
62951.74	0
62952.74	0
62953.74	0
62954.74	0
62955.74	0
62956.74	0
62957.74	0
62958.74	0
62959.74	0
62960.74	0
62961.74	0
62962.74	0
62963.74	0
62964.74	0
62965.74	0
62966.74	0
62967.74	0
62968.74	0
62969.74	0
62970.74	0
62971.74	0
62972.74	0
62973.74	0
62974.74	0
62975.74	0
62976.74	0
62977.74	0
62978.74	0
62979.74	0
62980.74	0
62981.74	0
62982.74	0
62983.74	0
62984.74	0
62985.74	0
62986.74	0
62987.74	0
62988.74	0
62989.74	0
62990.74	0
62991.74	0
62992.74	0
62993.74	0
62994.74	0
62995.74	0
62996.74	0
62997.74	0
62998.74	0
62999.74	0
63000.74	0
63001.74	0
63002.74	0
63003.74	0
63004.74	0
63005.74	0
63006.74	0
63007.74	0
63008.74	0
63009.74	0
63010.74	0
63011.74	0
63012.74	0
63013.74	0
63014.74	0
63015.74	0
63016.74	0
63017.74	0
63018.74	0
63019.74	0
63020.74	0
63021.74	0
63022.74	0
63023.74	0
63024.74	0
63025.74	0
63026.74	0
63027.74	0
63028.74	0
63029.74	0
63030.74	0
63031.74	0
63032.74	0
63033.74	0
63034.74	0
63035.74	0
63036.74	0
63037.74	0
63038.74	0
63039.74	0
63040.74	0
63041.74	0
63042.74	0
63043.74	0
63044.74	0
63045.74	0
63046.74	0
63047.74	0
63048.74	0
63049.74	0
63050.74	0
63051.74	0
63052.74	0
63053.74	0
63054.74	0
63055.74	0
63056.74	0
63057.74	0
63058.74	0
63059.74	0
63060.74	0
63061.74	0
63062.74	0
63063.74	0
63064.74	0
63065.74	0
63066.74	0
63067.74	0
63068.74	0
63069.74	0
63070.74	0
63071.74	0
63072.74	0
63073.74	0
63074.74	0
63075.74	0
63076.74	0
63077.74	0
63078.74	0
63079.74	0
63080.74	0
63081.74	0
63082.74	0
63083.74	0
63084.74	0
63085.74	0
63086.74	0
63087.74	0
63088.74	0
63089.74	0
63090.74	0
63091.74	0
63092.74	0
63093.74	0
63094.74	0
63095.74	0
63096.74	0
63097.74	0
63098.74	0
63099.74	0
63100.74	0
63101.74	0
63102.74	0
63103.74	0
63104.74	0
63105.74	0
63106.74	0
63107.74	0
63108.74	0
63109.74	0
63110.74	0
63111.74	0
63112.74	0
63113.74	0
63114.74	0
63115.74	0
63116.74	0
63117.74	0
63118.74	0
63119.74	0
63120.74	0
63121.74	0
63122.74	0
63123.74	0
63124.74	0
63125.74	0
63126.74	0
63127.74	0
63128.74	0
63129.74	0
63130.74	0
63131.74	0
63132.74	0
63133.74	0
63134.74	0
63135.74	0
63136.74	0
63137.74	0
63138.74	0
63139.74	0
63140.74	0
63141.74	0
63142.74	0
63143.74	0
63144.74	0
63145.74	0
63146.74	0
63147.74	0
63148.74	0
63149.74	0
63150.74	0
63151.74	0
63152.74	0
63153.74	0
63154.74	0
63155.74	0
63156.74	0
63157.74	0
63158.74	0
63159.74	0
63160.74	0
63161.74	0
63162.74	0
63163.74	0
63164.74	0
63165.74	0
63166.74	0
63167.74	0
63168.74	0
63169.74	0
63170.74	0
63171.74	0
63172.74	0
63173.74	0
63174.74	0
63175.74	0
63176.74	0
63177.74	0
63178.74	0
63179.74	0
63180.74	0
63181.74	0
63182.74	0
63183.74	0
63184.74	0
63185.74	0
63186.74	0
63187.74	0
63188.74	0
63189.74	0
63190.74	0
63191.74	0
63192.74	0
63193.74	0
63194.74	0
63195.74	0
63196.74	0
63197.74	0
63198.74	0
63199.74	0
63200.74	0
63201.74	0
63202.74	0
63203.74	0
63204.74	0
63205.74	0
63206.74	0
63207.74	0
63208.74	0
63209.74	0
63210.74	0
63211.74	0
63212.74	0
63213.74	0
63214.74	0
63215.74	0
63216.74	0
63217.74	0
63218.74	0
63219.74	0
63220.74	0
63221.74	0
63222.74	0
63223.74	0
63224.74	0
63225.74	0
63226.74	0
63227.74	0
63228.74	0
63229.74	0
63230.74	0
63231.74	0
63232.74	0
63233.74	0
63234.74	0
63235.74	0
63236.74	0
63237.74	0
63238.74	0
63239.74	0
63240.74	0
63241.74	0
63242.74	0
63243.74	0
63244.74	0
63245.74	0
63246.74	0
63247.74	0
63248.74	0
63249.74	0
63250.74	0
63251.74	0
63252.74	0
63253.74	0
63254.74	0
63255.74	0
63256.74	0
63257.74	0
63258.74	0
63259.74	0
63260.74	0
63261.74	0
63262.74	0
63263.74	0
63264.74	0
63265.74	0
63266.74	0
63267.74	0
63268.74	0
63269.74	0
63270.74	0
63271.74	0
63272.74	0
63273.74	0
63274.74	0
63275.74	0
63276.74	0
63277.74	0
63278.74	0
63279.74	0
63280.74	0
63281.74	0
63282.74	0
63283.74	0
63284.74	0
63285.74	0
63286.74	0
63287.74	0
63288.74	0
63289.74	0
63290.74	0
63291.74	0
63292.74	0
63293.74	0
63294.74	0
63295.74	0
63296.74	0
63297.74	0
63298.74	0
63299.74	0
63300.74	0
63301.74	0
63302.74	0
63303.74	0
63304.74	0
63305.74	0
63306.74	0
63307.74	0
63308.74	0
63309.74	0
63310.74	0
63311.74	0
63312.74	0
63313.74	0
63314.74	0
63315.74	0
63316.74	0
63317.74	0
63318.74	0
63319.74	0
63320.74	0
63321.74	0
63322.74	0
63323.74	0
63324.74	0
63325.74	0
63326.74	0
63327.74	0
63328.74	0
63329.74	0
63330.74	0
63331.74	0
63332.74	0
63333.74	0
63334.74	0
63335.74	0
63336.74	0
63337.74	0
63338.74	0
63339.74	0
63340.74	0
63341.74	0
63342.74	0
63343.74	0
63344.74	0
63345.74	0
63346.74	0
63347.74	0
63348.74	0
63349.74	0
63350.74	0
63351.74	0
63352.74	0
63353.74	0
63354.74	0
63355.74	0
63356.74	0
63357.74	0
63358.74	0
63359.74	0
63360.74	0
63361.74	0
63362.74	0
63363.74	0
63364.74	0
63365.74	0
63366.74	0
63367.74	0
63368.74	0
63369.74	0
63370.74	0
63371.74	0
63372.74	0
63373.74	0
63374.74	0
63375.74	0
63376.74	0
63377.74	0
63378.74	0
63379.74	0
63380.74	0
63381.74	0
63382.74	0
63383.74	0
63384.74	0
63385.74	0
63386.74	0
63387.74	0
63388.74	0
63389.74	0
63390.74	0
63391.74	0
63392.74	0
63393.74	0
63394.74	0
63395.74	0
63396.74	0
63397.74	0
63398.74	0
63399.74	0
63400.74	0
63401.74	0
63402.74	0
63403.74	0
63404.74	0
63405.74	0
63406.74	0
63407.74	0
63408.74	0
63409.74	0
63410.74	0
63411.74	0
63412.74	0
63413.74	0
63414.74	0
63415.74	0
63416.74	0
63417.74	0
63418.74	0
63419.74	0
63420.74	0
63421.74	0
63422.74	0
63423.74	0
63424.74	0
63425.74	0
63426.74	0
63427.74	0
63428.74	0
63429.74	0
63430.74	0
63431.74	0
63432.74	0
63433.74	0
63434.74	0
63435.74	0
63436.74	0
63437.74	0
63438.74	0
63439.74	0
63440.74	0
63441.74	0
63442.74	0
63443.74	0
63444.74	0
63445.74	0
63446.74	0
63447.74	0
63448.74	0
63449.74	0
63450.74	0
63451.74	0
63452.74	0
63453.74	0
63454.74	0
63455.74	0
63456.74	0
63457.74	0
63458.74	0
63459.74	0
63460.74	0
63461.74	0
63462.74	0
63463.74	0
63464.74	0
63465.74	0
63466.74	0
63467.74	0
63468.74	0
63469.74	0
63470.74	0
63471.74	0
63472.74	0
63473.74	0
63474.74	0
63475.74	0
63476.74	0
63477.74	0
63478.74	0
63479.74	0
63480.74	0
63481.74	0
63482.74	0
63483.74	0
63484.74	0
63485.74	0
63486.74	0
63487.74	0
63488.74	0
63489.74	0
63490.74	0
63491.74	0
63492.74	0
63493.74	0
63494.74	0
63495.74	0
63496.74	0
63497.74	0
63498.74	0
63499.74	0
63500.74	0
63501.74	0
63502.74	0
63503.74	0
63504.74	0
63505.74	0
63506.74	0
63507.74	0
63508.74	0
63509.74	0
63510.74	0
63511.74	0
63512.74	0
63513.74	0
63514.74	0
63515.74	0
63516.74	0
63517.74	0
63518.74	0
63519.74	0
63520.74	0
63521.74	0
63522.74	0
63523.74	0
63524.74	0
63525.74	0
63526.74	0
63527.74	0
63528.74	0
63529.74	0
63530.74	0
63531.74	0
63532.74	0
63533.74	0
63534.74	0
63535.74	0
63536.74	0
63537.74	0
63538.74	0
63539.74	0
63540.74	0
63541.74	0
63542.74	0
63543.74	0
63544.74	0
63545.74	0
63546.74	0
63547.74	0
63548.74	0
63549.74	0
63550.74	0
63551.74	0
63552.74	0
63553.74	0
63554.74	0
63555.74	0
63556.74	0
63557.74	0
63558.74	0
63559.74	0
63560.74	0
63561.74	0
63562.74	0
63563.74	0
63564.74	0
63565.74	0
63566.74	0
63567.74	0
63568.74	0
63569.74	0
63570.74	0
63571.74	0
63572.74	0
63573.74	0
63574.74	0
63575.74	0
63576.74	0
63577.74	0
63578.74	0
63579.74	0
63580.74	0
63581.74	0
63582.74	0
63583.74	0
63584.74	0
63585.74	0
63586.74	0
63587.74	0
63588.74	0
63589.74	0
63590.74	0
63591.74	0
63592.74	0
63593.74	0
63594.74	0
63595.74	0
63596.74	0
63597.74	0
63598.74	0
63599.74	0
63600.74	0
63601.74	0
63602.74	0
63603.74	0
63604.74	0
63605.74	0
63606.74	0
63607.74	0
63608.74	0
63609.74	0
63610.74	0
63611.74	0
63612.74	0
63613.74	0
63614.74	0
63615.74	0
63616.74	0
63617.74	0
63618.74	0
63619.74	0
63620.74	0
63621.74	0
63622.74	0
63623.74	0
63624.74	0
63625.74	0
63626.74	0
63627.74	0
63628.74	0
63629.74	0
63630.74	0
63631.74	0
63632.74	0
63633.74	0
63634.74	0
63635.74	0
63636.74	0
63637.74	0
63638.74	0
63639.74	0
63640.74	0
63641.74	0
63642.74	0
63643.74	0
63644.74	0
63645.74	0
63646.74	0
63647.74	0
63648.74	0
63649.74	0
63650.74	0
63651.74	0
63652.74	0
63653.74	0
63654.74	0
63655.74	0
63656.74	0
63657.74	0
63658.74	0
63659.74	0
63660.74	0
63661.74	0
63662.74	0
63663.74	0
63664.74	0
63665.74	0
63666.74	0
63667.74	0
63668.74	0
63669.74	0
63670.74	0
63671.74	0
63672.74	0
63673.74	0
63674.74	0
63675.74	0
63676.74	0
63677.74	0
63678.74	0
63679.74	0
63680.74	0
63681.74	0
63682.74	0
63683.74	0
63684.74	0
63685.74	0
63686.74	0
63687.74	0
63688.74	0
63689.74	0
63690.74	0
63691.74	0
63692.74	0
63693.74	0
63694.74	0
63695.74	0
63696.74	0
63697.74	0
63698.74	0
63699.74	0
63700.74	0
63701.74	0
63702.74	0
63703.74	0
63704.74	0
63705.74	0
63706.74	0
63707.74	0
63708.74	0
63709.74	0
63710.74	0
63711.74	0
63712.74	0
63713.74	0
63714.74	0
63715.74	0
63716.74	0
63717.74	0
63718.74	0
63719.74	0
63720.74	0
63721.74	0
63722.74	0
63723.74	0
63724.74	0
63725.74	0
63726.74	0
63727.74	0
63728.74	0
63729.74	0
63730.74	0
63731.74	0
63732.74	0
63733.74	0
63734.74	0
63735.74	0
63736.74	0
63737.74	0
63738.74	0
63739.74	0
63740.74	0
63741.74	0
63742.74	0
63743.74	0
63744.74	0
63745.74	0
63746.74	0
63747.74	0
63748.74	0
63749.74	0
63750.74	0
63751.74	0
63752.74	0
63753.74	0
63754.74	0
63755.74	0
63756.74	0
63757.74	0
63758.74	0
63759.74	0
63760.74	0
63761.74	0
63762.74	0
63763.74	0
63764.74	0
63765.74	0
63766.74	0
63767.74	0
63768.74	0
63769.74	0
63770.74	0
63771.74	0
63772.74	0
63773.74	0
63774.74	0
63775.74	0
63776.74	0
63777.74	0
63778.74	0
63779.74	0
63780.74	0
63781.74	0
63782.74	0
63783.74	0
63784.74	0
63785.74	0
63786.74	0
63787.74	0
63788.74	0
63789.74	0
63790.74	0
63791.74	0
63792.74	0
63793.74	0
63794.74	0
63795.74	0
63796.74	0
63797.74	0
63798.74	0
63799.74	0
63800.74	0
63801.74	0
63802.74	0
63803.74	0
63804.74	0
63805.74	0
63806.74	0
63807.74	0
63808.74	0
63809.74	0
63810.74	0
	
